date,open,high,low,close,ret,n_members,n_missing
2015-01-05,1013.670311569421,1013.670311569421,1013.670311569421,1013.670311569421,0.013670311569421001,22,17
2015-01-06,1013.6822090987633,1064.7714326793446,998.0226641357431,1047.8218189604272,0.03369094172061815,22,17
2015-01-07,1042.590971936105,1061.1825367256076,1025.6051962440808,1046.888564378938,-0.0008906615271812024,22,17
2015-01-08,1051.5360239495078,1069.248024583299,1031.57633527327,1045.9834080800028,-0.0008646157095739682,22,17
2015-01-09,1047.0088657771469,1068.5800652774162,1026.89151268001,1031.195262164895,-0.014138031063277379,22,17
2015-01-12,1025.625185632476,1040.5494850974587,998.6338063188875,1014.3188969945935,-0.016365828848816877,22,17
2015-01-13,1014.6814508620969,1046.0732562144663,1006.2665589897875,1034.5617280792956,0.019957067885337798,22,17
2015-01-14,1035.3844638058486,1052.1658313916294,1017.6954801355405,1033.4035411063617,-0.001119495281431182,22,17
2015-01-15,1035.309965706947,1057.4654570528246,1023.3786952228098,1044.551458212015,0.010787573936236416,22,17
2015-01-16,1048.430243214568,1082.9438893414983,1037.1016431119904,1069.494799399796,0.023879475722983434,22,17
2015-01-19,1047.0304252128144,1100.2162189038145,1018.8788393734111,1045.6609967156994,-0.022285103861629074,22,17
2015-01-20,1049.3183499614604,1094.4502379349342,1045.1652658619466,1086.2881523221151,0.03885308501896967,22,17
2015-01-21,1089.5902098614386,1120.05790295096,1078.678228226617,1109.7323921341142,0.021581971378297204,22,17
2015-01-22,1111.6560812104467,1128.2785272969456,1095.958846928833,1115.656048296238,0.005337914081008144,22,17
2015-01-23,1117.1136258010736,1135.4488696489188,1095.5966974667942,1106.6581588928063,-0.008065110584191681,22,17
2015-01-26,1105.4794607464821,1137.0481647547904,1097.3489002892234,1129.465057608943,0.020608801853459813,22,17
2015-01-27,1130.8338587858898,1145.186752689182,1103.0128268853462,1124.997718933602,-0.003955269483766233,22,17
2015-01-28,1120.5340209380383,1140.0169453141582,1102.5545482148668,1118.1380253748473,-0.0060975177489756005,21,18
2015-01-29,1104.0851835278613,1125.2297283637276,1089.5542326712955,1108.33194075936,-0.00877001263971866,22,17
2015-01-30,1108.7469139102614,1127.6772698485818,1083.9962526448203,1096.848273384126,-0.010361216665258133,22,17
2015-02-02,1083.5008219512913,1110.076210788364,1065.250198898572,1090.086872083938,-0.0061643907040369594,22,17
2015-02-03,1094.353280635501,1117.193293898922,1081.5748474231377,1104.0451208586267,0.01280471229600666,22,17
2015-02-04,1103.9655251669883,1121.34816595647,1083.9588623600878,1095.5282548237242,-0.007714237284322967,22,17
2015-02-05,1105.1724945733147,1120.6273502565132,1073.1516220404155,1084.9220749061576,-0.009681338542266271,22,17
2015-02-06,1080.632638384657,1098.0976017781302,1053.249489770228,1068.095300633071,-0.015509661626658233,22,17
2015-02-09,1064.1330558325094,1083.3949467742043,1046.8686450599678,1060.1510035990875,-0.007437816671672315,22,17
2015-02-10,1062.1437850589869,1078.1988137778949,1049.19695429397,1068.5615323776017,0.00793333095942117,22,17
2015-02-11,1070.4614897207207,1084.047025491013,1058.1109501246272,1073.4991270700446,0.004620786489905271,22,17
2015-02-12,1074.391961851626,1096.2815024344554,1065.9110555863613,1085.5225719837138,0.01120023725262409,22,17
2015-02-13,1089.9447690814472,1112.0388835480223,1084.7098415814637,1096.6888755060372,0.010286569630623132,22,17
2015-02-16,1099.3505005414715,1128.6154982896599,1093.3135459239713,1122.3678492366516,0.023415003383494115,22,17
2015-02-17,1127.0558629666475,1143.5321890860232,1112.9534873901603,1125.08611376572,0.0024219016349382727,22,17
2015-02-25,1128.0828862863468,1146.825999751142,1109.5260720463357,1126.2013652947387,0.0009912588159903812,22,17
2015-02-26,1124.0092177307183,1151.5006278020778,1112.388558491949,1141.1822252175596,0.013302114865488823,22,17
2015-02-27,1141.4820738313795,1169.4943183147975,1132.5310765099887,1153.594254958462,0.010876466060042222,22,17
2015-03-02,1161.5568163815713,1187.6853552288003,1145.1680590987705,1176.8543472224003,0.020163148493467453,22,17
2015-03-03,1174.5321562025592,1188.187442890472,1147.5917465640446,1156.8791438164117,-0.01697338625899958,22,17
2015-03-04,1154.1664907778388,1174.392666052811,1142.8753314405085,1166.2009940095481,0.008057756285920092,22,17
2015-03-05,1165.5631719843923,1188.7393995750522,1145.1289712370922,1172.2978646539063,0.0052279758598012815,22,17
2015-03-06,1173.0285034630485,1194.758951348161,1145.6767324749965,1161.8535346249398,-0.008909280093289174,22,17
2015-03-09,1156.1728517118304,1186.1403975625499,1140.598274506357,1175.9293239894869,0.012114943015679502,22,17
2015-03-10,1180.3649103397142,1202.4969374437344,1167.3695414472695,1184.6353131952512,0.007403496985880276,23,16
2015-03-11,1189.4555211795214,1203.776219636262,1171.5649232565825,1186.6895548858547,0.0017340709564555024,23,16
2015-03-12,1192.8874237290647,1207.159649264438,1169.0493340157896,1187.8429561359362,0.0009719485987997878,23,16
2015-03-13,1197.1237139757357,1220.585488122197,1185.0931059594532,1211.2731112810966,0.019724960293891813,23,16
2015-03-16,1217.704125697934,1255.2365496154466,1210.703556114315,1245.1710356095261,0.027985368462920546,23,16
2015-03-17,1249.1125781123478,1282.6881056172265,1230.7344261049695,1259.670531625233,0.011644581829362233,22,17
2015-03-18,1265.5198975088815,1297.6523251928872,1250.6391894965197,1282.7579233133424,0.018328119225208717,23,16
2015-03-19,1282.3306469614306,1334.4069121855491,1269.0220375920426,1314.147246183078,0.024470184357667124,23,16
2015-03-20,1322.6299086651015,1360.5169994046912,1300.4278880175095,1328.8690095240104,0.011202521927197617,23,16
2015-03-23,1337.6095716274017,1383.2839291552746,1319.3910630639655,1369.9092073761283,0.03088355402826215,23,16
2015-03-24,1371.0284668362945,1410.2794921205932,1313.685019264569,1383.0983861024126,0.009627775808257022,23,16
2015-03-25,1383.1566095539908,1427.7714353485426,1353.0863659081906,1402.6191061867223,0.014113761016900206,22,17
2015-03-26,1397.9713733998585,1437.0007811613602,1351.89415179198,1384.8604543264323,-0.012661065133049765,22,17
2015-03-27,1379.9426316989716,1434.1946776428417,1356.4192807350244,1407.7989884057945,0.016563787353231163,22,17
2015-03-30,1417.3847328534137,1475.5299041874302,1401.2825467383248,1439.514272970422,0.022528276285055604,22,17
2015-03-31,1438.796164710658,1465.550883538319,1405.2362374816216,1431.1459145111717,-0.0058133209349723325,22,17
2015-04-01,1430.437781420465,1543.9278089908985,1423.4027940446047,1525.6656855289411,0.06604481769425607,22,17
2015-04-02,1544.4230733329982,1592.3610821944185,1512.091661618186,1566.5991579907172,0.026829909625701864,22,17
2015-04-03,1557.5947211992393,1604.3023255590795,1527.3672506259882,1577.7301569054075,0.007105199091876457,22,17
2015-04-07,1579.8860570269287,1628.4350588076718,1553.6155114274013,1599.6232593254213,0.013876328803244409,22,17
2015-04-08,1596.3285825918185,1615.985004935615,1516.7613959584219,1555.5290033797212,-0.027565400595822243,22,17
2015-04-09,1548.5731832831339,1560.3272704793922,1441.8293577339812,1505.7698008138998,-0.031988604813995014,22,17
2015-04-10,1500.8839899882496,1569.6822783003554,1484.0899410399438,1551.4595422327916,0.030343111805134937,22,17
2015-04-13,1559.4159802430077,1610.7165406011695,1534.7690173467279,1589.047689720165,0.024227604049073648,21,18
2015-04-14,1593.753285874203,1636.1820265874264,1558.3270224440464,1584.3848754570186,-0.002934345075551237,22,17
2015-04-15,1575.0011343898507,1585.0515780081892,1483.8418150064192,1498.6682410653243,-0.05410089159489673,22,17
2015-04-16,1478.5831501647242,1554.259712879255,1452.3304241351339,1526.7871657869869,0.018762607994998515,22,17
2015-04-17,1538.5920974254982,1571.0855100753672,1504.3986948396268,1533.146882899004,0.004165424791698902,22,17
2015-04-20,1525.5547000621002,1573.1177246624707,1475.0052243380674,1518.5688338885707,-0.009508579492962688,22,17
2015-04-21,1519.0499951144927,1587.0865081181782,1505.2066717196662,1571.912320465329,0.03512747357007351,22,17
2015-04-22,1592.068470982382,1655.2323638378552,1575.8971271699525,1628.2092619489626,0.03581430131355434,23,16
2015-04-23,1637.9456303018064,1683.0117683908768,1606.5511850717203,1635.30896442203,0.004360436117756272,23,16
2015-04-24,1619.3058767173607,1675.6283048052449,1588.2478374548975,1645.2387323418861,0.006072105110342729,24,15
2015-04-27,1670.986677643884,1713.670563120251,1633.6221800034152,1668.4607861984618,0.014114701653978656,24,15
2015-04-28,1678.0912743136766,1693.5951191624893,1578.47540503984,1599.1396052435528,-0.041547983343891204,24,15
2015-04-29,1592.6924740417676,1644.1353686601524,1569.138451966531,1619.8180986840416,0.012931012009635978,24,15
2015-04-30,1636.4930300393687,1674.1061245067867,1610.063253337459,1627.820255400273,0.004940157615680674,24,15
2015-05-04,1641.0465415376816,1682.9280175917793,1604.9509059379166,1660.176589190267,0.01987709250001779,24,15
2015-05-05,1669.028280556781,1692.349755291794,1588.434496307825,1604.778898476961,-0.03336855312501752,24,15
2015-05-06,1611.6545365573063,1650.5194744049647,1536.5796259676254,1567.177975752594,-0.023430593934188004,24,15
2015-05-07,1553.9213909727214,1582.5031931970204,1509.0241570734443,1527.3094296662418,-0.025439705447114935,24,15
2015-05-08,1542.7274703751325,1600.3517455510757,1528.2905254419734,1592.9093106720359,0.04295127086338302,24,15
2015-05-11,1620.1073423077005,1683.4851616119124,1597.4237359566882,1671.9719725047153,0.04963412625124497,24,15
2015-05-12,1681.7664948709862,1724.4570603031707,1653.053342113421,1700.3795279322494,0.016990449537845898,24,15
2015-05-13,1698.0829418793255,1751.7824279025206,1657.5341076562281,1706.0092632150008,0.0033108698324528785,24,15
2015-05-14,1716.6315041659582,1769.3707482240977,1691.8260900210098,1741.8623956935596,0.021015790037970383,24,15
2015-05-15,1740.4316685175245,1780.0677468822548,1679.6562315107285,1727.0900059749194,-0.008480801787306702,24,15
2015-05-18,1739.6466020963917,1801.3261229481113,1716.2020760087182,1765.572096008965,0.022281461823596693,23,16
2015-05-19,1775.534930782685,1862.2260270249137,1740.3875203834486,1839.2009449379418,0.041702544515408446,23,16
2015-05-20,1845.845748455481,1938.3444550922413,1822.1800305516813,1861.6752086889053,0.012219580363320048,23,16
2015-05-21,1861.2046372217571,1941.70937746326,1842.6869736675603,1922.6466678358765,0.0327508573259192,23,16
2015-05-22,1948.4290171777445,2005.1114538296592,1890.5955510773324,1961.6945448486122,0.020309439932969076,23,16
2015-05-25,1949.98759792352,2051.0413379818724,1917.9056492895897,2022.9089395039575,0.03120485542262097,22,17
2015-05-26,2034.778182733136,2135.960734624084,2011.3365682689043,2100.1778799212398,0.03819694446366406,23,16
2015-05-27,2116.403601102017,2154.6688614924497,2033.3833890100534,2097.6142121895928,-0.0012206907596528094,23,16
2015-05-28,2103.1480485477846,2183.989891065197,1938.2074201526455,1952.215949237384,-0.06931601726727188,23,16
2015-05-29,1938.540303859512,2041.5519725796628,1842.3453350289767,1980.85415189357,0.01466958748460856,23,16
2015-06-01,2003.9452876447292,2129.7291386843417,1982.5144938890892,2109.6383645562323,0.06501448505916141,23,16
2015-06-02,2123.8249939789503,2243.618421513563,2089.154738389185,2223.625538521475,0.05403161787362576,23,16
2015-06-03,2249.647980935076,2325.373135474705,2156.2980602536786,2271.1255360620617,0.021361509263906786,23,16
2015-06-04,2269.022489217112,2333.348945266737,2087.871020228015,2279.417097057689,0.00365085983313973,23,16
2015-06-05,2316.158333314483,2393.7288595298464,2232.5393131374512,2318.052232393052,0.016949568108984625,23,16
2015-06-08,2331.0755366125622,2364.237956045321,2192.71742694459,2248.7407624907432,-0.029900736891832036,23,16
2015-06-09,2240.746995258765,2318.7482306575394,2189.1214061724168,2272.207474502231,0.010435490120922486,23,16
2015-06-10,2259.8563175180125,2356.4474994605407,2209.520665518304,2301.0823669985516,0.012707859128333387,22,17
2015-06-11,2295.6800217490822,2357.9333803874615,2242.505537957503,2319.509602563219,0.008008072995971505,23,16
2015-06-12,2320.530007693651,2407.7972720262146,2277.182190374124,2361.788469300027,0.018227502352258895,23,16
2015-06-15,2376.848357486208,2452.2516073310803,2309.228200230552,2348.319830804091,-0.005702728534333068,23,16
2015-06-16,2310.2012177857146,2349.8589570088793,2163.033134726535,2211.872527620052,-0.058104224728757536,23,16
2015-06-17,2214.3102863086187,2307.4910281540506,2119.4159349114575,2276.412379428592,0.02917882970316721,23,16
2015-06-18,2266.3122639083567,2315.7641622153033,2145.8240884893867,2167.3575735538657,-0.04790643683904949,23,16
2015-06-19,2106.6351913883755,2158.7161483279433,1963.743473001621,1976.2645740680705,-0.0881686537641575,22,17
2015-06-23,1968.4869970094685,2039.4668453979496,1819.8181206862655,1991.0882485633267,0.007500855244671145,21,18
2015-06-24,2021.5629539377446,2090.123263419283,1964.7196065790865,2046.952914502078,0.028057353047540978,21,18
2015-06-25,2058.9356672048393,2098.862588734148,1914.8410961871982,1958.6058338039777,-0.043160289654044504,21,18
2015-06-26,1885.477296290811,1914.5362398023017,1762.6886067025246,1762.7151331372422,-0.10001537690014906,21,18
2015-06-29,1813.5469591190094,1826.8821123356543,1586.7353399688081,1601.0554125936483,-0.09171063293470194,21,18
2015-06-30,1570.382096290101,1725.302833441855,1450.2728460263925,1704.620493662774,0.06468550698151931,21,18
2015-07-01,1683.8798525604047,1773.8766774551739,1567.2123587803758,1585.187696683384,-0.07006415646380082,21,18
2015-07-02,1579.9588027069044,1623.7424726869608,1435.9143183785948,1466.357992085978,-0.07496254534780211,21,18
2015-07-03,1395.9174510079358,1511.542478136265,1322.796031669515,1366.1665049978797,-0.06832675760546725,21,18
2015-07-06,1498.2288668467845,1499.9600176450922,1248.78544397372,1320.6854506469738,-0.03329100383044192,20,19
2015-07-07,1246.4093550909097,1270.6668775263988,1188.625089341678,1190.7927631865932,-0.09835247855327633,20,19
2015-07-08,1071.7741155889266,1131.244820209266,1071.7741155889266,1085.0900999755897,-0.08876663217883562,18,21
2015-07-09,1040.218093238583,1193.7830435303297,1026.6142913447811,1193.7830435303297,0.10016950993948348,16,23
2015-07-10,1251.7154259093115,1313.2530180835445,1216.1694783109592,1313.2530180835445,0.10007678966515621,15,24
2015-07-13,1403.4980631715832,1444.117299313906,1359.99159694245,1443.0501797443626,0.09883637035171922,17,22
2015-07-14,1481.8173227584796,1550.5849660897613,1432.5841484473453,1484.7000196808294,0.028862364262235873,18,21
2015-07-15,1467.896981982826,1483.1416465300592,1346.7489579060693,1356.0003523177027,-0.08668395342972623,18,21
2015-07-16,1316.1082470001659,1438.4824700898798,1243.726649888011,1381.431394621754,0.01875445110363283,19,20
2015-07-17,1397.8322953728577,1496.88875227531,1387.8617054579809,1478.0611346958553,0.06994899670754862,20,19
2015-07-20,1497.8507245106314,1555.692732825902,1458.414063068222,1513.0506059829731,0.023672546734217148,19,20
2015-07-21,1496.3915667895296,1593.795811761109,1467.0476978453598,1568.0996057700124,0.03638278823547747,19,20
2015-07-22,1568.0717443531737,1624.2631731941613,1513.551941383691,1587.8055774350676,0.0125667856764613,19,20
2015-07-23,1586.2080039687914,1670.676139363209,1568.4367540952098,1650.98118644871,0.039788000440013516,19,20
2015-07-24,1657.4849740158245,1703.9580579883623,1580.5551241776982,1609.0084516072836,-0.025422903171725797,19,20
2015-07-27,1568.9627654426483,1629.252671599535,1448.2823934060962,1450.1457706869478,-0.09873327934458231,19,20
2015-07-28,1361.2538062255337,1473.9673003326084,1326.648459864916,1391.6750114174222,-0.040320608073647346,19,20
2015-07-29,1421.5423675862055,1495.47851727585,1338.0300743758132,1487.3909237119533,0.06877748864445343,19,20
2015-07-30,1479.9485326005727,1529.816254714495,1408.79460715788,1431.6985444750685,-0.03744300059186734,19,20
2015-07-31,1401.695405721914,1465.1984726584656,1372.0846550857284,1416.6807331270672,-0.010489506611538468,19,20
2015-08-03,1400.694505983727,1436.3049527414553,1328.5384437185407,1370.1692463976785,-0.0328313117005008,19,20
2015-08-04,1380.3260581253662,1485.345460697582,1367.6517514657953,1479.7925286180487,0.0800071104417075,20,19
2015-08-05,1482.7391104350531,1533.7484283488182,1448.5676867014542,1472.2144843272727,-0.005121018078022788,20,19
2015-08-06,1443.802480636232,1530.3050894291368,1424.748216398182,1501.6050806548367,0.01996352884749264,20,19
2015-08-07,1543.7114002715168,1608.1549622108669,1530.3800302921663,1590.3957603078816,0.05913051360636312,20,19
2015-08-10,1620.5257760043432,1701.3483780191245,1592.8935738354198,1681.1490543354225,0.057063340014168684,20,19
2015-08-11,1679.711587460642,1739.3862215017205,1643.5608556819632,1679.4585619950262,-0.0010055576785632514,20,19
2015-08-12,1658.9208800125193,1713.895629061706,1621.4105526746525,1638.5926445065832,-0.024332792968644767,20,19
2015-08-13,1633.3474198157621,1699.4201006268602,1599.219084379729,1692.8738536260344,0.03312672573102904,20,19
2015-08-14,1707.6189909458733,1753.0835462333848,1672.2067118515718,1700.243442528364,0.004353300682472305,20,19
2015-08-17,1688.875723378816,1740.8740804368488,1647.9072916103712,1710.7704957554824,0.00619149761957849,20,19
2015-08-18,1711.5285022812561,1745.0039913470098,1547.241591808191,1554.647368639103,-0.09125895466617506,20,19
2015-08-19,1485.1430828924895,1617.8577736598966,1419.9202497277943,1590.328408823665,0.022951211254933268,20,19
2015-08-20,1566.9167002837364,1606.485146168095,1501.9101728833423,1521.513888900571,-0.04327063488351757,20,19
2015-08-21,1485.5740071090192,1533.5148408044604,1410.0627135227667,1436.56485986931,-0.055831911657831745,20,19
2015-08-24,1357.4916685902087,1387.199089374062,1293.004790422051,1293.004790422051,-0.09993288396342881,20,19
2015-08-25,1170.6597175343684,1221.8777147245626,1165.5151567149587,1168.7308130460983,-0.09611254211625031,20,19
2015-08-26,1167.8142362760893,1224.583521909331,1084.3220072573624,1107.4729751211428,-0.05241398382001883,20,19
2015-08-27,1139.9816781148372,1183.5892760478523,1074.7534369601751,1167.8680893424214,0.054534165237460686,20,19
2015-08-28,1192.0624805017428,1272.695493609497,1169.235068957932,1265.9646500694203,0.083996267748212,20,19
2015-08-31,1254.847174100384,1300.8279842882284,1197.0401636946317,1248.0086349195149,-0.014183662354964377,20,19
2015-09-01,1228.8989213869545,1236.4480715129469,1129.7997695666563,1153.2006705205777,-0.07596739457259571,20,19
2015-09-02,1081.7290898806755,1194.3026397447952,1062.4395182349315,1110.4302264192224,-0.037088466209482696,20,19
2015-09-07,1134.5485282869488,1187.4845290747649,1109.0598469195616,1126.6162150821417,0.0145763221117583,20,19
2015-09-08,1119.628398491929,1199.0876320570492,1098.5279040321784,1193.3425559712202,0.05922721508514206,20,19
2015-09-09,1209.6757093753151,1264.595714803924,1191.8461553341667,1245.8019098358352,0.043960012656986125,20,19
2015-09-10,1216.034275117291,1247.1727028221003,1196.192649058717,1206.4949614728034,-0.031551523603147835,20,19
2015-09-11,1200.509026076308,1232.6659028539405,1181.5830253878003,1212.5541395188056,0.00502213290522624,20,19
2015-09-14,1222.3116693186605,1235.3368914300597,1096.967843124207,1114.235192959061,-0.08108417047568861,20,19
2015-09-15,1084.1204546695776,1107.1017523679086,1019.6622924388766,1032.3194372907635,-0.07351747295896716,20,19
2015-09-16,1038.4853789103727,1134.0633976222634,1024.6433511589003,1124.4684470222035,0.0892640459945977,20,19
2015-09-17,1120.0052311583636,1159.8956094200812,1083.5323954124842,1089.0593497406917,-0.031489631723577105,20,19
2015-09-18,1097.6032460346744,1127.5645590289275,1071.0228151330841,1108.0628564293083,0.017449468381260713,21,18
2015-09-21,1088.8176517734462,1174.138454429491,1074.706350876463,1167.416294328399,0.05356504602126555,21,18
2015-09-22,1178.0191360626538,1207.6415403288336,1152.7405422897032,1182.2069836817914,0.012669593036562343,21,18
2015-09-23,1156.5153564413095,1208.1676133638125,1135.409292850771,1177.8704050287329,-0.003668205917336853,21,18
2015-09-24,1200.2518222405718,1229.9329482679295,1174.1613137029617,1197.7727754537236,0.01689691016942163,21,18
2015-09-25,1185.9102618060992,1204.8722573230102,1124.360177207217,1143.7027313025646,-0.045142154888832664,21,18
2015-09-28,1145.8859427948735,1181.0000343370054,1116.8355570477333,1171.4533357793257,0.024263826357357576,21,18
2015-09-29,1145.820252532677,1165.9291525820286,1124.6832217003716,1137.360259168693,-0.02910323063611575,21,18
2015-09-30,1149.2536155712662,1164.0912884819957,1130.5420486202843,1145.257513726005,0.006943494370978298,21,18
2015-10-08,1194.628416973638,1229.4574415087418,1174.570961248779,1210.329368988085,0.05681853599054221,21,18
2015-10-09,1210.5990603681976,1259.5480029885143,1197.7243907951847,1247.8087804308716,0.030966290997401558,21,18
2015-10-12,1257.337676754535,1334.7292846907897,1248.7129759412373,1306.935439842708,0.04738439121370819,21,18
2015-10-13,1291.5483004896116,1373.9007746171033,1278.3358915337342,1366.9044578762146,0.045885218355333546,21,18
2015-10-14,1368.6657255800271,1421.7874766406612,1321.4868960474337,1356.8807303240358,-0.007333158871800638,21,18
2015-10-15,1337.909746364102,1407.7534792531044,1326.721368105534,1398.2129464502834,0.03046120060705504,21,18
2015-10-16,1407.2496379127392,1465.1798010196278,1381.6871486485834,1423.7905700662175,0.018293081666043154,21,18
2015-10-19,1422.6004049581495,1457.4049393648754,1375.9862459045064,1414.90998956142,-0.006237280040690685,21,18
2015-10-20,1416.8346198075544,1462.1515507517047,1391.855291795896,1444.4714968017472,0.02089285357967574,21,18
2015-10-21,1442.944724307972,1465.0964228835287,1315.8952190691543,1329.8344764250476,-0.07936260468311163,21,18
2015-10-22,1329.497841233433,1397.9549964844803,1310.4526424843755,1389.1707474901243,0.044619290683896695,21,18
2015-10-23,1394.6373408604884,1444.2620021591886,1370.1193844316667,1425.8028231901178,0.026369743075988605,21,18
2015-10-26,1446.0495804305253,1496.3554047026535,1405.4301756733598,1468.9907219927404,0.030290232352039537,21,18
2015-10-27,1451.5871790160706,1479.1851813359424,1372.6044218455613,1456.5816716991872,-0.008447330611264903,20,19
2015-10-28,1443.5474881554526,1499.6633657258305,1411.2393597676987,1432.2361201410763,-0.016714168543470853,20,19
2015-10-29,1440.7171336683011,1465.920858596377,1407.4764864471783,1434.8386049622195,0.0018170780533637299,20,19
2015-10-30,1428.288756175061,1452.7450935909796,1387.9489528771032,1415.613573990104,-0.01339874108880823,20,19
2015-11-02,1388.8368797115804,1440.8637935656116,1362.9842729876464,1385.8668307857267,-0.021013321538399632,21,18
2015-11-03,1384.1344930173238,1420.4518390285161,1354.8451182634299,1380.544508645595,-0.003840428258979345,21,18
2015-11-04,1384.5468996510688,1464.4622432217568,1374.545308863683,1455.9974405072953,0.054654472484718886,22,17
2015-11-05,1457.7999135386633,1504.6362213095442,1427.4141138541709,1467.312278590401,0.00777119366306267,22,17
2015-11-06,1471.9431240993429,1530.9379008642204,1462.6037408502257,1515.4041944228195,0.03277551516069832,22,17
2015-11-09,1500.6298865350998,1571.1487765262962,1469.6496410805807,1545.3013564383846,0.01972883678532522,22,17
2015-11-10,1529.971177917136,1575.2704349956452,1505.4110640920412,1539.3738611773765,-0.0038358183252165112,22,17
2015-11-11,1535.5042130341787,1593.0908121961563,1514.5873468011978,1579.5800370166844,0.02611852575472251,22,17
2015-11-12,1588.4079412109645,1656.7067482392033,1552.6938785435966,1623.4003422625985,0.027741744146549507,22,17
2015-11-13,1605.9535352323896,1678.9147850319343,1570.886471937326,1617.5075928106783,-0.0036298806268003636,22,17
2015-11-16,1574.9162274315877,1653.3949650605073,1556.4025289615763,1646.3734724020596,0.017845900519837476,22,17
2015-11-17,1660.7495797809047,1693.4504673494866,1598.076789440693,1609.0741962357663,-0.022655416156501684,22,17
2015-11-18,1611.0854405271946,1653.9069342040823,1556.255341490796,1571.4599163604296,-0.02337634893613394,22,17
2015-11-19,1577.6045366062274,1628.6947414795386,1553.4836627235456,1621.7425572122463,0.031997405933377854,22,17
2015-11-20,1625.480183221334,1663.6848212457728,1590.7146298554976,1639.4768051775693,0.010935304057018591,22,17
2015-11-23,1640.3222476066044,1675.9697991241383,1599.7992535363383,1619.6484589930863,-0.012094313333292583,22,17
2015-11-24,1614.9516548699892,1661.9145033409097,1585.0597978387534,1646.1229986894978,0.016345855515381702,22,17
2015-11-25,1641.9149683114274,1686.7403147832224,1625.2578269709545,1673.5698983903453,0.01667366273522597,22,17
2015-11-26,1680.7707031394557,1718.1405278738398,1644.2142033418063,1659.1409649389095,-0.008621649723333125,22,17
2015-11-27,1644.8695422956628,1670.7036160863126,1504.256121770739,1524.5632418841615,-0.0811128926948671,23,16
2015-11-30,1520.8248062713305,1568.1159289744035,1425.3522837355424,1530.0931208433958,0.003627188959639538,23,16
2015-12-01,1525.4134478835051,1557.1282141652307,1484.2726703476112,1517.942310293814,-0.007941222912553503,23,16
2015-12-02,1515.8739282489512,1540.2743306889383,1444.6452271085127,1508.0540529578848,-0.006514251081133127,23,16
2015-12-03,1507.6699441151036,1552.9217278640401,1495.8118651157076,1542.7152313238562,0.022984042447276476,23,16
2015-12-04,1538.1569066534273,1566.5412618854868,1506.7555344277791,1531.3683637033523,-0.007355127757937896,23,16
2015-12-07,1530.789965348953,1567.4370345963227,1512.3973743965562,1547.380053145319,0.010455805292493459,23,16
2015-12-08,1538.1843357945006,1553.6120917681374,1489.8651639935597,1502.568045004812,-0.028959923613735894,23,16
2015-12-09,1492.8977778761098,1530.0065641682604,1472.3909672622337,1501.608695864775,-0.0006384730084113555,23,16
2015-12-10,1500.12804279361,1533.5832041294307,1481.4646846092419,1499.9920881227774,-0.0010765838972892627,23,16
2015-12-11,1495.0015529404022,1514.914404660279,1452.8554186373794,1475.3863487367491,-0.016403912781181473,23,16
2015-12-14,1459.8102528113884,1519.2089843015792,1444.372289130167,1513.408646369684,0.02577107865034156,23,16
2015-12-15,1515.7315367202996,1550.014463415079,1500.6134679909496,1526.9174306081215,0.00892606519121042,23,16
2015-12-16,1536.4028154660239,1559.3364818396003,1518.8815068502624,1532.1734167944728,0.0034422203067379087,23,16
2015-12-17,1545.3025490370208,1611.7634536157034,1539.9151042062197,1587.790489216426,0.03629946311058729,23,16
2015-12-18,1593.9868734076836,1605.126982149867,1548.524873361052,1562.044081046931,-0.01621524271895647,23,16
2015-12-21,1555.9944185667007,1586.0019330185187,1539.7053625459105,1573.6424853846995,0.007425145345446804,23,16
2015-12-22,1580.6818331489703,1604.965831289911,1559.6917577508896,1586.0473590512984,0.007882904650713174,23,16
2015-12-23,1594.0001305212434,1610.3701952668812,1554.9816091118396,1564.2760475229652,-0.013726772661666331,23,16
2015-12-24,1562.0389774908137,1581.3416740183147,1520.4909484928303,1559.5187561554433,-0.003041209622211438,23,16
2015-12-25,1558.8744746923765,1590.9457995597872,1546.00347392748,1570.8840076231434,0.007287665776920749,23,16
2015-12-28,1576.5985508229023,1600.1493503561185,1527.0471476782611,1532.3334903629877,-0.024540651679613945,23,16
2015-12-29,1530.309414307225,1576.2284460483002,1514.821244945645,1568.1138428776333,0.023350238534674217,23,16
2015-12-30,1574.8207921467874,1608.1411785407981,1556.43277947332,1591.3232689063182,0.014800855265771684,23,16
2015-12-31,1592.7520928739566,1624.258035916657,1553.1640211034246,1566.009092339043,-0.01590762672921442,23,16
2016-01-04,1560.7916326490322,1570.12968941583,1417.213182633751,1419.1024923148118,-0.09380954474843217,23,16
2016-01-05,1342.7412961710356,1439.1128872683519,1317.355837399848,1390.2847696005813,-0.020307005921202825,22,17
2016-01-06,1401.8361496984494,1438.5524482592366,1387.5105248390382,1429.3154480504152,0.02807387328356259,23,16
2016-01-07,1406.8785928245081,1410.0639545177276,1300.776503439154,1303.3154334563278,-0.08815409835942878,23,16
2016-01-08,1347.7889218523317,1373.5420196067791,1235.1401763979247,1329.1466564722127,0.019819624898772092,23,16
2016-01-11,1300.288200731082,1332.093796033294,1215.5983064703305,1222.4725252693092,-0.0802576079046351,23,16
2016-01-12,1220.2614105023404,1249.8155164611312,1181.1175516049764,1219.6562077583749,-0.0023037879810949846,24,15
2016-01-13,1221.164669542718,1248.99319246586,1159.226288191171,1169.3972783898712,-0.041207455878796595,24,15
2016-01-14,1127.685157418283,1221.2160362322513,1111.9030369858135,1208.6345150694501,0.03355338464067947,24,15
2016-01-15,1200.2520849935327,1221.0786458784037,1138.5225491596655,1154.9325564797482,-0.044431925383676685,24,15
2016-01-18,1127.8847180652256,1202.010715599768,1116.278696756898,1179.4257714320165,0.021207485073348353,24,15
2016-01-19,1176.6855740182689,1241.7849364130923,1166.3251550978202,1233.5420323201656,0.045883566561754074,24,15
2016-01-20,1230.2772128819713,1257.736561555315,1208.373590181328,1224.0523849309009,-0.0076930069187959305,24,15
2016-01-21,1203.9910600031083,1243.4634749132656,1168.430214137361,1177.9839329210447,-0.037636013439454885,24,15
2016-01-22,1188.9610312017921,1212.938173939897,1149.923437915333,1198.1394009013384,0.017110138276940967,24,15
2016-01-25,1210.6317772711525,1232.494597521402,1191.9473514035046,1214.1037842297712,0.013324312109611824,24,15
2016-01-26,1196.5924388215055,1216.359263295371,1104.5852307086413,1114.916136187109,-0.08169618555763503,24,15
2016-01-27,1123.9705620201737,1137.8959671219236,1046.2082582218131,1103.8179955957112,-0.009954238019508899,23,16
2016-01-28,1093.106579064926,1115.3731810189215,1043.2954353700943,1055.4137226315631,-0.04385167949542723,23,16
2016-01-29,1056.5339681010119,1120.3426838920243,1045.3829228087657,1104.7998879966206,0.04679318101144081,23,16
2016-02-01,1102.2658385418874,1118.872965371797,1066.0023845604067,1091.9050344124405,-0.011671664456413766,23,16
2016-02-02,1093.5169042939121,1147.027290653133,1086.849017088665,1137.9400785621472,0.042160300299813436,23,16
2016-02-03,1121.5312332627354,1150.1459704918707,1104.02745278564,1140.4415079993687,0.0021982083980924827,23,16
2016-02-04,1142.372357354728,1182.396875415095,1135.6189211178728,1169.179803643142,0.02519927189794058,23,16
2016-02-05,1177.2004929949533,1194.7479421873534,1148.6680886541187,1153.49326939228,-0.013416699640194985,23,16
2016-02-15,1105.3482174957248,1156.5418192527945,1094.8046102677129,1144.0588538835414,-0.00817899484901985,23,16
2016-02-16,1155.7579579956637,1208.3487544869763,1151.9344652408988,1200.5188361112462,0.04935059244203188,24,15
2016-02-17,1204.1684469982727,1231.7357806554267,1182.8053694388043,1219.6663643941447,0.015949377641521822,24,15
2016-02-18,1226.7639498524052,1244.0459151730824,1200.8077344895,1215.4528158007959,-0.0034546731109060813,24,15
2016-02-19,1209.1516983191652,1233.3104308273205,1198.1947550731827,1219.4238111903103,0.003267091357140206,24,15
2016-02-22,1234.4644067492716,1258.2609813850709,1219.8453716300226,1246.8807299377795,0.022516305238182932,24,15
2016-02-23,1249.7050587095769,1261.6451023536886,1210.4569750004914,1232.1949811831619,-0.011777989988946636,24,15
2016-02-24,1226.092893845953,1248.64048534147,1197.951457698012,1236.6361484964568,0.003604273171954109,24,15
2016-02-25,1239.8856591378988,1254.0785925824748,1121.2240137362433,1133.0680299113174,-0.0837498715455317,24,15
2016-02-26,1139.6067483236686,1159.3972466513746,1098.4538148435024,1132.3311735729112,-0.0006503195915464888,23,16
2016-02-29,1126.1895514239557,1135.4145226497697,1039.0207031572759,1068.1868708369104,-0.05664800566569439,23,16
2016-03-01,1074.929452504903,1109.3756595769892,1049.3116197882246,1098.2561685752237,0.028149847708532905,23,16
2016-03-02,1096.5299078975197,1159.1403561780644,1089.8894735634112,1151.616773433797,0.048586665283927966,23,16
2016-03-03,1150.4484597507735,1177.0834496122488,1138.0901295340193,1150.5970208758456,-0.0008854964441956659,23,16
2016-03-04,1143.7926387072087,1159.982291391783,1088.1113015644678,1110.3838125312077,-0.034949863084146604,23,16
2016-03-07,1121.5334230571093,1150.4919987355174,1112.9484440871577,1131.5283436644165,0.01904254267270722,23,16
2016-03-08,1131.4746859182408,1152.5959143752423,1077.0771959057347,1146.1466805089794,0.012919107971455679,23,16
2016-03-09,1121.6061754095222,1144.9156132987816,1102.575545055401,1123.358389809639,-0.019882525584963173,23,16
2016-03-10,1124.8891413677352,1137.9935247720489,1098.5896909100513,1103.2341751210577,-0.01791433158921929,23,16
2016-03-11,1088.642075099257,1111.4641847659027,1072.6755186280268,1099.765817446128,-0.003143809132407527,24,15
2016-03-14,1115.8141571093893,1163.0144535074714,1108.141014955559,1145.281184891281,0.041386417656486874,24,15
2016-03-15,1140.6996579906827,1158.934208438212,1123.5073170775545,1135.3366542057056,-0.008683047287221135,24,15
2016-03-16,1146.8668250005592,1155.8475186065266,1112.6538312952964,1127.277841079376,-0.007098170482276456,24,15
2016-03-17,1132.0485759204307,1181.8993756230902,1124.943891755443,1172.408895555912,0.040035431223701456,24,15
2016-03-18,1177.6804935782316,1227.5527014784284,1172.1853796591836,1214.1074470606384,0.03556656015046222,24,15
2016-03-21,1230.0081209314965,1263.214020589445,1214.5745416661118,1250.6393324929722,0.030089499509106776,24,15
2016-03-22,1240.7136311888835,1270.7787048213415,1224.8005494367233,1251.1452081882887,0.00040449367149530957,24,15
2016-03-23,1247.2123633299132,1284.9941464205697,1235.0704305482525,1269.3661299730477,0.014563394932506357,24,15
2016-03-24,1257.6022388734664,1280.5632056113907,1231.956499018313,1241.8207863546872,-0.02170007767494564,24,15
2016-03-25,1238.2857619717338,1269.4801635829651,1227.108406761095,1257.333301978196,0.012491750656747458,24,15
2016-03-28,1260.873493180113,1287.1499087027285,1229.7811451104478,1240.4086229848406,-0.013460773660196046,24,15
2016-03-29,1236.876619962784,1246.6350234534302,1190.696716831037,1206.0193250887337,-0.027724168680281047,24,15
2016-03-30,1217.7917010565732,1263.7273564497764,1213.6873952712635,1258.9994135512234,0.04392971767561993,24,15
2016-03-31,1268.348810951322,1293.9197040489173,1253.4960932525587,1270.6846323947655,0.009281353682748517,24,15
2016-04-01,1267.7177764483972,1284.247007158509,1240.336678211891,1269.7989612294912,-0.0006970031294115664,24,15
2016-04-05,1282.6565336723388,1339.337638417086,1272.9682999082972,1329.281630124478,0.04684416251009704,24,15
2016-04-06,1333.7200503708666,1358.7637814252607,1308.4439689618894,1338.2098069861154,0.006716542724510166,24,15
2016-04-07,1338.881609099181,1364.6811472970296,1303.0880944292605,1323.2816348178462,-0.011155330121134122,24,15
2016-04-08,1310.8578223613576,1339.794416755521,1284.0821821087782,1317.2279855022775,-0.004574724802556496,24,15
2016-04-11,1330.0444160031197,1368.9017836034495,1320.257888777829,1344.4520080568084,0.020667661827842077,24,15
2016-04-12,1343.4016439822756,1358.4005126930767,1311.3769802377424,1335.0973948273092,-0.00695793763811603,24,15
2016-04-13,1341.5939468512718,1373.4758593453694,1331.907283488208,1344.6310497024215,0.007140793557121272,24,15
2016-04-14,1353.3692391404247,1381.7699186108068,1336.8890102142018,1368.7005677762163,0.01790046279172386,24,15
2016-04-15,1369.0749673330554,1381.7747484665492,1343.2192552462839,1359.0045647260335,-0.007084093685981507,23,16
2016-04-18,1348.3587452292988,1353.0484537305642,1312.0607979558567,1331.0636401305326,-0.02055984602313221,23,16
2016-04-19,1338.3261978354528,1356.865165964534,1321.5005525667482,1345.5064459221242,0.010850574950853176,23,16
2016-04-20,1350.6840313967562,1361.634962916406,1240.9520334414342,1283.9180162640043,-0.04577341851076089,23,16
2016-04-21,1276.148192649643,1300.0974938559702,1251.8837045549553,1261.489072972214,-0.01746913977969955,23,16
2016-04-22,1252.1467061886124,1288.1535467405106,1240.0187355989797,1281.2792176989615,0.015687924018334742,23,16
2016-04-25,1271.4369561071744,1284.2198296843428,1240.6644748072254,1265.4694930078872,-0.012339015940231235,23,16
2016-04-26,1265.5324336110052,1298.790241679081,1258.279890199082,1292.877015956823,0.021657987885421948,23,16
2016-04-27,1291.1974697285384,1312.8202274246491,1273.9572665141268,1285.4438411809406,-0.005749328578156576,23,16
2016-04-28,1284.2683565414397,1294.9916185171853,1246.0612202186692,1276.2002305773178,-0.007190987507576074,23,16
2016-04-29,1270.576637969528,1297.132472459882,1260.4937926800353,1281.053230280628,0.003802694582741628,23,16
2016-05-03,1284.420468577219,1333.4097977520053,1272.7966708430295,1328.4969921090053,0.03703496521997329,22,17
2016-05-04,1322.7367510836925,1343.122579818034,1309.899109086197,1323.2637317844506,-0.0039392338527217685,22,17
2016-05-05,1322.958333143176,1340.1694298924479,1309.6574277975592,1329.4255167501578,0.004656505591215776,22,17
2016-05-06,1331.0211093056685,1342.0177950250738,1260.1287388021997,1267.8679050695275,-0.04630391917789478,22,17
2016-05-09,1254.520586980682,1260.7379412267137,1193.364897453887,1213.333671889413,-0.04301255119879699,22,17
2016-05-10,1212.2871767010051,1234.2168794517763,1200.8397773358768,1217.3694407507585,0.0033261821993788576,22,17
2016-05-11,1224.2479550194337,1238.0914640990534,1196.572860859704,1206.3733343416982,-0.009032678200200928,22,17
2016-05-12,1190.5151473109831,1220.0651895241917,1160.7929112615723,1212.5518857663494,0.005121591508007395,22,17
2016-05-13,1205.8084882810017,1231.5676776219473,1188.3088799361792,1201.6473695586767,-0.008993030595784268,23,16
2016-05-16,1200.1599631699542,1229.5608865503636,1185.74186959405,1226.4351765581516,0.020628187293064704,23,16
2016-05-17,1230.195538721391,1242.9152012553695,1208.5431247611932,1221.421696824146,-0.004087847307246428,23,16
2016-05-18,1209.6430970155777,1217.0310371567782,1162.0055282717256,1184.727838364446,-0.030041924549980448,23,16
2016-05-19,1183.282431767356,1211.564774561086,1173.9956338412555,1185.360460089971,0.0005339806367665734,23,16
2016-05-20,1175.2675835090754,1202.397824468144,1162.3569393315554,1195.9380683715212,0.008923537301680717,23,16
2016-05-23,1202.6747514493873,1233.8480950663582,1195.5728614604418,1221.774710163372,0.021603661991487444,23,16
2016-05-24,1223.3867856348782,1236.0433476500068,1198.1399875478369,1213.8238654990757,-0.006507619283781851,23,16
2016-05-25,1221.9508762438495,1241.390410701595,1202.103726954441,1216.2331947189693,0.001984908427305365,23,16
2016-05-26,1213.6725318222645,1227.3657018603785,1178.5225489920008,1216.5462627231584,0.0002574078766708343,23,16
2016-05-27,1213.038366812013,1229.6491546915604,1200.7664483331625,1215.9057729166425,-0.0005264820797544756,22,17
2016-05-30,1208.2662081315339,1224.7839381317544,1187.7342192860185,1206.8685770350337,-0.007432480446187051,22,17
2016-05-31,1205.8212847465952,1264.558012089912,1203.9502286434474,1260.7818755823835,0.04467205425117693,22,17
2016-06-01,1259.4673473558894,1285.7120676987925,1249.5155042410527,1266.8105828986543,0.004781721115308724,22,17
2016-06-02,1266.35925634901,1284.5799164467408,1252.6192405437364,1277.6742022122091,0.008575567223868097,22,17
2016-06-03,1283.3879163955346,1311.773277026832,1268.3611520380396,1291.2252254258915,0.010606008315906967,23,16
2016-06-06,1296.533409683468,1314.4998547967634,1275.3892631973335,1295.434673420991,0.0032600416350376804,23,16
2016-06-07,1300.1338534281067,1318.7772987815122,1283.353388153436,1307.9780527066416,0.009682757103085748,23,16
2016-06-08,1312.8265636094497,1326.6862152184617,1286.9920499388381,1308.7236564637076,0.0005700430183235294,23,16
2016-06-13,1290.6495175342977,1308.8328435060646,1236.1190534910252,1240.0019155154605,-0.05251050564329185,23,16
2016-06-14,1235.1922001163896,1254.8999734449906,1218.1078880780165,1239.2490844873303,-0.0006071208590168187,22,17
2016-06-15,1226.8973588572605,1311.3457291806299,1220.1495406086262,1298.6909005048976,0.04796599550618841,22,17
2016-06-16,1303.594681227527,1354.027788281757,1287.604101121178,1322.2040084380183,0.018105238070105223,22,17
2016-06-17,1328.0350180662317,1360.7010221101705,1303.3942461084573,1328.6378412319132,0.004865990991432145,22,17
2016-06-20,1333.375304271624,1359.058029093056,1307.516120655394,1346.0622371451645,0.013114481141900614,22,17
2016-06-21,1357.0916555430472,1384.1709839840887,1314.5962791214567,1327.959731468131,-0.013448490847961736,22,17
2016-06-22,1320.1239252561304,1360.7485075705977,1306.2503648307065,1353.5249296211741,0.019251485980512184,22,17
2016-06-23,1352.4423393844966,1368.4789467242938,1323.8378925530785,1341.0985898947552,-0.0091807246800375,22,17
2016-06-24,1334.9287328921469,1354.4476319509986,1270.9060887561552,1315.407448981834,-0.019156787656407492,22,17
2016-06-27,1305.9802888590095,1354.5572704644378,1300.0516798291112,1347.5954884174814,0.024470014565115994,22,17
2016-06-28,1340.7141782856045,1363.3622268818044,1323.186264277213,1352.902382296689,0.00393804663552233,22,17
2016-06-29,1355.6534085899361,1376.1045363640521,1340.3108504862996,1356.0250743241822,0.002308142899557941,22,17
2016-06-30,1358.1815398183346,1376.6505820775646,1339.36607055703,1359.2592158351683,0.0023850160090868044,22,17
2016-07-01,1360.4651529368314,1374.9855830356314,1340.1828603149524,1349.6893676960487,-0.007040487956699093,22,17
2016-07-04,1342.8006050699855,1383.5155429157965,1334.1556057800583,1374.1445900159313,0.01811914867613451,22,17
2016-07-05,1377.3929627602447,1403.2310238551631,1361.9510051966076,1387.6536693013218,0.009830900899034045,22,17
2016-07-06,1382.6048902462778,1414.5720130995144,1367.295166922997,1398.4011085609222,0.007745044384894539,22,17
2016-07-07,1396.7161179863483,1417.874106885853,1371.508496354069,1398.2234474498352,-0.00012704588833589714,22,17
2016-07-08,1397.7746449579697,1412.1888354283608,1377.9033026458808,1391.2838597043515,-0.004963146454266987,22,17
2016-07-11,1393.5461176050906,1421.5045186757914,1369.7751511340443,1386.4406368788416,-0.0034811176682083556,22,17
2016-07-12,1381.2187839358608,1420.3374333443167,1354.5061557885294,1409.3664241757654,0.016535715044052823,23,16
2016-07-13,1409.1750563666515,1425.3497578996448,1389.7555679996335,1407.61289605891,-0.0012441960350237924,23,16
2016-07-14,1403.7021743054022,1427.6277306344114,1389.0759367613878,1413.2385062755968,0.0039965605831244755,23,16
2016-07-15,1412.5831073935133,1424.915262738694,1393.2584691799223,1408.5477212367857,-0.00331917437713547,23,16
2016-07-18,1403.295201091148,1417.800043469656,1376.7527462845674,1395.1905481989722,-0.00948293965225766,23,16
2016-07-19,1393.2914433685426,1409.5872933357612,1371.9241037415059,1395.4057170493097,0.00015422183773772247,23,16
2016-07-20,1395.303293345165,1419.2091320005916,1385.4933391660995,1397.849802006387,0.0017515228203635047,23,16
2016-07-21,1395.4235617335378,1413.734502169563,1380.6377075901657,1392.6167449261916,-0.0037436476169933064,23,16
2016-07-22,1390.465522057713,1407.6057428010456,1369.0698789788519,1377.0825608286066,-0.011154672779988828,23,16
2016-07-25,1376.0938509321945,1402.146090864399,1361.9572685716953,1381.9770912392403,0.0035542752118569165,23,16
2016-07-26,1382.182235408981,1412.5307643492085,1375.564608507063,1407.885559131887,0.01874739317814189,22,17
2016-07-27,1408.2203547140348,1419.0987819364857,1320.6064089426486,1344.130156248702,-0.045284506591925844,22,17
2016-07-28,1341.086089699777,1368.8210087976959,1320.1147432509856,1354.3785999399292,0.007624591743279785,22,17
2016-07-29,1354.235218996522,1369.638900095169,1330.758890381747,1344.4112996889667,-0.007359316111022918,22,17
2016-08-01,1340.361183300823,1350.6916567660578,1298.8270045146705,1322.668009323079,-0.01617309403076106,22,17
2016-08-02,1326.4206093253463,1342.8494114129371,1313.2565289367938,1335.300474594975,0.00955074529878508,22,17
2016-08-03,1333.0852080689317,1345.8828491267707,1319.3930542051405,1334.6102267896063,-0.0005169232082974373,22,17
2016-08-04,1334.8656873776308,1350.2871630228565,1321.1597337384676,1342.4466945763006,0.005871727662049242,22,17
2016-08-05,1341.082242339798,1354.6804155688728,1325.9650385884759,1333.184636937731,-0.00689938578268301,22,17
2016-08-08,1330.1027114757471,1353.8274825785884,1317.2541175141907,1350.8502170380586,0.013250662819596082,22,17
2016-08-09,1352.86372238685,1374.3166787828438,1343.9884824476462,1367.3827510338806,0.012238613716975877,23,16
2016-08-10,1366.4756644442564,1380.7921651691966,1352.6181689150972,1361.8014390477376,-0.004081748129353691,23,16
2016-08-11,1359.4125426439034,1369.7287776059195,1331.105615679481,1338.8293202191617,-0.016868919484061884,23,16
2016-08-12,1338.1229866638416,1362.0944246536285,1328.4870270768376,1354.600534293628,0.011779854113058041,23,16
2016-08-15,1356.700520473057,1397.0872329077122,1346.9297673453711,1384.5540530254846,0.02211243682070152,23,16
2016-08-16,1385.2674648018094,1405.895523936572,1376.051779640604,1389.7493373931072,0.0037523160300387826,23,16
2016-08-17,1390.6723752140829,1404.1554726799063,1375.6663023668036,1395.0062638565446,0.0037826436192431867,23,16
2016-08-18,1395.0906953100466,1415.0202074986637,1382.4576482286063,1396.3582472469343,0.0009691593689709066,23,16
2016-08-19,1393.6207486670496,1413.5187933827656,1383.2725911206344,1401.83354726544,0.0039211284276803315,23,16
2016-08-22,1402.2820885212052,1413.1634161295315,1373.9092306400548,1381.9325762408541,-0.014196386627647106,23,16
2016-08-23,1381.777556691763,1401.359165717077,1370.1693109660864,1387.9847778000728,0.004379520146838178,23,16
2016-08-24,1388.1603347839891,1405.7087583866153,1379.0953668701206,1392.884828922057,0.0035303349145878737,23,16
2016-08-25,1386.0020867494595,1394.2713139410957,1356.6117511475254,1378.7352778287611,-0.010158450145692277,23,16
2016-08-26,1381.6433993512017,1404.145025124871,1373.4901789819237,1385.334553051717,0.004786470128876674,23,16
2016-08-29,1384.6134279678115,1399.6882521002283,1371.053910555662,1387.6606461906183,0.0016790840405858098,23,16
2016-08-30,1388.7790557009978,1410.2651878931874,1378.3291001562716,1394.662944410829,0.0050461171752858025,23,16
2016-08-31,1394.7289328842073,1405.8973247905194,1378.8421927287152,1394.9628181846224,0.0002150152300204322,23,16
2016-09-01,1394.7960844948611,1415.9076469113854,1380.3267410769909,1389.4248990731999,-0.003969940301799091,22,17
2016-09-02,1387.3630224705873,1406.6513580791593,1368.0465607136348,1385.8136196305454,-0.0025991181279846343,22,17
2016-09-05,1388.1118153049886,1407.636925947481,1377.5202494766013,1391.8900310658719,0.004384724864333833,22,17
2016-09-06,1391.3699251592384,1424.4507597938932,1376.413795404824,1419.616524475236,0.01992003160489042,22,17
2016-09-07,1419.6087325278431,1449.2071712038814,1408.8585623420024,1424.210618770791,0.0032361516059788986,22,17
2016-09-08,1422.1565753914317,1448.0779466484928,1411.957023248878,1435.3872023979745,0.007847563752073405,22,17
2016-09-09,1439.7683329158479,1459.8038385407635,1418.364599120176,1427.901155321607,-0.005215350299808574,22,17
2016-09-12,1403.2990926546815,1426.2175900189043,1379.4160378003487,1399.3684535520451,-0.0199822667439018,22,17
2016-09-13,1405.6754910290078,1424.7320635380795,1390.8874136839188,1410.2769545826716,0.007795302947509741,22,17
2016-09-14,1399.1595029115867,1413.351955274494,1380.1177360945578,1394.8017826598784,-0.01097314387256132,22,17
2016-09-19,1395.9563999201653,1420.979570321955,1389.4530114644956,1414.2081405267224,0.0139133446114732,22,17
2016-09-20,1414.6964849815797,1430.0175694911522,1397.8154960899058,1413.219777209484,-0.0006988810832827541,23,16
2016-09-21,1410.9999405454723,1432.2308943922872,1398.7544388944582,1414.253260156113,0.0007312966909291951,23,16
2016-09-22,1420.5867354164955,1433.943151253397,1409.286723298971,1418.299149145184,0.002860795235942737,23,16
2016-09-23,1418.1914925652588,1429.8743325815421,1402.805341501574,1413.809124160188,-0.0031657813428868087,23,16
2016-09-26,1411.379394331642,1424.4998446293605,1373.9563885470868,1382.5861256583232,-0.022084309662672164,23,16
2016-09-27,1376.4078447863296,1395.3597989607008,1358.4945274449562,1383.7239020320612,0.000822933452479413,23,16
2016-09-28,1384.8854111394014,1405.963469327854,1370.15169543439,1389.3652480497153,0.004076930382838295,23,16
2016-09-29,1390.2845531446071,1413.153127650273,1382.251700255703,1398.6629943283963,0.006692082079735595,23,16
2016-09-30,1396.67096954633,1415.6700203659404,1387.7875560233745,1406.4264609391396,0.005550634171508362,23,16
2016-10-10,1411.084187016044,1441.4859393584536,1404.7155751792768,1433.2488300838645,0.01907129159587506,22,17
2016-10-11,1432.936307981126,1452.773115476098,1419.6956907619272,1445.2544885383036,0.008376534627093646,22,17
2016-10-12,1443.3865412052673,1468.9115476707366,1434.2451150262123,1454.8047766958255,0.006608032172368938,22,17
2016-10-13,1454.0418528264524,1472.185947519994,1440.7217046770909,1458.6635049555462,0.0026524027976349007,22,17
2016-10-14,1455.2788245867055,1470.260598283662,1435.2330311082446,1458.543183955668,-8.248715311609534e-05,22,17
2016-10-17,1459.2815825792663,1476.5555869343575,1434.7572232422178,1447.7202274801798,-0.007420388093094088,22,17
2016-10-18,1446.5789802437175,1490.228049384349,1442.3015134354273,1482.8052546201357,0.024234673574343057,22,17
2016-10-19,1485.4559771308907,1497.7523692860173,1464.0930022962548,1475.8669475180727,-0.0046791762306238605,22,17
2016-10-20,1477.506745230024,1490.5353107498213,1460.1362292362373,1473.7515283150792,-0.0014333400490816883,22,17
2016-10-21,1473.26689186573,1489.4814472273408,1445.772108133463,1467.4482948138102,-0.004276998788578457,22,17
2016-10-24,1464.5892823366664,1489.4175346858824,1452.7464196307176,1474.8550162098131,0.005047347441255345,22,17
2016-10-25,1476.0827247775883,1488.2020423365398,1459.4910045363608,1475.9428974485227,0.0007376191061174708,22,17
2016-10-26,1477.2724294336115,1494.3762830724327,1454.9110774169876,1473.46891076536,-0.0016762075873256732,22,17
2016-10-27,1469.4846908898503,1483.8988031401489,1454.0423380784987,1469.8698798367202,-0.0024425564070913452,22,17
2016-10-28,1465.3760465249713,1483.082640069828,1439.5928532382216,1450.0342392008963,-0.013494827608840798,22,17
2016-10-31,1446.291134890511,1463.8719192341925,1422.7592487167508,1443.719000310195,-0.004355234324798785,22,17
2016-11-01,1444.2645858338794,1463.8127947290784,1431.476197184174,1453.813864006708,0.0069922635182775306,22,17
2016-11-02,1446.6981227118329,1463.4785366733374,1427.8301701153243,1441.4598335827168,-0.008497669976776479,22,17
2016-11-03,1438.875336184773,1465.3547715226555,1425.9837770280537,1450.9123276349335,0.006557584076916534,22,17
2016-11-04,1449.441015700428,1469.260569027648,1431.0943528855857,1451.454577852805,0.0003737305194417839,22,17
2016-11-07,1454.6284805321598,1473.7282076500728,1438.7879134025627,1454.758293779226,0.0022761414492959986,22,17
2016-11-08,1459.0506765988273,1479.258959618068,1447.8991818938875,1467.0701513873928,0.008463163716484035,22,17
2016-11-09,1466.423077165444,1476.3316636890734,1428.1254513174333,1450.4173666426423,-0.011351048706840672,22,17
2016-11-10,1460.8822856032305,1498.7932285572504,1454.6180168778187,1486.0674883284876,0.02457921595931145,22,17
2016-11-11,1491.6711116840306,1511.9785456175084,1472.2552331050324,1495.52339914045,0.0063630426519849514,22,17
2016-11-14,1497.8807953975215,1517.922955683132,1475.9919931930979,1497.4957814379811,0.0013188575308582529,22,17
2016-11-15,1498.8337598363746,1523.6005656105333,1486.1194684911804,1511.9428829910364,0.009647507346686846,22,17
2016-11-16,1510.5140182080384,1530.5870766977102,1495.4041727556955,1509.2663986650998,-0.0017702284630235487,22,17
2016-11-17,1504.9205829444425,1524.0996405189724,1488.158542332523,1506.489510240577,-0.001839892829376577,22,17
2016-11-18,1505.1088632692188,1529.2360634329016,1489.2743607037162,1505.0359835059437,-0.0009648435815534651,22,17
2016-11-21,1504.0495699543958,1533.3512699170708,1489.8051508821477,1514.4819318822163,0.00627622759840496,22,17
2016-11-22,1515.9058303889867,1534.8579608990647,1500.1137768990377,1521.0373614745868,0.00432849640155375,22,17
2016-11-23,1520.9406273189827,1533.5228299778287,1498.950634807294,1509.6441298567283,-0.007490435084916758,22,17
2016-11-24,1506.6253066820498,1522.374547989617,1487.8854182662906,1502.17793615837,-0.004945664710441999,22,17
2016-11-25,1502.902610476854,1516.3525418186491,1471.2897079112872,1505.9080463917169,0.0024831347495932743,22,17
2016-11-28,1506.7716350807793,1524.151428463387,1490.077800312608,1502.2884496110862,-0.002403597476820396,22,17
2016-11-29,1499.367929040761,1524.6539119711992,1483.701528459505,1498.225915245826,-0.002704230579894329,22,17
2016-11-30,1496.8191388266098,1511.6313948582165,1479.5023242457262,1492.200956688992,-0.004021395235207503,22,17
2016-12-01,1493.0573728153827,1510.4594813009753,1483.2096088325688,1500.9997947886513,0.005896550367574305,22,17
2016-12-02,1503.4377914564338,1518.4565693236286,1471.8896363187648,1484.6384997000873,-0.010900264707143115,22,17
2016-12-05,1475.7034651093584,1502.6350246507118,1456.6853874510061,1485.2825528977603,0.00043381146171461715,22,17
2016-12-06,1487.9128837687047,1513.6664591474103,1474.5905410380565,1490.2053179789516,0.0033143626925309366,22,17
2016-12-07,1488.593466714614,1515.1098208465664,1477.4626743972776,1507.3007559819678,0.011471867531785085,22,17
2016-12-08,1507.4229718540992,1517.8724506003734,1489.3305857803716,1497.331472349071,-0.006613997633406754,22,17
2016-12-09,1498.9800669680055,1519.0421247063866,1480.6070737720374,1493.3953421226831,-0.0026287634362034407,22,17
2016-12-12,1489.1781882022406,1496.7430060847062,1402.5100586009282,1415.4014846231776,-0.052225860962340054,22,17
2016-12-13,1410.3293272036206,1431.036278697907,1384.2733243963921,1416.077318387454,0.0004774855555957913,22,17
2016-12-14,1414.0988855451494,1447.5213511841346,1392.8035281523457,1415.4364841713611,-0.00045254182647491703,22,17
2016-12-15,1410.6605551392365,1439.8835161283223,1399.3375269805013,1420.9460624887154,0.003892494208653785,22,17
2016-12-16,1420.5381662950613,1439.6182196351795,1409.176047499432,1427.8477215891512,0.004857087318534736,22,17
2016-12-19,1427.2244767698887,1443.1287677266644,1405.5091016335073,1426.027089255154,-0.0012750885871576356,22,17
2016-12-20,1423.5984661000227,1433.7854716858578,1404.3753859447193,1418.3566591509139,-0.005378881061962493,22,17
2016-12-21,1421.3171796248719,1441.8099639589068,1412.1498443812864,1431.6379113967446,0.009363831135238865,22,17
2016-12-22,1435.1422572205877,1463.1737284634937,1424.6673092651213,1453.0758554143604,0.01497441765613794,22,17
2016-12-23,1452.5758259269116,1467.2155422693122,1424.6408696616236,1439.473570786691,-0.00936102859116772,22,17
2016-12-26,1433.7671696249545,1450.68030082131,1408.5576883387416,1439.4042556370184,-4.815312422501439e-05,22,17
2016-12-27,1439.2808829803587,1458.9540003304348,1420.4457235079938,1441.6429833497061,0.0015553154743850328,22,17
2016-12-28,1438.7324729400116,1460.2659804675102,1426.4200843892138,1443.8075014704843,0.0015014245175659635,22,17
2016-12-29,1437.6322065167415,1452.006572755442,1426.913781153551,1435.927817511468,-0.0054575723917426044,21,18
2016-12-30,1436.8203138572364,1454.6723480248027,1421.3618778156626,1439.4568549947744,0.002457670532090006,21,18
2017-01-03,1440.7260064012562,1464.4798294419124,1432.8067400363223,1457.3890089500158,0.012457583492703206,21,18
2017-01-04,1455.1606689533535,1497.9458655067683,1446.254209537857,1483.9609196336407,0.018232544996870104,21,18
2017-01-05,1485.9076789827081,1502.0489176361866,1472.674772469465,1485.8934454547623,0.0013022754140983306,21,18
2017-01-06,1485.3238548820311,1503.3028909801928,1467.63252266396,1475.7075675772815,-0.0068550527015505125,21,18
2017-01-09,1474.3236134871997,1503.511895782201,1464.825319827742,1493.8002635914324,0.01226035321066643,21,18
2017-01-10,1491.060832695602,1503.416329416375,1469.7624343438931,1478.864384879155,-0.00999857817427885,21,18
2017-01-11,1477.225765440098,1491.2633196805862,1458.4052225822568,1469.5706453497849,-0.006284375784822105,21,18
2017-01-12,1470.0402012599,1478.8100204210755,1441.577412857044,1451.376785496254,-0.012380391450456996,21,18
2017-01-13,1450.7237295341329,1461.3203594759525,1415.1680973952778,1430.0844894105649,-0.014670412465229488,21,18
2017-01-16,1427.2273084423157,1443.4125932591899,1338.4795197195754,1391.7959777630438,-0.026773601092130117,21,18
2017-01-17,1389.901988201853,1418.422645800336,1358.621797246471,1406.8292118359439,0.010801320245990453,21,18
2017-01-18,1404.2534846344502,1423.1973511152269,1384.9265831683317,1404.3947657937672,-0.0017304488858314038,21,18
2017-01-19,1400.022890321162,1419.4237682928124,1380.006278839451,1396.6798155021784,-0.005493434239074668,21,18
2017-01-20,1394.1438651888668,1431.5566903903377,1387.4655799397128,1420.5351978576566,0.017080065230913988,21,18
2017-01-23,1418.242672563276,1457.0207834267705,1410.0803980169062,1439.1309398045285,0.01309065905224771,21,18
2017-01-24,1437.0933444582402,1448.9662878139159,1413.6566595581996,1430.2663170495516,-0.006159705492942091,21,18
2017-01-25,1426.31185197228,1442.8974648007006,1418.197776321919,1432.9754997949863,0.0018941806243633064,21,18
2017-01-26,1435.2869208409163,1450.0247593729841,1427.044358479842,1442.6626359562338,0.006760154770708571,21,18
2017-02-03,1442.639695311775,1450.8533618831434,1425.0791569804055,1437.2207720842198,-0.0037720973264182556,21,18
2017-02-06,1438.5540440063135,1457.9652662883452,1426.5323278492674,1450.7033086661147,0.009380978095900216,21,18
2017-02-07,1448.3719087060163,1457.3044366339566,1430.0722349981231,1448.4072889224424,-0.0015826942214555162,21,18
2017-02-08,1446.340896247475,1470.9499653001321,1431.3184832876525,1460.890808109974,0.008618790641973906,21,18
2017-02-09,1461.5453923868865,1478.4421730771905,1452.308035243432,1468.457400584485,0.005179437390191,21,18
2017-02-10,1468.898998418454,1495.4746333567796,1460.4150169991644,1476.7364474253284,0.005637921016672376,21,18
2017-02-13,1479.6367294700392,1503.9055848907049,1466.3452713246934,1486.2006269915216,0.006408848093844899,21,18
2017-02-14,1484.4756918020332,1497.29574467717,1468.7064982876575,1481.2625454772356,-0.0033226210678447554,21,18
2017-02-15,1476.2778390378492,1493.0280691607459,1459.4288207137492,1467.979786517626,-0.008967187484869465,21,18
2017-02-16,1464.6801394940585,1482.7679378705284,1455.7813545637998,1474.3606813802141,0.004346718477455935,21,18
2017-02-17,1473.2901290591676,1481.0207690731772,1445.9531516873376,1457.5141131389066,-0.011426354795040172,21,18
2017-02-20,1455.9742695049779,1479.151628318925,1449.5367353545187,1471.4866906421946,0.009586581273780315,21,18
2017-02-21,1473.964088637396,1500.5833589626618,1465.6594903538326,1491.1512002955717,0.013363702015405376,21,18
2017-02-22,1489.4964741372462,1506.209573375483,1473.6086714764183,1493.214252317126,0.001383529732695843,21,18
2017-02-23,1492.332059824639,1516.406673407708,1478.6142210887954,1500.2964193693983,0.004742900786864679,21,18
2017-02-24,1494.5525052891333,1509.0309988791096,1479.0061000633807,1500.2111434444232,-5.683938445377734e-05,21,18
2017-02-27,1495.280199590368,1506.6546019533685,1471.8924069789007,1481.6055847977568,-0.012401960036071302,21,18
2017-02-28,1479.3471007127598,1493.5375299213827,1463.9376109091081,1478.628428781123,-0.0020094119833115043,21,18
2017-03-01,1477.918699283222,1491.1457246073617,1469.4267110078085,1481.179802594579,0.0017255003108247458,22,17
2017-03-02,1493.7115357434911,1507.7849816755552,1471.759552948883,1484.1983744957759,0.0020379510278962787,22,17
2017-03-03,1495.8073467764686,1519.9405422008049,1482.8215723536807,1510.3621829035583,0.017628242192807342,22,17
2017-03-06,1522.4951160921403,1540.6228745054796,1511.2026720876822,1532.4425209018718,0.01461923388194597,22,17
2017-03-07,1544.487747581651,1560.0951179914869,1534.173714126479,1552.4306841007997,0.013043336325048172,22,17
2017-03-08,1564.5923369590805,1577.337012686354,1547.3501503145983,1562.5250072557465,0.006502269800724436,22,17
2017-03-09,1570.2749687803728,1581.9594251054584,1548.000435942987,1559.7817685502496,-0.0017556446730505604,22,17
2017-03-10,1565.0943109426014,1584.9301071649024,1554.4481837244807,1566.806605507235,0.0045037306491373386,22,17
2017-03-13,1569.6720884169038,1597.2675001525627,1557.1151303016786,1587.1309411684301,0.012971821531615024,22,17
2017-03-14,1594.4324477413181,1608.4938427505324,1580.1330264105106,1589.1613000526095,0.0012792636269094437,22,17
2017-03-15,1595.3288334489562,1606.0416680424403,1580.335392171107,1589.3142737535713,9.626065079526569e-05,22,17
2017-03-16,1597.5795475234268,1626.9887085378687,1595.0809346264116,1615.2399390627652,0.016312485036684254,22,17
2017-03-17,1627.0686398170174,1640.9923750968019,1607.3949466689182,1617.275847181442,0.0012604369601325605,22,17
2017-03-20,1618.695483181889,1645.9838375596253,1592.1952475855485,1625.032477626906,0.004796108504917074,21,18
2017-03-21,1619.0978836840893,1644.1432987564115,1607.3664837488816,1629.8029315523281,0.0029356052824178747,21,18
2017-03-22,1622.238584263536,1647.9656174829138,1602.7711203011243,1627.543910918019,-0.00138606980670819,21,18
2017-03-23,1626.2783374819285,1641.9460135144266,1596.0914874029702,1621.7249459154998,-0.0035753044593659355,21,18
2017-03-24,1620.5654483625492,1637.8865269481882,1601.7722675969633,1625.8832253855608,0.002564108963442946,21,18
2017-03-27,1625.379550315967,1655.5235652673418,1612.2912673870085,1630.4470069639885,0.0028069553256786506,21,18
2017-03-28,1627.3942404012837,1642.6101495133094,1603.951310087345,1616.6214102168317,-0.008479635761300175,21,18
2017-03-29,1616.440991553261,1638.7819319933496,1594.0593553566455,1609.839126397116,-0.004195344548112878,21,18
2017-03-30,1606.0790946079426,1628.4772034697328,1567.9266046789114,1586.941509533776,-0.014223543513062542,21,18
2017-03-31,1586.3524651986938,1612.2105267350187,1563.8079807527422,1588.8680292113395,0.0012139827876387344,21,18
2017-04-05,1603.0150248731873,1650.1515017651575,1580.080409893009,1628.2043929114893,0.024757477006869477,21,18
2017-04-06,1634.4364920826017,1673.6138955734123,1620.7019410562605,1650.8291220045637,0.013895509182737076,21,18
2017-04-07,1656.9979450742615,1681.6033483006477,1636.0205181162885,1658.1562329182163,0.004438442971466117,21,18
2017-04-10,1654.8888539003594,1685.923724011904,1623.3975333930298,1652.136627423301,-0.003630300556372479,21,18
2017-04-11,1662.3213283203818,1693.087587833446,1632.8238824049897,1676.3572118855914,0.014660158282469249,21,18
2017-04-12,1681.5040080128044,1691.7897376970743,1645.6723795550017,1661.8623657151063,-0.008646633347424215,21,18
2017-04-13,1662.418529142248,1688.9878329370542,1649.4889653207706,1672.7629245032083,0.0065592428187706275,20,19
2017-04-14,1669.9536682251098,1687.4628926346522,1637.8694737044736,1653.497990870252,-0.01151683442450635,20,19
2017-04-17,1646.1793076285644,1670.521528818336,1606.6574537399144,1632.0124433137034,-0.012993996772406313,20,19
2017-04-18,1632.727322434144,1654.0987131062097,1603.1305201631567,1613.5687860683997,-0.011301174400273006,20,19
2017-04-19,1599.8453805024062,1617.9783338031502,1550.706112316308,1592.4050082559415,-0.013116129907312923,21,18
2017-04-20,1575.0164279569217,1602.6825426807343,1553.2582996164017,1580.6338069239819,-0.007392090122130379,22,17
2017-04-21,1572.4472352253836,1586.2058501994495,1537.0125020842506,1549.9344571347735,-0.01942217713851846,22,17
2017-04-24,1542.7582010163871,1550.9886821472082,1470.7196052463478,1491.2167871456475,-0.03788396968583574,22,17
2017-04-25,1496.9408212796034,1528.7514483340117,1475.764880410365,1500.8200799898336,0.006439903927428325,22,17
2017-04-26,1500.4180213816599,1537.9652937201854,1489.0030623440118,1521.2565971111337,0.013616900115994257,22,17
2017-04-27,1521.3969918107716,1553.9047807178158,1480.4024539835696,1538.4041896168603,0.011271992205844628,21,18
2017-04-28,1529.8949210401938,1564.626264068951,1518.3090913204276,1550.4970406907134,0.00786064621734095,21,18
2017-05-02,1542.1350081940238,1563.6262628163236,1524.0343649472823,1545.246607633722,-0.0033862902793109217,21,18
2017-05-03,1540.1989722717638,1562.795332209175,1516.3839488517021,1535.5763695346025,-0.0062580548964464855,21,18
2017-05-04,1532.0270302505082,1556.4020436402934,1506.144300607728,1529.2498706688868,-0.004119950652557325,21,18
2017-05-05,1522.5510429999208,1540.1743000965325,1492.970974896737,1505.8135973901753,-0.015325339389082648,21,18
2017-05-08,1498.8115329628029,1517.3771207032373,1446.9629806001585,1461.1205036782712,-0.029680362688558892,21,18
2017-05-09,1452.035296478308,1488.708612649898,1434.7080796693517,1475.9913889865418,0.010177726799968978,21,18
2017-05-10,1477.7051192052454,1490.9549234199358,1429.5831246225082,1436.308363375294,-0.026885675558375177,21,18
2017-05-11,1429.8086147978058,1455.1503895431383,1380.07712383809,1433.359035451062,-0.002053408585118266,21,18
2017-05-12,1430.604402990568,1447.586679263803,1408.269283955234,1429.0472561124204,-0.0030081642017101284,20,19
2017-05-15,1430.205604883571,1451.8939414872375,1415.2855655147036,1427.1281359806615,-0.0013429367878146081,20,19
2017-05-16,1422.8159774234514,1467.8096418928797,1393.5458785988494,1462.1078712031408,0.02451057781048016,20,19
2017-05-17,1460.9327851003013,1491.615082091928,1446.9845366579138,1464.3401287098063,0.0015267392718627537,20,19
2017-05-18,1452.2099132857682,1480.9857171221138,1437.6622992979987,1461.5487849804038,-0.001906212685615527,20,19
2017-05-19,1458.9407852764414,1484.008226836355,1442.6627554051718,1462.0366558285764,0.0003338040120084429,20,19
2017-05-22,1455.6277337131194,1464.4945390132464,1409.8008440503736,1422.8556713748392,-0.026798907057177912,20,19
2017-05-23,1419.5607438069528,1431.0671768608263,1365.3967380368829,1373.7002660771157,-0.034547007322413115,20,19
2017-05-24,1367.0169554905146,1390.8695131624966,1340.1061797330474,1383.9358042098038,0.007451070939891391,20,19
2017-05-25,1381.4893233529435,1417.2107585300462,1359.296205314245,1402.222185154918,0.013213315884659238,20,19
2017-05-26,1399.8763102235198,1423.3603093825154,1385.4312573023594,1400.9637726195583,-0.0008974416099546412,20,19
2017-05-31,1414.3245409731214,1434.5745536616673,1384.729013697243,1396.4207071051655,-0.0032428144133220815,20,19
2017-06-01,1392.83495009793,1408.2973773756298,1356.1884334491717,1365.5362659852992,-0.022116859885221163,19,20
2017-06-02,1360.5557515431833,1396.6437531525683,1340.8225590250922,1387.6978380750845,0.01622920799821803,19,20
2017-06-05,1384.8007547186812,1411.2774769674772,1377.7500107971816,1395.9696656074907,0.005960827570272942,19,20
2017-06-06,1393.7575337992498,1413.3743179304731,1381.151951302947,1403.336753742603,0.0052773984396761175,19,20
2017-06-07,1404.1456014650719,1442.9158815530193,1396.7364243744373,1435.786441020579,0.023123236237799105,19,20
2017-06-08,1440.1383421803025,1458.1356646126233,1416.2323018276086,1432.0574055868085,-0.0025972075841028675,20,19
2017-06-09,1429.1318198816805,1465.038236257426,1411.4066076843105,1452.637078301355,0.014370703740129498,21,18
2017-06-12,1448.0675640999702,1463.12406209574,1416.5010275365114,1427.797404308278,-0.017099710839078464,21,18
2017-06-13,1426.3604771163164,1467.9374877242783,1418.0013175060467,1456.9581791456942,0.02042360824401679,21,18
2017-06-14,1455.6073163332621,1473.3051870883487,1439.1374712922689,1448.9664774453079,-0.005485196359632183,21,18
2017-06-15,1448.6458920197533,1475.5857686216962,1439.2475408255812,1461.202704968685,0.008444796835431978,21,18
2017-06-16,1461.443393523644,1475.6129165846546,1442.641552019587,1455.393704141741,-0.003975492795894264,21,18
2017-06-19,1456.0994192678995,1472.401882389072,1441.887818539855,1462.8693790247826,0.005136531003100853,21,18
2017-06-20,1464.6637471858858,1484.2127023862834,1450.4125539561348,1463.125010353673,0.00017474651705451372,21,18
2017-06-21,1465.7416555221869,1475.6431232923542,1442.2685624813007,1460.4001698648378,-0.001862342909561887,21,18
2017-06-22,1451.8335134533131,1465.5977385903989,1424.6399122618348,1430.7957649915286,-0.020271433463370014,22,17
2017-06-23,1423.0902021351924,1435.5384422108539,1391.8609034098197,1416.331936202321,-0.010108940173787273,22,17
2017-06-26,1411.0342702341807,1451.2102141905068,1402.0395055788458,1442.7827034260251,0.018675542468263417,21,18
2017-06-27,1441.6211399362883,1459.5853776847505,1427.913634699657,1440.9828974118013,-0.001247454665175951,21,18
2017-06-28,1438.8079370799692,1450.3336586199805,1417.1501754487567,1430.6510166237485,-0.007170023188068586,21,18
2017-06-29,1429.0720186773988,1445.8063856127187,1419.9239092252872,1432.0446516652155,0.0009741264817717532,21,18
2017-06-30,1428.057799675886,1447.2582960716757,1416.6039850235895,1439.7823404250212,0.005403245458029726,21,18
2017-07-03,1439.8755703882207,1457.434424769179,1428.7691247856699,1444.0118336719404,0.002937592112479015,21,18
2017-07-04,1445.2265837341831,1460.510603157939,1428.886694898362,1442.5927249976169,-0.000982754186102941,21,18
2017-07-05,1441.8206836962072,1461.0469182993763,1430.5920212801786,1455.3536695551727,0.008845840088079537,21,18
2017-07-06,1456.1140984945803,1478.614799162541,1440.1442967077335,1460.9064986037438,0.0038154499244629214,21,18
2017-07-07,1456.6711831452478,1480.3759351310978,1447.6452607134686,1468.1051200788581,0.004927503219401386,21,18
2017-07-10,1460.9530972713965,1482.2284506340213,1442.5297332108191,1460.646416889009,-0.005080496680952007,22,17
2017-07-11,1457.358602052934,1472.5864627714811,1432.1755440332197,1438.592226797446,-0.015098924583360596,22,17
2017-07-12,1436.6497939490173,1453.4767515058368,1396.5764381244192,1428.19737158036,-0.007225713460322747,23,16
2017-07-13,1424.6048816352115,1438.1195050049785,1408.3603574851325,1420.8412456732822,-0.005150636777140893,23,16
2017-07-14,1418.9569871109536,1429.5877538824068,1397.5992000274375,1409.2905341997582,-0.008129487730383689,23,16
2017-07-17,1406.0391868968086,1410.2979529843633,1319.391900142001,1335.685490379636,-0.05222843837656066,23,16
2017-07-18,1326.9190844383672,1351.8025256039386,1308.7652693294074,1341.6419956892937,0.004459511878028177,23,16
2017-07-19,1337.8196916211873,1360.8365585870831,1321.5307572039756,1352.9709615617599,0.008444104991395696,23,16
2017-07-20,1354.1001052767233,1387.2701596155378,1344.5555022467859,1368.785281876383,0.011688588124883603,23,16
2017-07-21,1366.465538480752,1387.1369043475759,1353.2549424969575,1370.0574300857052,0.0009293993924148758,23,16
2017-07-24,1368.0674201766099,1391.0191031522352,1355.117678408022,1379.2205553358465,0.006688132226375432,22,17
2017-07-25,1379.8528288708899,1389.5697366691475,1360.7952523487222,1371.752820746721,-0.00541446004428725,22,17
2017-07-26,1371.9352423385599,1382.1124570483946,1353.7723274528116,1367.0160541209577,-0.003453075914350734,22,17
2017-07-27,1367.7144060321457,1396.716662676307,1350.494690245415,1383.1751980750726,0.011820741903799892,22,17
2017-07-28,1383.398440571606,1405.909686849503,1372.4049669823366,1391.2286005971748,0.005822402348820255,22,17
2017-07-31,1390.841419110517,1406.2500981054325,1372.554416911694,1392.9763062842019,0.0012562318559845576,22,17
2017-08-01,1390.3379295935165,1409.2563440790686,1373.994464120982,1395.025064434178,0.0014707774574007626,23,16
2017-08-02,1395.355364388323,1421.6482624443986,1375.8314834565115,1389.3652165262033,-0.004057165747247904,23,16
2017-08-03,1387.9649467575684,1414.029676522018,1376.1778980185059,1398.4895897987542,0.006567296463174888,23,16
2017-08-04,1397.3522187225255,1408.7306060192311,1376.0273095236714,1382.9471286129406,-0.011113748217496777,23,16
2017-08-07,1384.761425524871,1403.1688562855772,1369.7720019374385,1393.108026473214,0.007347278612498176,24,15
2017-08-08,1394.0569259405688,1411.2109276540432,1377.0316378425753,1396.0515017528587,0.002112883727399373,24,15
2017-08-09,1392.5245776747618,1414.5087079019,1381.049685513992,1401.0429749072139,0.003575421929698175,24,15
2017-08-10,1401.1823300758597,1411.9789227567194,1371.1763202610118,1386.5598515511347,-0.01033738694349362,24,15
2017-08-11,1375.59538294073,1390.6614213777702,1355.2226712648667,1365.2923635578761,-0.015338312276579003,24,15
2017-08-14,1366.2889965481322,1394.8392239276325,1355.2337215951356,1384.891482340552,0.014355254087558,24,15
2017-08-15,1386.4206149409888,1401.4769263572707,1372.8957034306336,1387.9683224562714,0.0022217192862787893,24,15
2017-08-16,1385.9488233041297,1404.1221073995243,1375.618234120397,1393.5543104510032,0.004024578878605967,24,15
2017-08-17,1392.886076453123,1416.8261840805228,1384.7433236606926,1404.0735192458899,0.007548474225939961,24,15
2017-08-18,1399.478591486102,1420.0890725172162,1385.6302307922208,1405.5805239964895,0.0010733090040819793,24,15
2017-08-21,1406.2861753739608,1427.1380400783685,1397.2191446951588,1417.4831328271061,0.008468108818677988,24,15
2017-08-22,1418.0733897416246,1431.65192678317,1397.383600657068,1407.6414134126076,-0.006943094550176276,24,15
2017-08-23,1404.720201452599,1416.6231976450235,1388.8002195481756,1399.3482405310726,-0.005891538002870678,24,15
2017-08-24,1397.463469697045,1406.6170731236214,1374.6215801288347,1385.9954942110155,-0.009542118204250216,24,15
2017-08-25,1382.6328189154387,1403.8159642841094,1374.5007784647003,1394.483981438497,0.006124469569299462,24,15
2017-08-28,1394.6641447212821,1411.939690748794,1385.8032132548449,1400.2937376737602,0.004166240926819498,24,15
2017-08-29,1401.9729501176262,1412.0440485350468,1386.7490610643674,1394.7223630964916,-0.003978718484111909,24,15
2017-08-30,1393.63258380932,1402.4158015262758,1380.9866389635752,1390.2330557350583,-0.0032187820889788554,24,15
2017-08-31,1390.9504899358458,1410.0769935720325,1378.5468744712553,1400.3112132337978,0.007249257566682488,24,15
2017-09-01,1399.8200627829065,1417.000718267523,1388.9430117335335,1406.3276607857351,0.004296507444258246,24,15
2017-09-04,1404.199240832258,1424.4488731124209,1392.6972586100853,1413.4930326178646,0.005095094146214896,24,15
2017-09-05,1413.2932769211607,1424.3236494522143,1400.3652244577172,1412.8953672776847,-0.000422828642510531,24,15
2017-09-06,1409.2073295146786,1428.6353922613225,1397.67051934205,1419.67823633662,0.004800687450766006,24,15
2017-09-07,1418.4945203766051,1433.9612387737689,1406.2615504373248,1412.6622760141604,-0.0049419369423903126,24,15
2017-09-08,1411.0435945972156,1426.135006907756,1399.4453713129965,1412.7015267723448,2.7784955293874702e-05,24,15
2017-09-11,1416.4859075367356,1460.874608614821,1411.139052674322,1453.1527483394989,0.028633947653170955,24,15
2017-09-12,1455.2369720509064,1479.1495594353073,1434.7394572745395,1445.6026400318813,-0.005195674244324877,24,15
2017-09-13,1442.2433859912164,1457.3007808952166,1425.6656927731312,1443.8942349909426,-0.0011817943559518929,24,15
2017-09-14,1444.294844830245,1462.9298244436343,1428.7058797042896,1443.2028473108583,-0.0004788354045118792,24,15
2017-09-15,1440.1301525399917,1457.9280358505976,1423.5413318525277,1440.0779658107926,-0.002165240670005786,24,15
2017-09-18,1440.5539074700175,1454.9928419234259,1428.9730450417576,1445.323485068826,0.003642524490040211,24,15
2017-09-19,1445.4485931456056,1458.72803804097,1426.5871491178448,1438.1623663692721,-0.004954682307132585,24,15
2017-09-20,1436.9552197319338,1451.3686162934011,1420.835433371302,1443.132347996674,0.0034557861779882515,24,15
2017-09-21,1440.8523595775791,1461.940680568823,1428.5877047291099,1437.828173742205,-0.003675459331108466,24,15
2017-09-22,1437.4337679303997,1452.1525324824595,1415.7618902690078,1434.5049038015136,-0.002311312298215795,24,15
2017-09-25,1431.1684498147124,1441.6100394073192,1405.6131566546567,1411.6835710435312,-0.01590885656612595,24,15
2017-09-26,1409.412430470588,1423.131383199571,1392.1169918584317,1405.5190060421728,-0.004366817839214221,24,15
2017-09-27,1405.7152948019493,1427.8187330964342,1398.8800947909915,1417.4676975736577,0.008501266421954368,24,15
2017-09-28,1416.3746629745422,1429.9668654600507,1401.6068409355444,1411.5538381014314,-0.004172129976823702,24,15
2017-09-29,1412.2059789139964,1430.0683986310069,1405.2205372797512,1420.622945185586,0.006424910505966164,24,15
2017-10-09,1434.5348643740474,1451.1233691463494,1421.2291614597427,1437.8880075019915,0.01215316307181702,24,15
2017-10-10,1439.0490010195217,1456.453684426984,1428.0545517174987,1450.8686523802016,0.009027577120391372,24,15
2017-10-11,1450.8665192322114,1463.1939795722728,1434.870535939062,1445.1836065376863,-0.003918373888076587,24,15
2017-10-12,1446.816576572767,1458.2000054375728,1426.8272010411677,1439.3784994614005,-0.00401686474301588,24,15
2017-10-13,1439.0217040585032,1455.9569495583416,1431.0719711554732,1446.5318171814336,0.00496972667210871,24,15
2017-10-16,1447.4992213650805,1455.6189622441573,1413.369785560919,1421.862561762742,-0.017054070381085418,24,15
2017-10-17,1421.823519325693,1435.4393898773155,1411.5525596389102,1424.5998507014676,0.001925143127287976,24,15
2017-10-18,1424.8879227844748,1435.189443850501,1404.2642780477534,1411.3352331616352,-0.009311118159461507,24,15
2017-10-19,1411.0257916146131,1418.6924095870017,1376.3486973733218,1389.6533274663427,-0.015362690015696123,23,16
2017-10-20,1388.26534889743,1407.1312725350076,1380.3289007674084,1401.7059711949191,0.008673129830553572,23,16
2017-10-23,1404.0169321437727,1420.5676272584094,1392.7176900997056,1410.9109079735779,0.006566952676110516,23,16
2017-10-24,1409.7768580127258,1414.8967585902144,1384.4934751421836,1398.5027626883118,-0.008794421543658726,23,16
2017-10-25,1399.3482405377115,1420.8777003056018,1390.6747506010502,1414.0091277634451,0.011087832994570501,23,16
2017-10-26,1415.359099777061,1436.1665790538955,1402.0340850707428,1420.7803353675786,0.004788659048363675,24,15
2017-10-27,1419.501153962867,1433.8785459930816,1402.2434981872814,1410.446626326987,-0.007273262997350094,24,15
2017-10-30,1408.2508706274136,1420.1698624318321,1358.221608010629,1385.9613524178114,-0.017359943617957896,24,15
2017-10-31,1381.8883820690476,1401.2849241186725,1370.1178345832154,1389.5479552905224,0.002587808719524576,24,15
2017-11-01,1392.0104041605603,1416.42938724915,1374.108399912144,1394.2212498363372,0.003363176152375136,24,15
2017-11-02,1393.45140271312,1407.1261040420193,1363.6585097906898,1385.3812808917683,-0.0063404348094727725,24,15
2017-11-03,1387.5667750945877,1406.5378371152094,1365.074402480872,1383.133369463974,-0.0016225940532033079,24,15
2017-11-06,1384.900327672553,1408.1127565682511,1368.772230690743,1396.1379227067462,0.009402240976813303,24,15
2017-11-07,1392.9160702166628,1414.1291688917288,1376.0837223804258,1398.274632112547,0.0015304429247637863,24,15
2017-11-08,1396.488290014687,1414.8114357650536,1382.529711062204,1397.612855458762,-0.0004732808838742164,24,15
2017-11-09,1396.1675933863241,1415.8824487663828,1385.4625336746674,1408.656521501295,0.007901806283048263,24,15
2017-11-10,1405.9435415730231,1447.0481171236943,1395.0072876371223,1432.7957287367003,0.017136333000239645,24,15
2017-11-13,1431.955387589158,1449.1716787270873,1411.886015360483,1430.3379196030266,-0.0017153939562905007,24,15
2017-11-14,1429.693455415073,1442.2185845038375,1397.303688843921,1412.5047214618107,-0.012467821692209058,24,15
2017-11-15,1408.10711821523,1420.0314828105568,1376.7948936155897,1386.3550976800848,-0.018512946105173733,24,15
2017-11-16,1385.982580369896,1404.5058595622518,1369.8110689547632,1387.816118926435,0.0010538578815737498,24,15
2017-11-17,1388.652080199887,1396.2110788098917,1323.2224598376097,1334.3488455985168,-0.03852619421172199,24,15
2017-11-20,1332.2274189708385,1355.2139925332933,1301.451411184198,1343.7589895775063,0.007052236759547359,23,16
2017-11-21,1344.0354150881622,1357.8043733698116,1319.791566254142,1337.600193899308,-0.004583259145402918,23,16
2017-11-22,1339.2490302097106,1356.4506480138589,1315.6182850348268,1336.480343719607,-0.0008372084459978835,23,16
2017-11-23,1333.9623050217156,1345.9274932730757,1293.8913047921114,1298.9861900586504,-0.028054399630454196,23,16
2017-11-24,1294.9605802863794,1313.1839695269189,1280.0544197014951,1297.9408617242366,-0.0008047262876340611,23,16
2017-11-27,1296.5709648009656,1309.9059303530837,1272.93151365989,1283.3256019146459,-0.011260343395133598,23,16
2017-11-28,1283.6768758837356,1305.53177374485,1277.6893654109147,1299.513502745298,0.012614024692175319,23,16
2017-11-29,1299.5554633966638,1319.236278766917,1274.260573324292,1303.8184644597961,0.00331274873666465,23,16
2017-11-30,1303.3163193077692,1319.5399129012649,1287.2284568930975,1300.2059727799347,-0.002770701426872413,23,16
2017-12-01,1298.7482531025348,1318.5875885249197,1291.0673617953018,1309.1212805624577,0.006856842661214335,23,16
2017-12-04,1308.6643288992702,1317.2626831118648,1278.8794838382983,1288.5801639223655,-0.015690766734207218,23,16
2017-12-05,1286.3264584467277,1297.637502296852,1245.9511319401183,1258.4415836398325,-0.023388983569941568,23,16
2017-12-06,1256.927632887806,1276.097589646433,1240.0658747358805,1268.5906118494347,0.008064759096920282,24,15
2017-12-07,1263.354707073011,1276.8037343418425,1251.1549581190511,1260.96491492207,-0.006011156677446783,23,16
2017-12-08,1253.701814972976,1275.4142896383357,1243.8399227858586,1265.144436362638,0.0033145422137510483,23,16
2017-12-11,1259.425180519811,1281.8693963453554,1252.002834323396,1272.532327010341,0.005839563005899606,23,16
2017-12-12,1268.8682055003012,1277.8488175071197,1240.7991315854356,1250.505516928151,-0.017309430664083192,23,16
2017-12-13,1246.5331823429262,1267.2689737874348,1236.7326071046912,1257.9799218002158,0.005977106674767363,23,16
2017-12-14,1260.979119196678,1273.8459245928634,1245.5530811432625,1259.6997434782709,0.0013671296721444737,23,16
2017-12-15,1258.8410966825575,1276.2898882428512,1242.347590984436,1258.101324549107,-0.0012688888264361653,23,16
2017-12-18,1257.6061816634906,1266.908154661472,1234.3464804028217,1247.0185027407435,-0.008809164724737473,23,16
2017-12-19,1246.1544100517224,1265.6425768761947,1236.2323525856395,1256.7360694919794,0.0077926403897603524,23,16
2017-12-20,1256.8419818106515,1264.3035368495687,1234.1954162792026,1241.4702775752219,-0.012147174165955676,23,16
2017-12-21,1240.7941437539334,1255.873734502636,1223.2369630441185,1244.214593797958,0.002210537193122697,23,16
2017-12-22,1244.7772896759259,1259.6676305731733,1232.475998187107,1244.940854602654,0.0005837102444516962,23,16
2017-12-25,1242.1610045560788,1255.4183184391343,1217.4704021075438,1227.357127893182,-0.014124146255192427,23,16
2017-12-26,1227.1610022993643,1243.579738020113,1213.8266718211605,1234.8535631138382,0.006107786438266816,23,16
2017-12-27,1233.6227981387394,1242.6952944810985,1218.266265767742,1229.0897881716965,-0.004667577690432911,23,16
2017-12-28,1225.8135860794566,1242.4038768600542,1216.9087061768932,1228.7667996346815,-0.00026278677125401995,23,16
2017-12-29,1228.3582971656422,1246.1918989474116,1218.824054255406,1238.231764856016,0.0077028165345520705,23,16
2018-01-02,1244.6814635596395,1262.773031869515,1235.4014561090494,1257.0148196631867,0.015169256144349275,24,15
2018-01-03,1262.7891836537253,1290.9014690564898,1255.3752878154778,1281.0957098060605,0.0191572046456272,24,15
2018-01-04,1286.921722961839,1298.8208966222414,1272.6846135266117,1284.2288469624916,0.0024456698531176713,24,15
2018-01-05,1288.0144466806873,1305.9455344543132,1275.4560223399421,1287.329537606853,0.002414437778512246,24,15
2018-01-08,1291.0346988144263,1305.13593688814,1274.4389103392164,1289.3182180019646,0.0015448106619293522,24,15
2018-01-09,1296.0404149115222,1312.633023864414,1282.833093794549,1292.9475178665862,0.002814898458695314,24,15
2018-01-10,1297.0078552006396,1307.3656440178827,1269.8214519468886,1287.0960397671192,-0.004525688799126293,24,15
2018-01-11,1283.7797245336146,1301.767386784686,1269.6693189123462,1291.2599852859898,0.0032351474872256425,23,16
2018-01-12,1289.205278531861,1300.341230305684,1275.3785334192498,1285.2641912553238,-0.004643367020575773,23,16
2018-01-15,1277.2256689185035,1285.6759012825262,1233.2733461938783,1248.2279141735662,-0.028816081031234564,24,15
2018-01-16,1246.3568350749586,1266.2956568079178,1233.8552640185458,1248.508782489023,0.00022501364716132066,24,15
2018-01-17,1244.736860086195,1260.246082982089,1219.5196185921486,1245.0507959889474,-0.0027696933722657358,24,15
2018-01-18,1240.2525677406832,1265.4956354711353,1231.9657466252402,1252.790277782797,0.006216197619232089,24,15
2018-01-19,1250.6092729475563,1269.6036312431136,1238.986337327837,1252.3299364789311,-0.00036745280677019654,24,15
2018-01-22,1249.0076155696984,1266.9788729961535,1228.5179993459315,1252.101776702066,-0.00018218823188620448,24,15
2018-01-23,1252.7716824090262,1267.9963552821343,1240.3848891998841,1255.3573776050157,0.002600108843807236,24,15
2018-01-24,1252.8511410103174,1269.9922278187057,1243.76230917107,1261.2214062740445,0.004671202618186987,24,15
2018-01-25,1258.96804831848,1279.387054326201,1248.7771271555453,1262.3820432717062,0.0009202484130763633,23,16
2018-01-26,1258.919995718585,1269.9306230668058,1246.9948415750298,1252.5801706075026,-0.0077645849895013885,23,16
2018-01-29,1249.1914041574234,1261.049206799794,1221.7069692427765,1232.0654302037924,-0.016377985924653893,23,16
2018-01-30,1226.6355658660334,1254.2239089108168,1217.3128836649316,1234.024184686836,0.00158981368604727,23,16
2018-01-31,1226.3531993807342,1234.6036811417432,1188.6321383163277,1197.3725719959027,-0.029700886859226783,23,16
2018-02-01,1195.0409862330978,1214.5623175531514,1141.1711440007875,1156.6737291133109,-0.033990124573131664,22,17
2018-02-02,1139.584222276856,1163.5024023997014,1109.895582326479,1145.957313988494,-0.009264855641730518,23,16
2018-02-05,1128.5277744465077,1148.0672257215608,1112.4233834755175,1131.5590175470445,-0.01256442649799605,23,16
2018-02-06,1114.0565332964038,1125.1785034997363,1060.718492645558,1067.498762839815,-0.05661238496079246,23,16
2018-02-07,1084.7975366277162,1099.6967695648966,1046.2451505352954,1070.6412911998784,0.0029438238895034274,23,16
2018-02-08,1068.69398612111,1098.854170580613,1061.4919186741317,1086.392630655143,0.014712060504981972,23,16
2018-02-09,1063.7995082343093,1084.2159793640465,1034.9689684874531,1052.3417993904975,-0.03134302489157281,23,16
2018-02-12,1061.0089168198062,1089.6679849853272,1054.733640492125,1080.520298016355,0.02677694513529527,23,16
2018-02-13,1084.4303668570576,1104.998609413492,1073.8475467331562,1084.1146880184988,0.0033265363073167187,23,16
2018-02-14,1087.5108581348684,1105.1776778052395,1078.9960169995732,1094.8334058828063,0.009887070051507907,23,16
2018-02-22,1094.9151623189123,1116.5991465414875,1085.1986205630913,1104.7417808970185,0.009050121197409666,24,15
2018-02-23,1104.4294793923061,1114.6482788210524,1093.208539043234,1105.582317843128,0.0007608447156104425,24,15
2018-02-26,1110.355527099748,1133.2710096631708,1101.1075400212228,1126.322885255173,0.018759858110346528,24,15
2018-02-27,1127.1124962560968,1151.849977387938,1114.9891539271753,1136.2610636909221,0.00882356077981794,24,15
2018-02-28,1128.3977680549053,1148.2979897159378,1113.7708024113367,1135.4795212320068,-0.0006878194491471978,24,15
2018-03-01,1128.9086717972907,1168.050253303377,1124.0668973482873,1160.7215041393538,0.022230240559476755,24,15
2018-03-02,1158.6826784148207,1178.4167470027412,1143.6709095095405,1157.6414909571097,-0.0026535333163554276,24,15
2018-03-05,1167.0484256578122,1183.5074667772983,1151.6604788738869,1169.9717217181687,0.010651165198704682,24,15
2018-03-06,1170.039738297609,1187.3009820569366,1158.7606501688153,1175.4730346896058,0.0047020905457084705,24,15
2018-03-07,1173.4319970956299,1187.063335954565,1159.8519736200885,1170.290698790191,-0.004408723761819999,25,14
2018-03-08,1166.971171359408,1185.484945988542,1158.6500554425254,1176.6951745824801,0.005472551220743416,25,14
2018-03-09,1177.4823208758576,1210.0884414416178,1171.0854058351376,1196.7268248335051,0.01702365292534913,25,14
2018-03-12,1200.7985259465356,1231.805240057982,1192.4701061612448,1222.2481070182425,0.021325904671926965,25,14
2018-03-13,1219.2761790938152,1236.1141986929297,1201.432651104156,1216.2499647479817,-0.004907467015754841,25,14
2018-03-14,1212.146864971628,1232.50201463743,1193.714370467208,1206.5012446238914,-0.008015391906802893,25,14
2018-03-15,1201.7188621439457,1223.7819657573568,1179.3465319543452,1206.5230463297244,1.807018926003323e-05,25,14
2018-03-16,1207.1725989542672,1232.2180560257643,1195.9135932670847,1211.59756874226,0.004205905911182084,25,14
2018-03-19,1211.0054387922771,1229.0067683783357,1193.7038441229906,1210.6209420617733,-0.0008060652362488208,25,14
2018-03-20,1201.0987656177801,1232.6577188221559,1188.766565164721,1221.3627193111497,0.008872948481365439,25,14
2018-03-21,1225.9728699264704,1255.8287506490803,1209.4689323178034,1225.712698948079,0.0035615788562652906,25,14
2018-03-22,1222.8903681664262,1255.8875799944885,1198.3445716969754,1230.6546364760054,0.004031888983582865,25,14
2018-03-23,1194.1717786793565,1220.9498180562273,1139.2312988932056,1160.649923695879,-0.056884125493230075,25,14
2018-03-26,1132.538841403808,1180.1123468332562,1112.745843908725,1172.7330316108828,0.01041063947734333,25,14
2018-03-27,1184.2357061838507,1218.3042549162158,1172.596494857533,1197.635718799033,0.021234745263330357,25,14
2018-03-28,1184.7111795798392,1207.90503136785,1166.803065426626,1183.1182989428985,-0.01212173253373916,25,14
2018-03-29,1185.5888765127725,1206.3434421106895,1172.6024445043893,1194.11567958999,0.009295250235684227,25,14
2018-03-30,1193.4050035361888,1215.1129401739377,1186.2049362290145,1205.5115712549539,0.00954337327592647,25,14
2018-04-02,1205.2795363203145,1224.2278806416891,1189.4258813652389,1204.4106060673398,-0.0009132763333559168,25,14
2018-04-03,1188.4694921862813,1203.5832283767618,1172.1025657465057,1187.1788114016672,-0.014307242545744558,25,14
2018-04-04,1190.5890500346964,1210.7887723898612,1173.0241938667436,1183.8063425807043,-0.0028407420925760096,25,14
2018-04-09,1172.178890760436,1196.9959383290986,1154.202642083779,1184.266102760752,0.00038837448618966874,25,14
2018-04-10,1186.8089573357488,1199.6655202415598,1164.2777297584014,1185.1547751818168,0.0007503992717456942,25,14
2018-04-11,1187.3816437102187,1209.1874283018903,1178.824920244286,1198.626562755087,0.01136711242732269,25,14
2018-04-12,1195.705629214618,1211.9075308455533,1175.0168632380812,1187.0869979730542,-0.00962732275472733,25,14
2018-04-13,1190.5584418654475,1199.9992466491994,1172.4363899767764,1178.2474678913384,-0.007446404599502188,25,14
2018-04-16,1175.3553688329048,1189.8437612829402,1153.9182026995347,1169.103189049521,-0.007760915334859675,25,14
2018-04-17,1171.7475363838396,1186.2422338370466,1136.9543250356191,1142.2176474610362,-0.022996722479512344,25,14
2018-04-18,1148.6855094941102,1163.0100905570268,1119.635671804526,1154.0470281525868,0.010356503174193898,25,14
2018-04-19,1155.4042508938958,1180.4508114428738,1147.2215735830148,1167.0156063789505,0.011237478118308664,25,14
2018-04-20,1160.1725928760627,1169.919666531918,1127.9303986681855,1133.5306441714638,-0.0286928144100701,26,13
2018-04-23,1130.7313943284237,1148.8975668706166,1110.0429271039382,1125.7834415194093,-0.006834577161094146,26,13
2018-04-24,1128.1613464507134,1154.0511560007822,1117.4213310349078,1146.7053562049446,0.018584315521019024,26,13
2018-04-25,1145.8246267328552,1166.9202281064302,1134.4328806013798,1153.1021135172348,0.0055783792041057545,26,13
2018-04-26,1150.0590179340907,1163.224392999572,1120.2559514378036,1129.931964359465,-0.020093753091038336,26,13
2018-04-27,1129.6401387901533,1150.2900233515759,1109.5592288758635,1125.8303827152683,-0.003629936822366009,26,13
2018-05-02,1124.8436760192262,1141.5340632076543,1099.1316816064189,1118.79102286004,-0.00625259360850694,26,13
2018-05-03,1119.225660880408,1143.254200412864,1101.3816071701308,1134.7903883738436,0.014300584458483812,25,14
2018-05-04,1132.5589425239343,1147.0095377693542,1120.3905224700447,1129.906936658045,-0.004303395381059394,25,14
2018-05-07,1127.8930715748154,1157.793892041403,1122.3069443928284,1150.4359720217658,0.01816878425796742,25,14
2018-05-08,1152.2373604089073,1173.4181088355147,1142.4565579079165,1159.970387800715,0.00828765442912327,25,14
2018-05-09,1158.4574569754807,1173.482209175073,1144.4184538901427,1158.6717553305095,-0.0011195393295061473,25,14
2018-05-10,1160.618172969475,1180.150697023835,1150.3290656557854,1167.6447882133298,0.007744240628581478,25,14
2018-05-11,1169.0741602635164,1177.1191125601486,1147.5580367992306,1153.380379042247,-0.012216394330770264,25,14
2018-05-14,1152.6376355034938,1166.348783147344,1134.8021610491649,1145.6354880998656,-0.0067149494504255,25,14
2018-05-15,1146.5909239922744,1167.0469687989598,1135.1209711700603,1157.6318032883041,0.010471319466836215,25,14
2018-05-16,1154.634020234246,1166.136086429532,1142.5664755053042,1150.2956296921916,-0.006337225338206687,25,14
2018-05-17,1149.1948334933863,1160.8493781694876,1138.3845893045007,1147.5898880273967,-0.0023522141569110033,25,14
2018-05-18,1148.5580900149034,1160.9529015538378,1134.58770473668,1152.5261775249207,0.004301440391749178,25,14
2018-05-21,1159.4470052296128,1177.2930650461765,1150.779524303275,1167.197237142691,0.012729480599977805,25,14
2018-05-22,1167.3708748276335,1177.5470200748198,1152.2554517547808,1166.6771477193013,-0.00044558829205498807,25,14
2018-05-23,1164.7086937633114,1174.974928632477,1148.957457056499,1155.6389565299585,-0.00946122173638253,25,14
2018-05-24,1154.1389010399248,1165.8858903808748,1137.6420372155078,1147.8120060481435,-0.006772833710380399,25,14
2018-05-25,1146.8400740233815,1158.4715365707077,1128.667944790081,1138.333955816976,-0.008257493545306138,25,14
2018-05-28,1137.3403437122686,1149.1727413213002,1117.6989187094382,1127.0027620611545,-0.009954191121083755,25,14
2018-05-29,1127.6376076197055,1144.1214313200287,1110.867597753208,1124.643580435454,-0.002093323730090746,25,14
2018-05-30,1112.2742161193053,1116.3714401010986,1061.9822598995524,1071.1627576679036,-0.04755357492623835,25,14
2018-05-31,1079.9512725695397,1100.0985287807835,1066.8605822923819,1089.787689139707,0.017387583108614324,25,14
2018-06-01,1088.2251224783795,1098.931500870711,1065.3305509800266,1076.433501638251,-0.012253934995354765,25,14
2018-06-04,1071.1129322381144,1082.0983414315651,1052.1185564871212,1065.4159660939965,-0.010235221708992381,25,14
2018-06-05,1065.8963991651494,1090.8610460163839,1060.3279897948164,1086.6224337262177,0.019904401949191408,25,14
2018-06-06,1086.075245749604,1104.955799367766,1077.1962196893053,1094.9965903137945,0.0077065927664135,25,14
2018-06-07,1095.7796451747288,1105.53813867537,1076.0803100407295,1081.1050886323387,-0.012686342409043316,25,14
2018-06-08,1079.8779451029307,1093.588128612186,1054.338276670972,1073.7285042947915,-0.0068231889897762965,25,14
2018-06-11,1072.1836471144484,1087.530838319505,1058.6567000788634,1071.4639979881226,-0.0021090120059317208,25,14
2018-06-12,1068.9886388344023,1081.817733779167,1055.067282311285,1075.1336241328954,0.0034248711591460257,25,14
2018-06-13,1073.7692911595166,1079.6320927326526,1049.096994128354,1053.2143432963258,-0.020387494488648183,25,14
2018-06-14,1049.9537310616224,1066.1506262477476,1037.7675580116693,1049.4913243997562,-0.0035349109326762163,25,14
2018-06-15,1050.5197363788523,1058.3585071464443,1010.5402268193294,1026.9492942410184,-0.021479005718918476,25,14
2018-06-19,1009.5143828451443,1018.7944495964014,938.1233830033839,950.0192667994637,-0.07491122285488383,25,14
2018-06-20,947.5209341538339,972.0794497719153,934.1209226707163,960.9914303407858,0.011549411601184056,25,14
2018-06-21,961.127813777242,974.7116888954668,933.2075526674672,939.9083349054793,-0.02193890056629344,25,14
2018-06-22,937.2045885575383,966.2052700570437,922.7264256928581,958.8040009290072,0.020103732802229324,25,14
2018-06-25,965.6180993576336,986.3284405893248,949.5144946859001,965.4761043912159,0.006958777243048608,25,14
2018-06-26,957.3369290961272,983.1117180313228,943.9602425083197,972.905894357831,0.007695467482646823,25,14
2018-06-27,971.292810956662,985.5582916189857,951.991858562454,962.2140419605539,-0.010989605941625347,25,14
2018-06-28,954.7123857403974,975.0359951745083,936.922268260298,953.1409060232819,-0.009429436218562182,25,14
2018-06-29,949.9692247321589,987.7852184449893,942.3455456420107,981.1138261694834,0.02934814776013628,25,14
2018-07-02,980.6688313727838,998.3673474378079,954.9816637839571,973.2562948866679,-0.008008786619074892,25,14
2018-07-03,972.4788277865877,989.0061118764919,956.1019232020614,981.7028475733767,0.008678651996484099,26,13
2018-07-04,971.742093182868,986.2252691022925,949.2663169807795,966.9849818706126,-0.014992179903668856,26,13
2018-07-05,966.9168865808788,982.8285623237091,939.5539382916132,948.7633392021535,-0.018843770079251643,26,13
2018-07-06,946.1196474380532,971.1199004289266,924.5004583391463,955.3468581631196,0.006939052858537353,26,13
2018-07-09,955.3486786618603,978.7790955962375,946.8555342599046,971.9944853851924,0.017425741320887145,26,13
2018-07-10,973.2368380276916,983.7390941866364,959.4774235665196,976.9561738240931,0.005104646696564741,26,13
2018-07-11,965.1387775435052,976.1345596520173,931.7634961667102,950.4919601809813,-0.027088434826634034,26,13
2018-07-12,947.9290721500945,978.6722750391485,943.7150461800924,970.9093749968528,0.021480891655289547,26,13
2018-07-13,972.4434125791802,984.7262030404391,960.1544198936533,975.1052264499713,0.004321568584227498,26,13
2018-07-16,974.3326418597455,984.8135085884102,954.8725228530601,971.307117280405,-0.0038950762097685887,26,13
2018-07-17,968.6577460373147,987.8069316914455,957.9804775284523,981.4870725250108,0.010480676053429061,26,13
2018-07-18,982.181296191447,997.8955396392744,973.3888637659225,985.7318386322202,0.004324831397207296,26,13
2018-07-19,987.1535538910179,995.5414503028185,959.4203189497724,965.9843523542531,-0.020033324991681423,26,13
2018-07-20,964.6201698853523,987.198393649692,952.6185533322093,978.0179975111473,0.012457391393107198,26,13
2018-07-23,977.2883664424679,990.2424358988678,966.7764045177148,984.6498172223473,0.006780876965533089,26,13
2018-07-24,984.1685955402328,1008.2438448830318,978.593619293456,999.082429980613,0.014657609746965061,26,13
2018-07-25,997.9948258151455,1013.0362698144746,987.467708348414,998.3478328027039,-0.0007352718413068393,26,13
2018-07-26,997.526880551675,1027.999067424834,986.7566760707249,1004.6380738616407,0.006300650787489648,26,13
2018-07-27,1001.4184239942094,1018.7819141521635,986.5315116659431,1001.4222947341458,-0.0032009329639818285,26,13
2018-07-30,994.4638604233281,1011.9678134872643,975.3612754983001,984.9990458002734,-0.016399923409167072,26,13
2018-07-31,986.0673092740268,1000.4496019985155,973.6130978149104,987.595362922188,0.0026358574995422046,26,13
2018-08-01,984.6220613712533,993.2589649945845,956.3869535546569,961.2492184308697,-0.026677063785883748,26,13
2018-08-02,959.3105829724791,966.8754874465362,913.5654976590719,931.9135226034123,-0.03051830395799393,26,13
2018-08-03,930.5273460810191,947.5858179875122,914.703727014072,923.5539691839533,-0.00897031024520989,26,13
2018-08-06,921.4886930980723,934.1631783785965,903.1816680019833,914.9149257722436,-0.009354129482376794,26,13
2018-08-07,916.0878103426504,943.6831569980423,908.2568055592476,940.8733475176768,0.028372497829262988,26,13
2018-08-08,940.3598645537473,949.6628147748606,923.5581995408927,931.6306925730793,-0.009823484711287245,26,13
2018-08-09,928.8283511942567,960.7691002793225,923.9509556200594,949.746526357959,0.019445295146776953,26,13
2018-08-10,952.7396020749528,961.4185666839495,942.0445278008851,953.6864945346496,0.004148441786672619,26,13
2018-08-13,942.9805616660569,958.8408285039061,929.5715857582261,953.7530136253871,6.974943141035972e-05,26,13
2018-08-14,954.4835090942814,968.0426610351843,946.0887454133266,959.0763756233927,0.005581489045859422,26,13
2018-08-15,959.6261647956718,969.4739709841929,935.9382382542873,942.1693636237655,-0.017628431300518277,26,13
2018-08-16,932.8123593705329,949.580274498259,921.0075408377922,933.55149225145,-0.009146838885919162,26,13
2018-08-17,938.4787118481784,946.4447859659222,911.1001914561506,917.4457558715488,-0.01725211358299994,26,13
2018-08-20,915.563787735826,931.7494541758394,901.2175082820884,924.0346703130743,0.007181802738044363,26,13
2018-08-21,926.3493913505968,938.9922943418824,915.8659531464281,930.5308433740636,0.007030226537699358,26,13
2018-08-22,927.5024573256854,936.6382274856193,913.5769606322224,923.2213715488349,-0.007855163401918941,26,13
2018-08-23,921.9117827175219,934.36577526095,915.3268432598562,925.370664061858,0.002328035917774862,26,13
2018-08-24,923.2665971657841,933.4352563844977,913.9330829049572,922.2341361809912,-0.0033894827258724725,26,13
2018-08-27,922.2181432437308,942.3173457333908,918.8956129304162,937.5179476069836,0.01657259347315354,26,13
2018-08-28,937.9388788094144,948.8884703151554,931.816120369083,941.6321584300482,0.004388407532427641,26,13
2018-08-29,943.7407639100529,950.9123329842034,928.9163942434135,935.9976355710459,-0.005983783379272634,26,13
2018-08-30,935.7827229474211,944.863684823423,919.3347884813127,925.1316497956968,-0.011608988487155525,26,13
2018-08-31,922.718215421376,932.1338707523788,905.0328503512858,914.2971557369476,-0.011711299749762039,26,13
2018-09-03,914.7013145693877,922.920019408135,897.9759391251558,912.6466537996724,-0.0018052139032902481,26,13
2018-09-04,912.4210039434508,931.1704615714173,906.3931113139681,925.2678278668651,0.013829201054587958,26,13
2018-09-05,929.8291810873117,936.8248762185708,914.9196975806678,918.6182746931916,-0.007186625292055826,26,13
2018-09-06,918.06634483804,930.2241042719983,906.1788800691404,916.2611893728588,-0.0025659029275462153,26,13
2018-09-07,916.0539737795003,931.8487546627987,908.7748767527413,918.357637010965,0.0022880458786442848,26,13
2018-09-10,932.006993133723,952.2097679173783,913.2336688279989,921.0364912479412,0.002917005455189692,26,13
2018-09-11,919.9351120184737,940.7662397008165,905.1974645044735,928.6950250608935,0.00831512528084044,26,13
2018-09-12,926.5344623559474,947.2005941805425,914.1029299036117,928.2229775033184,-0.0005082912526037653,26,13
2018-09-13,931.95222181137,945.0856316301355,915.6784605424451,934.3838736632814,0.006637301929902861,26,13
2018-09-14,933.9795325342311,952.1195529355706,919.1546480185006,929.3605200368506,-0.00537611335985122,26,13
2018-09-17,928.103087886854,943.8025459757874,911.6271744634307,926.1628375441835,-0.0034407341647569867,26,13
2018-09-18,921.5838273906048,952.247533670834,907.7543221027344,943.05787163392,0.01824196934367972,26,13
2018-09-19,938.6530676270756,960.7575005029009,928.9212988629768,945.9593982445951,0.0030767216922202856,26,13
2018-09-20,942.203220664185,954.4436911473535,932.7697191451681,940.3907172402916,-0.005886807631106938,26,13
2018-09-21,940.5665073543961,955.0021760496516,930.3442334548362,949.2732444639878,0.00944557093222187,26,13
2018-09-25,943.924060679101,954.2869572622245,935.3450394544368,943.2552848934725,-0.006339544072911596,26,13
2018-09-26,944.760257042971,968.4365129985409,938.308826009795,953.4300349674445,0.01078684661185969,26,13
2018-09-27,951.0560094208805,956.7402665844937,927.5477334727775,932.3911242275087,-0.022066549162838345,26,13
2018-09-28,933.9054737901052,952.2609373298558,926.4942434340965,943.4156391887283,0.011823916674832624,26,13
2018-10-08,930.3343834220914,941.3321655604483,906.8062167518594,914.7915259883953,-0.030340935650534417,26,13
2018-10-09,916.8876930424587,931.0838414697901,908.1230537571054,921.2438149093767,0.007053288905371158,26,13
2018-10-10,922.2496322515003,936.5247142618606,913.12132656358,926.0964945164462,0.005267530189656533,26,13
2018-10-11,902.0647419745868,912.4687800584638,845.0561668148454,860.0853093836803,-0.07127894935746748,26,13
2018-10-12,853.2196297237485,868.6954044462713,813.0594487092911,852.3065503400455,-0.009044171501090825,26,13
2018-10-15,855.3376968145242,869.5507814020244,831.3836822664961,840.7401351460916,-0.013570721930201368,26,13
2018-10-16,841.5130571677499,856.7829666635653,815.3661667170885,826.3242882496307,-0.017146614386329806,26,13
2018-10-17,835.0039281850864,848.3885423596306,811.4502524067782,833.4550960247706,0.00862955122648601,26,13
2018-10-18,826.7572168729482,834.4091294993068,802.2208396700067,811.664457533946,-0.02614494601419648,26,13
2018-10-19,799.4747526692457,834.6107684991393,790.8629101555794,829.4996039729183,0.021973546178380543,26,13
2018-10-22,838.28138578808,880.4419819976165,834.5655483218504,868.0095022349687,0.04642545707991408,26,13
2018-10-23,867.1807340880829,879.6669874907931,845.8331246553851,855.1105382440328,-0.014860394912409869,26,13
2018-10-24,850.6309622942457,873.423144628251,844.8159169181572,859.6752893380232,0.005338200021910655,26,13
2018-10-25,837.4947347603335,862.7727601451304,824.17076582519,855.052152064433,-0.0053777715038780816,26,13
2018-10-26,859.5370252270609,873.3669621485709,846.9274831719035,856.5133942015998,0.0017089508910523854,26,13
2018-10-29,852.8520081422656,866.5128322872313,836.9727486276279,846.8947261721391,-0.011230026400727455,26,13
2018-10-30,846.2372170875921,867.9967118411297,834.536685447342,859.8698085802316,0.015320773653578312,26,13
2018-10-31,865.3149757052264,885.7567226951336,859.506285549764,878.2352977789863,0.021358453355954765,26,13
2018-11-01,886.9375155003202,900.5517535347992,871.0758757678623,877.8721874125938,-0.00041345453469099347,26,13
2018-11-02,887.3046927507673,913.5352872813104,882.1719399381901,905.493864795174,0.03146434957005684,26,13
2018-11-05,907.0932119617077,932.1852929553951,896.7629478808029,915.8410002149927,0.011427062978675462,26,13
2018-11-06,912.0303602584534,922.3325462078072,891.543133201801,908.8602157694456,-0.007622266795118682,26,13
2018-11-07,906.3730248143975,922.8495881132997,896.7324180026122,905.2570713339715,-0.00396446491215785,26,13
2018-11-08,911.2686324297342,922.376727946848,895.1068714420095,901.4667575738738,-0.004187002653856409,26,13
2018-11-09,897.3524413051222,910.8185306124542,888.3400976425777,900.2046850074775,-0.001400021194118195,26,13
2018-11-12,900.3111898522637,925.3457306930779,893.75491704536,922.4013537511387,0.024657357502507304,26,13
2018-11-13,915.4330474088656,952.3484859108294,910.2553610898959,940.8779859294854,0.020031011558263145,26,13
2018-11-14,943.6402937745974,960.8456980449902,926.5058539837654,939.7607355236898,-0.0011874551456231286,26,13
2018-11-15,940.4893090433546,965.5373514327865,930.6929296331684,956.9316752170073,0.018271607914911225,26,13
2018-11-16,958.358480505006,979.0733469893859,947.9865021423423,964.2058687859993,0.007601580925140183,26,13
2018-11-19,964.1482034112344,977.0257489526211,946.1343436089127,966.030989303744,0.0018928743091375377,26,13
2018-11-20,959.9498983091764,971.1840321812556,933.3324655010615,940.5602750671162,-0.026366353169462453,26,13
2018-11-21,930.1215108588416,960.2388881833731,922.0409703548609,950.3959721343865,0.01045727459260215,26,13
2018-11-22,952.1762302453218,971.6583388534226,940.1093537753278,957.9698680402341,0.007969200341662042,26,13
2018-11-23,955.569202530891,964.4029628184238,911.4357042501999,920.0750958278786,-0.03955737385548319,26,13
2018-11-26,915.3540529352668,934.1440699417178,901.3111809858447,916.5889996434414,-0.0037889257086134442,26,13
2018-11-27,921.6830941956066,933.4851738880475,908.2860485689632,919.3641053273589,0.0030276445440617916,26,13
2018-11-28,919.410348660187,940.4961720469006,904.9111593026387,935.1891613187981,0.01721304529917922,26,13
2018-11-29,939.2024192376706,950.697441749118,909.7997827982804,915.6689670478773,-0.020872990276527115,26,13
2018-11-30,913.7930124108522,930.4407710552551,897.6295940912762,923.9792734424057,0.009075666745942845,26,13
2018-12-03,941.1292013714459,961.9192890940465,931.7576590907904,948.9724400733014,0.02704948839142296,26,13
2018-12-04,948.4530830971552,961.3113665498638,938.2676291980499,954.9400992768025,0.006288548488341927,26,13
2018-12-05,938.4497475023603,961.6490650698703,932.0893835040157,950.1663662371677,-0.004998986892738033,26,13
2018-12-06,948.2310492936105,961.7856433466595,930.5838156027164,937.4824076348362,-0.013349197627950504,26,13
2018-12-07,939.3592451891673,954.7780466575767,928.8082243450998,941.0443003716098,0.0037994235494613893,26,13
2018-12-10,934.7945642946531,946.6826228642677,918.7994084642289,929.134355923331,-0.012656093282298997,26,13
2018-12-11,933.018925799046,951.1038988123556,925.6502584354489,944.6742918739928,0.01672517634461923,26,13
2018-12-12,949.3145683485185,958.4539379639401,935.5075460954989,942.2888686485098,-0.0025251277038046416,26,13
2018-12-13,945.8716865828767,963.3187546870038,937.039753900323,953.1643139605656,0.011541519457461069,26,13
2018-12-14,950.6682859552539,959.9099782309935,925.2525621618046,931.9507682556938,-0.02225591683843653,26,13
2018-12-17,928.2780694231501,941.3855992298322,912.2785840337584,932.0016453085688,5.459199628132794e-05,26,13
2018-12-18,927.2305267267728,942.2944788556159,910.6783573112951,926.0703120209109,-0.006364080275517159,26,13
2018-12-19,927.4435046078503,935.34074939684,909.195454149236,916.106479916664,-0.010759260905906287,26,13
2018-12-20,914.96745256233,935.5578323783291,904.9628276012363,924.9555811256566,0.009659467979964198,26,13
2018-12-21,922.0766899098899,932.8327832759296,905.0715220758398,920.5391877047035,-0.004774708657445448,26,13
2018-12-24,917.4362948359684,935.2905535524209,909.378754622861,927.0287537099508,0.007049744423622606,26,13
2018-12-25,919.1264584743429,931.3298600270397,890.1620061388934,918.1830159249644,-0.009542031732657774,26,13
2018-12-26,927.8144280032342,970.4190690855654,920.7262841651943,944.9373919696154,0.02913839134532359,26,13
2018-12-27,956.7537298013169,970.0986402495622,924.4298524060605,934.973892344814,-0.010544084411808097,26,13
2018-12-28,928.8944098760447,951.1326616823177,910.2883709945837,932.9998951478751,-0.0021112859012440977,26,13
2019-01-02,934.0820469220215,948.5782987196952,916.808145251922,930.4263031042524,-0.0027584055014441278,26,13
2019-01-03,928.172545688217,957.0896233299961,910.4657746440665,937.5923105433026,0.007701853886913801,26,13
2019-01-04,925.599055795765,984.667677439932,913.9383984154509,972.210238472365,0.036922154266604945,26,13
2019-01-07,981.0627703570256,1027.7159627128103,969.0248326833733,1015.1790109318995,0.04419699645114972,26,13
2019-01-08,1016.908848796989,1030.5893669682584,986.7618810562329,1005.8638233894633,-0.00917590635949539,26,13
2019-01-09,1002.0742353582709,1034.8328496504198,991.7206003700094,1011.7191512658186,0.005821193426188254,26,13
2019-01-10,1011.9071267288415,1057.3784069070261,998.8007303886975,1026.3247345874993,0.014436400955153195,26,13
2019-01-11,1026.6765471317565,1046.0275207812483,1004.536480712715,1024.4480625927645,-0.0018285362629294477,26,13
2019-01-14,1026.823131889799,1036.790611307616,1005.3302994353854,1017.8790205109439,-0.006412274396024653,26,13
2019-01-15,1020.225782000927,1045.8261018975404,1008.7788319236041,1037.3503598650493,0.019129325746719328,26,13
2019-01-16,1038.474249575569,1052.6936040959233,1012.9485192777944,1027.714116453166,-0.009289285264370006,26,13
2019-01-17,1025.1984618795811,1042.522451125597,1004.7995000179864,1016.4166893968178,-0.010992772090489211,26,13
2019-01-18,1019.965606434402,1033.6878998973589,999.1958384491303,1017.4794548467856,0.001045600156957649,26,13
2019-01-21,1022.4609499835028,1043.3719409568544,1006.7418252527806,1021.0989286612711,0.0035572942502613003,26,13
2019-01-22,1019.684158592457,1029.688188176197,1001.7080667118706,1012.9844684590774,-0.007946791417000387,26,13
2019-01-23,1008.910025431715,1022.317883120677,993.9925231878971,1010.5015752791886,-0.0024510673728943555,26,13
2019-01-24,1009.3222610342422,1023.7198239174683,996.2888051451099,1010.8819795900794,0.0003764509825585627,26,13
2019-01-25,1012.5976652525082,1023.358386472901,993.0382009688158,1000.1205422060433,-0.010645592266270265,26,13
2019-01-28,1004.8798497140575,1022.522529315328,988.2702339355684,997.7550200679169,-0.0023652370272372325,26,13
2019-01-29,993.3297883238625,1005.3008563951358,955.8825542578976,980.7208896275425,-0.01707245776544919,26,13
2019-01-30,974.198895136158,989.1820965845696,954.8265451563365,963.9033602790738,-0.017148130040194887,26,13
2019-01-31,963.787432048696,978.0508164477909,933.3543960516173,946.0403439117975,-0.018531957770231755,26,13
2019-02-01,952.823145273003,985.7341157377671,949.1295792868826,979.1856300576885,0.03503580619917113,26,13
2019-02-11,987.0038452580422,1010.9756775257902,977.6477169408246,1005.2036399311404,0.026571069953221116,26,13
2019-02-12,1007.5473418738534,1023.4989968378547,995.7658230037919,1011.3112834381864,0.006076026055242156,26,13
2019-02-13,1010.4779055487256,1034.8181735413266,1001.0574446251695,1026.1677912125347,0.01469034116166501,26,13
2019-02-14,1025.2653541679458,1044.7932809749655,1013.7608066407795,1031.803111827091,0.005491617124230297,26,13
2019-02-15,1027.702845327983,1045.2206324247081,1014.7984434344946,1023.3579677936522,-0.008184840631546786,26,13
2019-02-18,1027.9771115299984,1063.8057858433483,1023.4945792054319,1058.3567977012751,0.034199987696465595,26,13
2019-02-19,1061.6343080359993,1073.7073703260178,1033.2610843097455,1051.0459843105243,-0.00690770202131219,26,13
2019-02-20,1049.7821685028528,1064.8484386113585,1031.2203185618866,1053.4115786474667,0.0022507048904183424,26,13
2019-02-21,1052.5510567291728,1077.5087399594156,1037.7765980671304,1048.4681763873796,-0.0046927548171002975,26,13
2019-02-22,1043.4827874907082,1070.1402720231645,1033.5120615606163,1064.945292982019,0.015715418899420852,26,13
2019-02-25,1072.6637546255856,1119.1551018602008,1061.005585696175,1107.4519338965497,0.03991438921290036,25,14
2019-02-26,1106.3775335643222,1125.2566035731284,1078.169472917001,1091.850184075902,-0.014087970180117093,25,14
2019-02-27,1090.1163333380914,1110.7525407512953,1064.0956706557047,1079.893059242874,-0.01095125046221257,25,14
2019-02-28,1075.6094845573912,1097.5885330761557,1065.6023489153715,1081.2385932924715,0.0012459882375213116,25,14
2019-03-01,1085.2168353427467,1094.215075740028,1061.9903436951558,1080.4116700174827,-0.0007647926000040606,25,14
2019-03-04,1084.5663405315825,1114.9431208469125,1077.1740919450601,1094.4502741090134,0.01299375458551233,25,14
2019-03-05,1090.2343869713718,1119.5801327553925,1078.3526856725537,1113.0283694844525,0.016974819062075097,25,14
2019-03-06,1118.3069821086938,1148.9398923199515,1098.0054922345855,1137.100082455655,0.021627223196792666,25,14
2019-03-07,1132.5454571057057,1165.5968007388235,1116.6636546555321,1142.7415905040623,0.00496131179255932,25,14
2019-03-08,1128.1853060337262,1150.121764301789,1078.7066839158863,1086.4077135618898,-0.049297126673514935,25,14
2019-03-11,1125.0642039080442,1185.888759971432,1117.9782045319057,1185.0196547595208,0.0907688153964985,26,13
2019-03-12,1258.792740667653,1276.7574380388212,1219.130953851445,1243.156439232787,0.049059763894856445,26,13
2019-03-13,1265.2067154063907,1288.5179857311944,1211.0377119376283,1229.3631755659167,-0.011095356329717365,26,13
2019-03-14,1215.2738040881384,1239.4518883806563,1157.1555258340102,1182.866521359898,-0.03782173984885695,26,13
2019-03-15,1181.6991769474864,1223.3799257498931,1165.202596910145,1195.091982204784,0.0103354525841437,26,13
2019-03-18,1188.8026517161163,1219.8427178896095,1163.5900309402728,1212.5875328241582,0.014639501293529866,25,14
2019-03-19,1212.5047753581132,1241.2910126201243,1193.4632082510093,1212.981856001417,0.00032519151532151014,25,14
2019-03-20,1206.9734915275103,1224.9107756634055,1173.01180196975,1203.0039988239398,-0.008225891531773777,25,14
2019-03-21,1207.1567520893157,1237.480872944651,1197.6523087351372,1220.8325623808257,0.014820036819757298,25,14
2019-03-22,1224.3357866321492,1244.886607907838,1191.204269382896,1225.406715027996,0.003746748561694435,25,14
2019-03-25,1201.0374204280847,1225.9971757804485,1183.6309856653984,1195.2579720670496,-0.024603050229129342,25,14
2019-03-26,1195.0644337996748,1208.8770196686532,1149.086293338577,1156.6304021857734,-0.03231734971361433,25,14
2019-03-27,1166.4830725305508,1179.1866316984717,1134.0462410855605,1157.867409738448,0.0010694925106040643,25,14
2019-03-28,1153.339527601105,1176.7981452597564,1133.8121430668104,1150.0006760706235,-0.006794157605317985,25,14
2019-03-29,1148.501030180496,1179.332829083928,1130.363047973916,1174.1212351997485,0.020974386912137488,25,14
2019-04-01,1182.869250314801,1226.3241611559226,1178.6145539667925,1217.7981317090973,0.037199647872749875,26,13
2019-04-02,1226.8458478914854,1248.224010037012,1211.716519220509,1225.5413931558394,0.006358411336922387,26,13
2019-04-03,1222.6206452659708,1246.0547897899005,1209.383337270182,1237.8589994949687,0.010050746884534556,26,13
2019-04-04,1246.6328528124975,1266.185772771689,1226.9570074015803,1246.8848398893672,0.00729149313296662,26,13
2019-04-08,1253.7385768301135,1265.4480570876667,1211.4962116857687,1229.3594387920934,-0.014055348606875961,26,13
2019-04-09,1232.047358237002,1255.6640224424032,1219.2604153237476,1247.120163258768,0.014447137188880355,26,13
2019-04-10,1244.704674039784,1260.3296422634369,1223.39055421424,1247.769539984903,0.0005207010080234831,26,13
2019-04-11,1252.6844141761298,1281.2508280235456,1233.0695148259026,1251.4064239530076,0.0029147080863574093,26,13
2019-04-12,1249.2387001162488,1267.785671290274,1229.8237787093176,1248.4480923562153,-0.002364005442330508,26,13
2019-04-15,1263.2369856631117,1284.550941109989,1232.7899891158618,1240.2530281971574,-0.00656420095415533,26,13
2019-04-16,1233.0208008115558,1253.4559677979282,1201.6407637405046,1247.0566253904901,0.005485652555287546,26,13
2019-04-17,1247.293121530135,1285.1766859023664,1236.4531784246558,1268.5638054877145,0.017246354062302238,26,13
2019-04-18,1267.2322998598809,1284.5171657982244,1241.2605116230695,1254.641039758612,-0.010975219116983848,26,13
2019-04-19,1253.6576873294532,1280.3582290019215,1240.046509092717,1269.1768575512106,0.011585638706187451,26,13
2019-04-22,1271.105320310007,1283.6134446594308,1235.8323504929558,1248.9481024452477,-0.015938484054139446,26,13
2019-04-23,1246.2162828717076,1257.637587610686,1208.9293307140786,1219.093952558542,-0.023903435081294333,26,13
2019-04-24,1218.579225233883,1240.1410371270454,1196.090263319204,1226.6500661608418,0.006198138860783908,26,13
2019-04-25,1224.0075431173718,1240.2208910285478,1174.2420317936014,1182.2202352022996,-0.03622046106237786,26,13
2019-04-26,1175.850701702231,1196.277494669994,1149.380160667829,1160.2770373986343,-0.01856100678221806,26,13
2019-04-29,1158.6971407031817,1171.9925148585514,1107.1500619950623,1122.7945044910703,-0.03230481316048506,26,13
2019-04-30,1119.0926418936938,1148.3234068979625,1108.202337343066,1129.3883636153575,0.005872721230743672,26,13
2019-05-06,1094.8834255028826,1108.1831706256824,1027.2281464112868,1042.9014111848112,-0.07657857581752237,26,13
2019-05-07,1050.607594756101,1071.0120451316036,1033.1781232179437,1056.934080844083,0.013455413434842134,26,13
2019-05-08,1035.855662914472,1069.1800577447154,1022.0131151853586,1051.9439426651927,-0.004721333401327299,26,13
2019-05-09,1042.6412056868871,1063.6374460039278,1032.872119788269,1044.1100652744099,-0.007447048338845019,26,13
2019-05-10,1052.7905442922424,1080.4464960518665,1030.1745918077224,1074.2732241284214,0.028888868958546254,26,13
2019-05-13,1064.4438621646098,1084.456378907196,1051.4595874030076,1070.5704120473713,-0.003446806639022526,26,13
2019-05-14,1057.9183669183333,1081.027551512928,1046.7427207293824,1060.89681133054,-0.00903593132032432,26,13
2019-05-15,1068.1173385793297,1086.022966648701,1062.1193922418636,1078.3630807351742,0.01646368357232486,26,13
2019-05-16,1079.7812352617025,1094.812635149345,1069.3348307895276,1085.704659341361,0.0068080767390346075,26,13
2019-05-17,1085.959568214146,1092.4154952899742,1033.3858653660116,1044.4878507694677,-0.0379631865970782,26,13
2019-05-20,1043.4158252705975,1063.146830039905,1019.5786745461086,1051.7324183350427,0.006935999839766449,26,13
2019-05-21,1051.4869597656968,1075.8775314686125,1043.8631636275102,1064.837937081093,0.012460886930534265,26,13
2019-05-22,1067.673597404936,1080.2932415455414,1047.7787976593224,1060.0717491804082,-0.00447597492041818,26,13
2019-05-23,1056.566139363765,1068.3612502717704,1033.604320167524,1044.5494024497357,-0.014642732194942054,26,13
2019-05-24,1041.3828972204535,1062.0637369434228,1026.4289647992985,1036.5023873133214,-0.007703814790896435,26,13
2019-05-27,1034.8341772950512,1065.6584057456978,1024.2852907416782,1056.4361854668496,0.01923179183908852,26,13
2019-05-28,1054.8149294923887,1078.070743521915,1046.494765741747,1060.615347351687,0.003955905659356551,26,13
2019-05-29,1058.846574051986,1070.9102812029225,1048.223303006366,1057.6603075815356,-0.002786155958925174,26,13
2019-05-30,1054.2950052455094,1062.2268164881564,1032.2354860611592,1048.173509559251,-0.008969607684320868,26,13
2019-05-31,1049.140382207004,1063.7920255732424,1040.1092048060275,1048.736768424744,0.0005373717808703216,26,13
2019-06-03,1049.193135632778,1060.2221954743252,1020.5730888776236,1031.0770627483416,-0.016839025967333998,26,13
2019-06-04,1029.7919029339653,1039.361318864178,1002.5133958009104,1015.5239405881838,-0.015084345023349544,26,13
2019-06-05,1024.7934112392054,1032.5659450529627,1007.9456588457924,1013.6968888068856,-0.0017991223133940748,26,13
2019-06-06,1018.3475350433031,1022.6131712160953,985.3923778008618,994.9128501279004,-0.018530232149665538,26,13
2019-06-10,997.8056951852769,1020.2047978986354,987.8013243339682,1007.8387103627922,0.012991952243083471,26,13
2019-06-11,1009.8451945917228,1043.9415729160287,1002.3726128588947,1040.6666716008942,0.03257263379602193,26,13
2019-06-12,1038.3807299021998,1053.8480117029499,1023.9205709983567,1035.4924695782347,-0.00497200704496481,26,13
2019-06-13,1031.9270627046737,1049.9495153681432,1019.7361003407093,1037.08698224399,0.0015398592578899084,26,13
2019-06-14,1037.2072910683694,1046.246046481172,1011.2311964296019,1015.890311031934,-0.020438662884565195,26,13
2019-06-17,1016.5756642466368,1035.8823083131942,1004.0151998415784,1020.2213582438197,0.004263302016815462,26,13
2019-06-18,1021.0785876601627,1034.6114504086881,1008.3659221691267,1022.2142361194246,0.0019533779208811275,26,13
2019-06-19,1041.9995038512243,1057.109105432413,1028.013290762655,1034.490311163378,0.012009297669886232,26,13
2019-06-20,1035.3015162055426,1057.1415846715129,1024.426255890371,1050.4570933873115,0.015434443466152192,26,13
2019-06-21,1056.127130894931,1082.898099294868,1050.5276960744166,1070.3370870519987,0.018925088696942316,26,13
2019-06-24,1073.7464502290711,1080.7274305506558,1054.951160007851,1063.3615360308522,-0.006517153432811451,26,13
2019-06-25,1063.8326086961752,1075.5145431364956,1039.6629349181624,1056.4340300223337,-0.006514723143340784,26,13
2019-06-26,1050.6634250379527,1063.7070319408183,1043.328937782476,1054.1865162350389,-0.002127453038641147,26,13
2019-06-27,1053.4653838547063,1067.468374509294,1045.3765915752995,1055.9273062813486,0.0016513112428404586,26,13
2019-06-28,1057.5312865664835,1062.2025628160939,1032.8762872376367,1041.8405792770977,-0.01334062195423269,26,13
2019-07-01,1058.679243101446,1072.2208373866936,1049.3994987000656,1065.5036809650342,0.022712785582181594,26,13
2019-07-02,1066.2816284293235,1078.2578677100998,1054.2451080215246,1064.757174787085,-0.0007006134200054914,26,13
2019-07-03,1062.7426369095967,1069.3790078441866,1046.95525131257,1054.6917579282915,-0.009453251029565735,26,13
2019-07-04,1055.8756646208958,1072.6990210042816,1045.4588002596045,1058.185510614191,0.003312581765844147,26,13
2019-07-05,1056.8515164767339,1069.720976358075,1047.838784504499,1061.469645928822,0.0031035534711914003,26,13
2019-07-08,1059.8196353849205,1062.0235687857394,1019.1109458951455,1026.6269369419751,-0.032824969720503194,26,13
2019-07-09,1026.3902361428427,1036.2455882638883,1014.6361684959438,1029.318113376862,0.0026213771897540816,26,13
2019-07-10,1030.9363501770608,1039.971561163061,1018.5741995869341,1025.9320561946045,-0.0032896119656817824,26,13
2019-07-11,1027.9046077778798,1038.2006943813853,1014.6059261993407,1022.1492870530989,-0.003687153665454912,26,13
2019-07-12,1023.0622921149068,1032.5662917555717,1014.652626350057,1024.8913681473339,0.0026826620425874914,26,13
2019-07-15,1026.330580585041,1041.2838924936304,1009.2574400614965,1034.9021098886249,0.009767612502568968,26,13
2019-07-16,1034.5080526647853,1049.4934949612184,1026.6674616311077,1041.228910145714,0.006113428696913115,26,13
2019-07-17,1040.3823507156933,1047.2963703525463,1030.862895344384,1037.0975205788864,-0.003967801437869567,26,13
2019-07-18,1034.184023501934,1039.6657898011474,1016.3467356602525,1021.7002371633297,-0.014846514536995814,26,13
2019-07-19,1022.3425627977651,1037.6143569928474,1017.8918668144177,1023.4584195143732,0.001720839720978251,26,13
2019-07-22,1027.295864323998,1034.9161905499,994.9308348552411,1005.6930520779388,-0.017358172152088014,26,13
2019-07-23,1005.498026783255,1019.5766909515814,999.1018065462174,1014.3858956900456,0.008643634948203971,26,13
2019-07-24,1017.0307296166285,1038.3592147657332,1012.7496616461822,1027.097063182865,0.01253089928283413,26,13
2019-07-25,1027.2116378979938,1036.0323632431628,1019.9486097005074,1027.3119932998409,0.00020925979119224003,26,13
2019-07-26,1025.6869236501618,1035.3812252363887,1018.2976054638523,1028.162286332036,0.0008276872437398275,26,13
2019-07-29,1030.3666198898313,1039.3198967874234,1021.0422620055591,1029.374204066284,0.0011787222215389193,26,13
2019-07-30,1030.3036294154688,1041.7832351761162,1024.8562092456998,1032.573988821166,0.003108475753756279,26,13
2019-07-31,1033.4127781479158,1041.8436496212,1021.1937660216478,1028.4429670476038,-0.004000702921326149,26,13
2019-08-01,1026.5122985457108,1036.3341099903446,1015.3647672591732,1025.4222688030584,-0.002937156790733142,26,13
2019-08-02,1008.6031326992751,1020.3831671618696,993.969203156535,1009.9775644602029,-0.01506179923406925,26,13
2019-08-05,1007.1476921313475,1022.1279855839058,994.6930502783165,1003.1606750220606,-0.006749545413700209,26,13
2019-08-06,992.5571713102654,1000.5874590840926,951.6178651755037,975.7867626615036,-0.02728766491963497,27,12
2019-08-07,982.8997755345076,995.9306773573617,967.0526177925361,974.2590499055091,-0.0015656215214763236,27,12
2019-08-08,980.858656673215,992.7335417858875,970.7996292821189,982.9506985668509,0.008921291172183432,27,12
2019-08-09,990.534179781675,998.3462028302312,968.4578854345644,975.3248367607654,-0.007758132546427876,27,12
2019-08-12,979.3759771598409,997.9440803085953,972.7570720194108,991.7852705031617,0.016876873347206445,27,12
2019-08-13,988.927861796208,1003.5909199898115,976.9555341836713,994.498987794476,0.0027361943880630513,27,12
2019-08-14,1008.000728502834,1018.2354344276025,995.8403582819506,1001.2639831332428,0.006802415509511661,27,12
2019-08-15,988.1792539846564,1016.9694166656819,978.1190521784044,1010.6649911472969,0.009389140299080445,27,12
2019-08-16,1012.8456796066585,1026.2623680500562,1005.0115149546359,1015.220994693308,0.004507926549270458,27,12
2019-08-19,1023.3626417826385,1051.5320980430347,1017.9802858311552,1046.0399815973208,0.03035692432003234,27,12
2019-08-20,1049.668247206042,1058.267123202559,1038.169537642575,1043.8145584549968,-0.0021274742662567014,27,12
2019-08-21,1044.2433889046379,1061.1284548640788,1033.3429194301318,1049.219880724908,0.005178431576880804,27,12
2019-08-22,1047.6319438664855,1058.6802211227034,1033.6892009761434,1047.1635232288718,-0.001959891852807316,27,12
2019-08-23,1045.6399518497087,1055.4812927514513,1030.6921385651717,1038.259575195254,-0.008502920352079446,27,12
2019-08-26,1018.3477366541847,1039.3588356273947,1005.79643052581,1025.637691478292,-0.012156770829287344,27,12
2019-08-27,1031.4218738397944,1055.937397565307,1025.2202076113515,1044.628725985129,0.01851631883717575,27,12
2019-08-28,1042.016848661075,1061.9515516780925,1033.1200721971763,1050.3641470362081,0.00549039185732747,27,12
2019-08-29,1050.42548146213,1062.0769716497277,1036.1948984288258,1045.3093792635993,-0.004812395574308015,27,12
2019-08-30,1050.5966098426723,1062.097178535303,1023.3013585633286,1031.9068382027078,-0.012821602223002215,27,12
2019-09-02,1031.826525521691,1060.0898742964355,1024.4290094951525,1053.2891083002357,0.020721124529778034,27,12
2019-09-03,1055.0840487449568,1065.6583539885207,1042.8154386152028,1056.2445666861195,0.002805932732612426,27,12
2019-09-04,1056.6813628899006,1081.8876000361001,1048.3886544566456,1073.7479856149382,0.016571369435522065,27,12
2019-09-05,1078.4324561465503,1099.4444465353597,1068.25670745396,1078.3645074143467,0.004299446295831455,27,12
2019-09-06,1081.5616047706728,1097.4232774819498,1067.4968846040863,1081.8258437449615,0.0032098017941208923,27,12
2019-09-09,1091.289306528922,1109.070537150331,1078.713256588427,1103.0118990526175,0.01958360990371255,27,12
2019-09-10,1107.0304923027295,1127.4406674285005,1093.3597439515372,1114.4344765006786,0.01035580618656251,27,12
2019-09-11,1115.675696003084,1127.3487603572592,1097.2680410985731,1105.157646049925,-0.008324249335755263,27,12
2019-09-12,1110.3188365936703,1123.0716043538232,1099.6232148475624,1113.1361254105943,0.007219313361479296,27,12
2019-09-16,1117.9005069997795,1138.6230487029457,1105.7073550302196,1121.0737226518095,0.007130841466749915,27,12
2019-09-17,1120.7228767733584,1129.475775127611,1087.7204193118391,1099.7185450696206,-0.019048861061228606,27,12
2019-09-18,1106.6346949601123,1119.9420266470984,1089.4899066975456,1099.3393364294243,-0.0003448233567547865,27,12
2019-09-19,1098.6766733587604,1117.2506076472118,1083.3607598920323,1106.6383605163894,0.006639464126401373,27,12
2019-09-20,1106.0017013915476,1123.961374165648,1094.6098269682436,1109.8312537754168,0.002885218308840809,27,12
2019-09-23,1108.872133589333,1115.1353142147148,1082.6851365787493,1100.0127125405497,-0.008846877578430501,27,12
2019-09-24,1103.4780457776258,1125.4671851932287,1093.9956236173955,1112.1664949100252,0.011048765374179759,27,12
2019-09-25,1111.134615109202,1121.0029645658833,1087.8728266404896,1094.1566777013657,-0.016193454209494584,27,12
2019-09-26,1095.6402156966196,1109.299890657057,1057.8300232967017,1069.617034307513,-0.022427906253248864,27,12
2019-09-27,1070.076830289561,1087.4782240022898,1056.4919498966658,1069.991089796889,0.00034970973477244094,27,12
2019-09-30,1068.3181466886754,1078.2893120871731,1046.9425622761808,1054.0890270421994,-0.014861864651329215,27,12
2019-10-08,1054.9146794314502,1073.5434451625883,1044.6414856564732,1057.5758311475322,0.0033078838844542435,27,12
2019-10-09,1055.7642516145881,1081.010019540886,1044.4883784420322,1076.9359399548468,0.018306118802192906,27,12
2019-10-10,1081.2867881515165,1100.4798824123852,1069.617005434343,1090.974908273938,0.013036029162217133,27,12
2019-10-11,1092.463190717025,1108.693832966815,1074.5269697535207,1091.0090917788423,3.133298909530069e-05,27,12
2019-10-14,1100.8973915383963,1127.3927075830438,1093.5952447508337,1112.3626549129262,0.019572305395977985,27,12
2019-10-15,1109.903509998299,1128.8186247751016,1089.3114857944963,1105.6428650959492,-0.006041006309676078,27,12
2019-10-16,1105.3322872966673,1119.1097780581495,1088.1162272201266,1099.6484388574306,-0.005421665917410223,27,12
2019-10-17,1100.2834061266387,1112.7798871192472,1084.9972382890899,1096.6999801278798,-0.0026812739648084394,27,12
2019-10-18,1098.3430763616027,1106.753882508839,1068.094667973803,1077.3689886440773,-0.01762650846546787,27,12
2019-10-21,1075.770489151536,1084.4403508805076,1048.585256073194,1065.1832649563119,-0.011310631562824192,27,12
2019-10-22,1067.0100131609063,1079.5422456711437,1053.802398366362,1073.3856696597816,0.007700463359989307,27,12
2019-10-23,1072.0246459821728,1087.0108063148973,1060.8101905429232,1071.9130094042234,-0.0013719768180108227,27,12
2019-10-24,1071.3082781281842,1086.4911233177556,1060.2800721075585,1075.5485082689877,0.0033915987891450783,27,12
2019-10-25,1074.991957569754,1090.134637260052,1063.328807077248,1084.484496944192,0.008308308371498763,27,12
2019-10-28,1089.134088601112,1112.7986401235792,1078.172671029992,1104.165612889157,0.018147899762902542,27,12
2019-10-29,1110.716004466813,1116.407881719425,1079.7807929595483,1083.9248643583696,-0.018331261447117053,27,12
2019-10-30,1078.9643840967292,1089.6200274102823,1055.1416310425084,1065.9952230349575,-0.016541406063256603,27,12
2019-10-31,1066.6526702110514,1077.90425813253,1048.8373018801667,1055.8890463867597,-0.009480508382978425,27,12
2019-11-01,1055.4155867784045,1072.3504430790344,1043.5675431239897,1064.937639341908,0.008569643738717048,27,12
2019-11-04,1066.1922993390451,1079.0997232503034,1053.095822871718,1063.6828767436336,-0.0011782498354077076,27,12
2019-11-05,1065.4580288613488,1075.4514951287088,1051.1895337001486,1063.9248766127794,0.0002275112953651348,27,12
2019-11-06,1064.7853084295011,1073.6530831858345,1046.2316051143703,1056.144368062825,-0.007313024369469789,27,12
2019-11-07,1055.443739679193,1067.8643681518865,1047.5310502775635,1059.9826389174402,0.003634229344663842,27,12
2019-11-08,1065.8604651115772,1075.5154238137402,1054.3510171858695,1059.1158121401072,-0.0008177745045129248,27,12
2019-11-11,1055.0034820221363,1060.6868813572517,1025.3793433565027,1032.0307733971679,-0.025573255004294415,27,12
2019-11-12,1033.6294475407603,1046.276853203076,1018.0715670432241,1038.9213504684906,0.006676716672547434,27,12
2019-11-13,1041.5802617699878,1052.2122820574311,1026.8406695978535,1040.1669675103826,0.0011989522030038113,27,12
2019-11-14,1040.8798476655152,1057.2152802467256,1032.6265003165997,1047.881509149482,0.007416637789954272,27,12
2019-11-15,1048.0539668765855,1059.3990932273011,1026.7162854463052,1032.3355510120482,-0.014835606890374442,27,12
2019-11-18,1032.730559380622,1052.6124823338432,1020.7020487460502,1044.4187318123047,0.011704702786231591,27,12
2019-11-19,1044.3011938325571,1070.16088929781,1037.433341567787,1063.71180152293,0.01847254278669186,27,12
2019-11-20,1065.6736026842711,1075.7780241244955,1049.2082479990531,1054.355548670213,-0.008795853199448977,27,12
2019-11-21,1051.2001569014142,1069.4012815799547,1041.4433164135762,1058.7824438992955,0.004198674000118752,27,12
2019-11-22,1060.8809994590208,1078.639816827409,1043.8754642154618,1053.3821250993976,-0.005100499003373726,27,12
2019-11-25,1052.3140850815007,1065.8258275103642,1033.1530717325802,1050.9949478359422,-0.0022662025551554166,27,12
2019-11-26,1052.1290457881623,1064.4693431855694,1039.126343971345,1050.216226847677,-0.0007409369472882732,27,12
2019-11-27,1049.7035125831858,1063.4865855689163,1037.4396872636853,1053.1215779717922,0.0027664313784558914,27,12
2019-11-28,1051.0652142852234,1063.0465268676037,1039.5089502245735,1047.647993475649,-0.005197485846491712,27,12
2019-11-29,1046.6537089836147,1062.9666462707603,1038.0076083773931,1055.6836246170838,0.007670163252808004,27,12
2019-12-02,1056.5243486904128,1070.4633071289725,1045.9162202350253,1056.637628264096,0.0009036832861344379,27,12
2019-12-03,1051.9638534791509,1065.849172600897,1040.5930508516701,1060.75286156396,0.0038946495844793816,27,12
2019-12-04,1059.4048288064341,1072.7934441093896,1045.8654978150885,1057.4275045042066,-0.0031349027471401225,27,12
2019-12-05,1056.293106864078,1072.8742140229592,1047.3515796465801,1063.4279094027925,0.005674530757926011,27,12
2019-12-06,1061.7001172897824,1071.5946924620575,1050.6878538346991,1065.0970710305978,0.0015696048721747236,27,12
2019-12-09,1065.8046593278705,1081.3570664694787,1054.7219358720638,1067.725527196602,0.002467809026515111,27,12
2019-12-10,1064.7624700994363,1077.2093715229391,1053.069199051394,1068.03123255587,0.00028631455508110193,26,13
2019-12-11,1069.4502364008972,1089.067157669666,1055.2735442659819,1074.0453249769944,0.005631008005947624,27,12
2019-12-12,1075.201330931331,1090.539836196622,1062.4340413499465,1074.1666856908114,0.0001129940338595592,27,12
2019-12-13,1078.2556585819789,1093.4585396108978,1070.3290435571907,1084.6389497235346,0.009749198306209017,27,12
2019-12-16,1087.8180179222138,1109.4519556131145,1079.1531830822507,1102.5245408143023,0.016489903018259477,27,12
2019-12-17,1104.0081358624718,1129.224423941648,1095.1474966362568,1118.587875278205,0.01456959357298171,27,12
2019-12-18,1118.1630801630872,1135.4715252406334,1108.3985529681484,1120.2601391748244,0.0014949776710242446,27,12
2019-12-19,1125.2031845741353,1144.5680506138842,1115.4138829656201,1129.6832444672234,0.008411533145631589,27,12
2019-12-20,1131.541942811509,1142.8459903128457,1111.0375123745825,1116.3357401685325,-0.011815262697806639,27,12
2019-12-23,1112.9446749502238,1123.148181753514,1086.5851672065023,1092.4668199290977,-0.02138148890210345,27,12
2019-12-24,1095.2623406383502,1120.577714558453,1088.1718122423285,1113.5981473928105,0.019342763622866244,27,12
2019-12-25,1113.399911876537,1125.0993065286548,1099.041365410472,1111.665631132852,-0.0017353802756253645,26,13
2019-12-26,1112.8024077947728,1125.2736793611673,1098.2329288698177,1116.1114510517139,0.003999242033174255,27,12
2019-12-27,1116.064764085321,1137.2303662826184,1101.3398815133164,1111.9053304304223,-0.0037685489359760016,27,12
2019-12-30,1107.6994793459912,1127.838874941074,1086.7451099863258,1118.7505489932996,0.006156296202148415,27,12
2019-12-31,1116.5825551008522,1127.4138438090258,1104.0152011793643,1116.4905471622287,-0.002020112377245087,27,12
2020-01-02,1124.6388821611454,1149.476269651774,1117.8011831511121,1139.7214132385625,0.020807042330433845,27,12
2020-01-03,1144.4182355165015,1159.0843496807063,1128.999303043522,1143.3134637254566,0.003151691672342194,27,12
2020-01-06,1136.6321659310759,1169.0215697900312,1129.5476325656493,1153.3812924686333,0.00880583415012981,27,12
2020-01-07,1154.4410555116724,1177.6420763506696,1148.6441334527137,1168.1664933736045,0.012819005303376985,27,12
2020-01-08,1164.7881173880373,1185.1487891706058,1143.8071295817915,1157.6293059102068,-0.009020278807147508,27,12
2020-01-09,1165.9429983089485,1184.6006174302224,1154.9665992889804,1173.2211161913187,0.013468741851565769,27,12
2020-01-10,1174.5250774413162,1181.1206696427153,1150.7722466115124,1161.8446885275275,-0.009696746424683322,27,12
2020-01-13,1163.3929590642524,1182.318685764747,1151.0623297115158,1176.5638216277239,0.012668761363320291,27,12
2020-01-14,1180.3364695641617,1194.4558772946973,1165.0307599142122,1173.5881012332127,-0.0025291619033417367,27,12
2020-01-15,1173.0356651177688,1180.9537912138633,1150.3519208769608,1163.4155929349906,-0.008667869321044464,27,12
2020-01-16,1165.9937583257763,1177.0504704600462,1140.938978634926,1152.79518004001,-0.009128649262975741,27,12
2020-01-17,1157.3266201261704,1167.931142756145,1135.893318768398,1143.4147660173626,-0.008137103784838673,27,12
2020-01-20,1144.6627900917645,1168.13935253221,1134.9491346412897,1160.6814240335273,0.015100957700858064,27,12
2020-01-21,1154.4206031888361,1167.1638096714516,1134.1238576771311,1145.3618602835254,-0.013198767062855388,27,12
2020-01-22,1137.9724295645572,1156.9588772216034,1110.5511953525013,1144.2590517607273,-0.0009628472546879818,28,11
2020-01-23,1134.6295539212545,1153.2900412241538,1091.8928155656854,1108.7583018776015,-0.031025098581041632,28,11
2020-02-03,994.3742799493883,1008.9996891944733,988.3507295969529,994.9040858618494,-0.10268623542475253,28,11
2020-02-04,942.3157876875122,1023.7817253058305,939.9316800819222,999.9655980969018,0.0050874373791196525,28,11
2020-02-05,1003.9440738844645,1038.945502757495,991.6072891542059,1013.887344613176,0.013922225467325688,28,11
2020-02-06,1013.0185978731972,1039.2514734404824,998.080622830343,1032.1258337812378,0.017988674249623138,28,11
2020-02-07,1031.2852683914832,1053.477633297089,1012.5867110161327,1037.258225322208,0.004972641293327085,28,11
2020-02-10,1036.141131431062,1076.5367516093208,1023.8574722901776,1065.1884257861946,0.026926950090282897,28,11
2020-02-11,1065.968868782829,1079.3701235486421,1044.8146215651439,1059.6918724747409,-0.005160169955279903,28,11
2020-02-12,1060.5989932550176,1087.987985670214,1051.8096775788713,1079.59059491361,0.018777838120432877,28,11
2020-02-13,1079.4700065012364,1094.9563311853806,1056.6632899228641,1068.07774729515,-0.010664086620151947,28,11
2020-02-14,1066.227129516843,1085.6830453548757,1050.4918757306975,1065.3636287260529,-0.002541124535147765,28,11
2020-02-17,1067.7614873645343,1101.4114408049609,1060.6495147357596,1096.7168281023435,0.02942957552791836,28,11
2020-02-18,1099.2199534828708,1126.59645450537,1088.400516834301,1116.6239308403594,0.018151543067376208,28,11
2020-02-19,1116.5834386229888,1145.7189627461246,1100.291522182216,1119.3149978440404,0.0024100029825222524,28,11
2020-02-20,1128.9940261810184,1155.418353730651,1113.631034127696,1145.680574649208,0.02355510008885031,28,11
2020-02-21,1147.2540605518539,1177.9920734321172,1133.522870837696,1160.1876412940508,0.012662400817334829,28,11
2020-02-24,1163.4244327114143,1194.7246434406488,1145.8611078438619,1180.4833688750828,0.017493487138334318,28,11
2020-02-25,1153.341472166822,1178.4800188424717,1116.1736569899922,1162.9549003045665,-0.01484855190058254,28,11
2020-02-26,1146.3759147477099,1187.7526068559685,1129.920411073575,1149.5009059536167,-0.011568801462056855,28,11
2020-02-27,1159.6134772042299,1207.5736338131223,1143.5215382402575,1185.8731200587624,0.0316417446186974,28,11
2020-02-28,1147.4323713728822,1179.0772668697668,1101.620155136022,1116.9987943745234,-0.05807900062767768,28,11
2020-03-02,1131.3260217261725,1192.0382007188093,1118.583005809971,1179.8507691917623,0.056268614732421174,28,11
2020-03-03,1209.6581005748562,1241.0970630553356,1175.3891470370418,1195.3209762516206,0.013112003198892497,28,11
2020-03-04,1179.4056114148457,1220.2265542619828,1163.4786167278603,1203.7525791912185,0.007053840020475821,28,11
2020-03-05,1236.868284243275,1289.2857828350006,1220.8697905935933,1268.7208571316,0.053971454818425135,28,11
2020-03-06,1277.7352229915336,1330.6436066449075,1259.6958118468515,1296.4209427884298,0.021833081328429982,28,11
2020-03-09,1280.800965742338,1354.6726526655534,1248.6098282025348,1298.6721134849195,0.0017364504245418466,28,11
2020-03-10,1275.5426687158574,1357.5298566586364,1220.9038116952943,1345.3739234339268,0.035961201803036635,28,11
2020-03-11,1352.905999804857,1393.7175849537305,1309.5015446369214,1320.482648128305,-0.018501380822135483,28,11
2020-03-12,1287.557013484001,1339.0532419634496,1259.330062182929,1290.2211549805888,-0.02291699416922277,28,11
2020-03-13,1219.578765590167,1367.1156449575492,1208.4693815134221,1346.1867275088812,0.04337672833238759,28,11
2020-03-16,1364.3809554123268,1383.261354589641,1253.7720447902927,1261.2217436728854,-0.06311530347147565,28,11
2020-03-17,1259.7281850576314,1337.1574414955248,1212.2235331546576,1309.7634506912298,0.03848784502952096,28,11
2020-03-18,1315.4868243867545,1360.8809211227956,1267.2659928331293,1288.3131651920978,-0.01637722100720662,28,11
2020-03-19,1269.332123173667,1337.0942258252278,1233.6601426510197,1310.3299114194865,0.017089591896009004,28,11
2020-03-20,1321.4435901731988,1357.4500673720552,1274.0208112632156,1312.602912530279,0.0017346784889693545,28,11
2020-03-23,1266.084063753298,1332.1979927278387,1225.8981491967022,1254.269485629097,-0.044441031133119924,28,11
2020-03-24,1277.7507349572481,1300.0936182594635,1199.3506262470266,1255.8801489521857,0.0012841445491122983,28,11
2020-03-25,1278.1262745365852,1303.7301826765474,1246.3886956788647,1276.5900779007557,0.016490370491044848,28,11
2020-03-26,1261.1767461719967,1273.1984569427066,1216.2527228698316,1226.0177614323866,-0.039615157084356256,28,11
2020-03-27,1240.9151665210495,1268.1779266261562,1207.5124430802655,1223.4513883824807,-0.0020932592745700473,28,11
2020-03-30,1199.0042985262792,1243.6302724621148,1155.3105890454792,1212.0651577734106,-0.009306647339804464,28,11
2020-03-31,1224.6705358011372,1242.2534412093487,1184.5516271871627,1197.6134991617773,-0.011923169739637918,28,11
2020-04-01,1196.5330301699844,1234.7643348759955,1177.8693160496723,1191.7030858766193,-0.0049351592056158244,28,11
2020-04-02,1184.6030947234683,1239.5182581618462,1176.4495519853622,1235.8913777187765,0.03707995084165794,28,11
2020-04-03,1233.8428659218057,1243.8582583336924,1198.1580344539111,1209.98926427853,-0.020958244314364327,28,11
2020-04-07,1240.4005235347825,1273.0949089658714,1226.5499973073815,1256.6257561594118,0.038542897245199326,28,11
2020-04-08,1246.6354203115304,1269.9230048798147,1231.4202011124926,1250.3808860446204,-0.0049695544470435005,28,11
2020-04-09,1256.1385014854984,1306.5857594021504,1243.9211086821101,1281.9812214726346,0.02527256756777274,28,11
2020-04-10,1277.8585999077059,1299.4683278232349,1232.3713943574173,1246.4432429245267,-0.027721138151528435,28,11
2020-04-13,1229.035045612133,1258.8332801880424,1209.3399960887632,1236.2295104566897,-0.008194302087813132,28,11
2020-04-14,1242.9297498338826,1284.0638235406166,1233.5772685997035,1269.3331267006963,0.026777888704321295,28,11
2020-04-15,1275.325898237891,1308.14628435234,1253.7216049331075,1274.3604194123927,0.003960577886093164,28,11
2020-04-16,1264.0365181434136,1337.7595646752184,1251.8014433726187,1322.398487259899,0.03769582538482852,28,11
2020-04-17,1335.1636945548933,1355.6697136113771,1293.4093859391924,1309.651850686783,-0.009639028398715,28,11
2020-04-20,1309.7314938764782,1339.2924115228818,1293.7097277858131,1328.2689510435482,0.014215304889617864,28,11
2020-04-21,1323.412439149148,1340.2436087209605,1276.6847805657455,1316.1167268734155,-0.009148918342618217,28,11
2020-04-22,1296.8289978848773,1364.3513110136787,1287.1615819130407,1346.8281886775965,0.023334907289826567,28,11
2020-04-23,1350.1055045083344,1367.044184986325,1311.9992820020411,1323.401506155908,-0.01739396510900959,28,11
2020-04-24,1327.948363814248,1355.5567736398825,1298.4549715865849,1313.121646680766,-0.007767755611070681,28,11
2020-04-27,1317.9269872603638,1358.7582591259977,1291.859610802706,1318.091877021801,0.0037850494305675664,28,11
2020-04-28,1307.4818777490245,1333.2530323247977,1223.0702489605271,1280.9083596891844,-0.028210110373058428,28,11
2020-04-29,1273.171596215605,1313.7357936394035,1248.3374570896062,1271.7247371824417,-0.0071696171215334115,28,11
2020-04-30,1278.8771164821496,1327.9224525068273,1267.393263461681,1312.0146930156143,0.03168134947381507,28,11
2020-05-06,1299.920082505133,1362.0909278452248,1284.0768327944427,1348.279984826972,0.027640918965627925,28,11
2020-05-07,1348.9508214511648,1374.7512686113093,1320.9091915923154,1336.6887133543,-0.008597080430708615,28,11
2020-05-08,1341.7885070086495,1370.669074154765,1325.166499899342,1344.7202090695926,0.0060085011828507895,28,11
2020-05-11,1348.0672926135867,1376.6794559589014,1322.5257841260825,1352.9240117525098,0.006100750645067876,28,11
2020-05-12,1352.594054133088,1368.5018291281979,1321.9676170670937,1353.5389404302994,0.0004545182674324799,28,11
2020-05-13,1349.5046513999607,1394.0646769836212,1334.1528232116236,1369.932431892975,0.012111577268300922,28,11
2020-05-14,1361.6867385690086,1386.2435928554034,1335.791049214728,1355.063725957955,-0.010853605323055682,28,11
2020-05-15,1358.0945476351576,1372.082538389725,1332.5239041330292,1343.18229915365,-0.008768168298435852,28,11
2020-05-18,1346.2360760450938,1354.8524105419372,1304.9986597753316,1318.2667444372985,-0.018549644923143593,28,11
2020-05-19,1325.2450400815444,1341.7432300269543,1306.0279687576653,1327.585734548109,0.007069123263659716,28,11
2020-05-20,1326.7528350378877,1360.8449182340694,1306.4885230591208,1331.2732493875292,0.0027776095686018465,28,11
2020-05-21,1330.9976238763456,1346.1223466721995,1295.0070322705883,1305.2787661015939,-0.01952603141232978,28,11
2020-05-22,1304.2940947909462,1316.5250675696918,1251.1449431521442,1267.8152672268677,-0.02870153092784644,28,11
2020-05-25,1259.8150996528793,1274.544820244255,1233.1699848014734,1250.2441629366522,-0.013859356914552201,28,11
2020-05-26,1254.7075368910102,1288.580975200035,1246.3830128426175,1279.1507392622298,0.023120744877288546,28,11
2020-05-27,1280.3062126600707,1297.9259216533014,1253.8731243247153,1267.0599432058957,-0.009452205815326686,28,11
2020-05-28,1268.3262466750016,1280.7989599451978,1234.7353693385971,1258.3973639551068,-0.006836755669878625,28,11
2020-05-29,1255.897249397994,1273.4545804702996,1240.8772314021128,1253.093922206317,-0.004214441241454203,28,11
2020-06-01,1261.7611454070134,1306.6123534808387,1254.8884512760155,1295.1742683891323,0.033581158951536905,28,11
2020-06-02,1296.3506786112728,1315.381884148763,1281.9889954676867,1300.9896565014956,0.004490042965103136,28,11
2020-06-03,1303.4377270074253,1322.7163265207857,1283.7096687145693,1296.6181897642762,-0.0033601087567251,28,11
2020-06-04,1297.8820294129523,1312.591011216942,1278.717047855603,1293.5561426392483,-0.002361564220832335,28,11
2020-06-05,1292.6042261471111,1308.714475834702,1272.6039439950925,1290.1706381761624,-0.0026172072100237864,28,11
2020-06-08,1295.453589096274,1310.2521507506672,1275.0888956230644,1286.0215843327132,-0.003215895417767789,28,11
2020-06-09,1286.3882274878385,1302.7644686669319,1272.9004127366752,1291.2277364761162,0.00404826186965157,28,11
2020-06-10,1290.9244364338015,1301.9005678643337,1268.5792709601603,1284.4624511285651,-0.005239420712890075,28,11
2020-06-11,1285.8247283293172,1304.53172725391,1269.5691207893058,1279.6128301215704,-0.003775603562979901,28,11
2020-06-12,1255.4867141773402,1287.4770667886517,1242.7290731010658,1276.2800616489324,-0.0026045131731927684,28,11
2020-06-15,1272.3558048591956,1291.0403082718274,1256.0904890720024,1263.9687585716401,-0.009646239447936078,28,11
2020-06-16,1275.2430796501048,1303.8010274329304,1267.8526943480654,1289.6865727332035,0.02034687486313036,28,11
2020-06-17,1288.3103096841705,1297.041685357856,1266.8688333602863,1282.178811014193,-0.005821384728461387,28,11
2020-06-18,1281.8878822086558,1305.4962134141356,1270.0804291643335,1294.8291132559043,0.009866254326652779,28,11
2020-06-19,1292.9421557439255,1310.0729797889078,1281.5870139148533,1297.3178208983375,0.001922035592924809,28,11
2020-06-22,1304.2940219752916,1322.3465104233135,1290.25816708031,1305.7633685454375,0.006510006654538936,28,11
2020-06-23,1306.3257561836679,1326.2515535073492,1285.7208845721705,1303.7393029205537,-0.0015501013994124735,28,11
2020-06-24,1302.1006016206995,1328.0680045432123,1286.6846535000525,1304.799872594376,0.0008134829343922068,28,11
2020-06-29,1299.452128621692,1319.0122783042834,1275.2077900172978,1296.740184126358,-0.0061769537515302675,28,11
2020-06-30,1303.446819171209,1326.3650178218409,1289.9089267042991,1309.0448016076286,0.009488884228231464,28,11
2020-07-01,1311.1026831256015,1330.375309502389,1290.553704005873,1310.4134030494156,0.0010454962581161187,28,11
2020-07-02,1311.949909975052,1354.9283794195665,1300.2366637580158,1342.321455715376,0.02434960798760777,28,11
2020-07-03,1343.360195618475,1369.6541125400156,1328.222835566975,1355.3600862857088,0.009713493377325078,28,11
2020-07-06,1361.2183444740956,1415.6744053139803,1353.6357187401052,1404.0710220572068,0.035939479304712085,28,11
2020-07-07,1417.6872499088631,1457.3314853863526,1385.9522453530633,1417.2255454562746,0.009368844732507986,28,11
2020-07-08,1416.1344296318473,1457.5063002479794,1399.846836310596,1444.8951949847574,0.01952381511693302,28,11
2020-07-09,1444.7303909452646,1489.3000551089106,1428.8184855932784,1476.2701740077964,0.021714363181455365,28,11
2020-07-10,1475.2019429632373,1500.0244779871907,1441.3081805463248,1456.0022808799033,-0.01372912186721853,28,11
2020-07-13,1458.1608995788074,1525.0565467755355,1450.250152194554,1512.3286267627159,0.038685616514812615,27,12
2020-07-14,1512.7440684680125,1560.5726423657115,1478.3775696666255,1521.3586464974283,0.005970937516432517,27,12
2020-07-15,1536.2172405030585,1556.0730249737067,1456.1783387424923,1478.8127951781585,-0.02796569462251497,27,12
2020-07-16,1479.5984836386435,1513.1934596303308,1401.9681010626682,1413.9798428563595,-0.04384121677415442,27,12
2020-07-17,1415.5563518834697,1440.7540515803455,1376.0720242830482,1399.0503147150202,-0.010558515538086066,27,12
2020-07-20,1411.3107773322508,1470.7246991136747,1393.8843120807855,1453.0381980751135,0.03858895051325617,27,12
2020-07-21,1457.805725412852,1517.0066255626716,1442.2378157868234,1487.9701299249368,0.024040614965318063,27,12
2020-07-22,1485.4147951067946,1523.455027910213,1463.2068757359389,1490.883475297141,0.001957932698791076,27,12
2020-07-23,1475.557827488514,1504.3789511201994,1431.5733229986852,1479.6583918711774,-0.007529148730907043,27,12
2020-07-24,1475.4196957090214,1498.6844424656902,1391.6455468414974,1406.7779333566584,-0.049254921889338554,27,12
2020-07-27,1408.0479103731602,1434.4693226742515,1378.078714330539,1405.631809968067,-0.000814715216534867,28,11
2020-07-28,1413.7294498288493,1441.397837847262,1383.1755053158774,1409.0297664144643,0.002417387271901994,28,11
2020-07-29,1406.373708994047,1455.0172743335295,1388.007350782611,1450.6132506634501,0.029512140367909057,28,11
2020-07-30,1452.8264816759427,1491.391542738032,1433.5447897672389,1459.6183836103592,0.006207811036325728,28,11
2020-07-31,1461.3505004966792,1508.5004416171366,1446.8981171413482,1486.2057176798592,0.018215263912843005,28,11
2020-08-03,1500.5832183936343,1538.5309689493943,1484.0066513283818,1525.4133554247744,0.026381030081167323,28,11
2020-08-04,1527.16629383329,1543.465489465337,1487.71094883784,1505.0803366387256,-0.013329514071539483,28,11
2020-08-05,1506.7364296031533,1540.6858836834504,1484.0177068143705,1522.5609861812543,0.01161442955368619,28,11
2020-08-06,1524.8900166786457,1542.2197625301014,1482.9590755648821,1514.4184774584094,-0.00534790316890188,28,11
2020-08-07,1509.986516957073,1531.3660815577718,1469.9682874684015,1499.6283023426845,-0.009766240531181802,28,11
2020-08-10,1497.4098291614116,1554.2211714802304,1479.7448452919803,1528.9131952204352,0.019528100951417438,28,11
2020-08-11,1533.7553550960793,1554.0230917181775,1481.3436849340183,1495.7568710382316,-0.02168620447900771,28,11
2020-08-12,1492.6715741521846,1517.8233289761074,1441.315174308312,1482.6478102829606,-0.008764165493133746,28,11
2020-08-13,1487.2565475186757,1533.6947711715134,1471.4125928727362,1511.3357402752415,0.01934911972574649,28,11
2020-08-14,1510.9120808327048,1536.8824682319573,1481.2276281647733,1518.754635993285,0.004908833636589893,28,11
2020-08-17,1522.3167472485527,1555.582405710135,1502.6966615575736,1539.7651260001232,0.013834025265771155,28,11
2020-08-18,1538.8654248682599,1573.7420986008656,1520.3306821598896,1549.6176915233013,0.00639874572868937,28,11
2020-08-19,1548.7127873257036,1576.9129653470186,1514.3552120691372,1533.737749729232,-0.010247651327766505,28,11
2020-08-20,1520.8006779110015,1548.4367446400975,1493.8090500816436,1511.790716344951,-0.014309508511579416,28,11
2020-08-21,1516.0180721919728,1540.3452786853543,1495.261902205791,1513.1374965076943,0.0008908509280962651,28,11
2020-08-24,1515.3353677114899,1545.3338313672766,1490.0887120435798,1526.248043538627,0.00866447831819106,28,11
2020-08-25,1528.1159571541798,1548.8840549962706,1496.8950606080218,1510.7030746350408,-0.01018508686670938,28,11
2020-08-26,1507.663517064296,1530.3001926889349,1465.8509208568855,1483.4202706490096,-0.01805967330318836,28,11
2020-08-27,1483.3144649062856,1530.115941073853,1466.68796047679,1508.0886225774143,0.016629374976527833,28,11
2020-08-28,1507.1320938531132,1534.4184421290267,1483.839585295685,1522.7756589273533,0.009738841690110966,28,11
2020-08-31,1531.4457964338396,1572.2874539145932,1508.3974173069269,1531.6429715105921,0.0058231247204758585,28,11
2020-09-01,1531.5761232923471,1572.6492385589734,1510.3657689005843,1554.762754744015,0.015094760112809302,28,11
2020-09-02,1558.4218234661496,1580.755724476261,1526.7921504143744,1551.1588540812463,-0.002317974656758648,28,11
2020-09-03,1549.502753121337,1572.0602370826114,1515.1902386913298,1535.5005862514486,-0.010094561100946753,28,11
2020-09-04,1510.80855057726,1559.608340769253,1492.3713324138748,1545.4208692147283,0.006460618154173314,28,11
2020-09-07,1543.684537819232,1569.2140736705542,1500.2923627763876,1516.075323979219,-0.018988707749508116,28,11
2020-09-08,1518.3299645607033,1537.4020259761426,1484.0774830057153,1516.113464897851,2.5157667319364307e-05,28,11
2020-09-09,1502.888792445946,1527.6187763650196,1451.295386566092,1474.0835693051772,-0.027722130675427725,28,11
2020-09-10,1484.3295877176913,1499.724327284084,1410.8088942629952,1421.436564943448,-0.03571507440826094,28,11
2020-09-11,1406.2784176400837,1470.047958030001,1384.781869501839,1444.311115592497,0.016092558200062168,29,10
2020-09-14,1449.8856919009809,1493.5980093573344,1433.1407454301047,1464.655967050171,0.01408619738367678,29,10
2020-09-15,1463.451382317185,1493.7586565620936,1437.9762167745573,1467.7447973964365,0.0021089118644608273,29,10
2020-09-16,1466.6299371366115,1498.677372641788,1438.1820243429734,1469.6955111712844,0.0013290551452187493,29,10
2020-09-17,1466.7537801157769,1500.773342530556,1444.239064089218,1474.1518436161555,0.0030321467344753827,29,10
2020-09-18,1471.1727121007577,1502.1334427692575,1455.7064958237909,1488.3029844481268,0.009599513709020568,29,10
2020-09-21,1493.5995696323523,1521.6274893452467,1467.2321749151088,1489.2478706634984,0.0006348749046700686,29,10
2020-09-22,1474.1184226936236,1488.722340568016,1444.8293619069045,1454.784292635614,-0.023141599667038548,29,10
2020-09-23,1459.1481407540916,1483.782911994588,1442.6800377502989,1466.1230745441278,0.00779413275625318,29,10
2020-09-24,1455.9344833859818,1466.99670714248,1410.1176955517672,1418.4356793640754,-0.03252618829076137,29,10
2020-09-25,1426.5172491471287,1442.7748680505633,1398.3662468609095,1417.841211886683,-0.0004191007643427058,29,10
2020-09-28,1421.5460605354542,1442.8616231300819,1395.2100877593346,1407.038349431629,-0.007619232932775999,29,10
2020-09-29,1414.0352047287386,1434.9476702629402,1396.1228840695708,1413.20256498263,0.00438098617105287,29,10
2020-09-30,1415.5105979705552,1446.5411553580536,1398.0726465023808,1420.4778304749034,0.005148069832694224,29,10
2020-10-09,1450.7522385393386,1485.4134250393422,1436.118481157802,1466.4001158031433,0.032328758916911005,29,10
2020-10-12,1482.4139141733203,1548.8955764482926,1469.6773765231128,1536.1092003688125,0.04753756073422677,29,10
2020-10-13,1533.5481568140258,1565.5997914957154,1510.289666839626,1541.5185203392589,0.003521442335706171,29,10
2020-10-14,1539.5954107398436,1565.7254450317694,1516.806678535239,1544.4096346175695,0.0018754975954970998,29,10
2020-10-15,1545.0429867812159,1571.330604255609,1515.9521238904233,1532.119266580837,-0.00795797161662748,29,10
2020-10-16,1529.6127768836816,1552.0235988884876,1493.865703872683,1517.2424558265059,-0.009709956058140956,29,10
2020-10-19,1525.5543008352013,1547.452592277026,1492.645503349556,1508.3704511599242,-0.005847453472259012,29,10
2020-10-20,1507.144255087439,1540.885568684136,1488.2188182965217,1534.1503086887617,0.017091197662360003,29,10
2020-10-21,1532.6238647785174,1544.2205646966825,1484.6509472281607,1498.3479514509643,-0.023336929266336237,29,10
2020-10-22,1494.8750953939027,1511.6756652479423,1465.7313408713926,1488.4259072241246,-0.006621989383194582,29,10
2020-10-23,1492.6663957810892,1530.3690477301227,1470.2816948197499,1487.9724263856208,-0.0003046714225429792,29,10
2020-10-26,1490.742205893117,1546.556531169827,1463.3357832101465,1533.6930277233791,0.030726779963803796,29,10
2020-10-27,1531.2645791176424,1563.0777283337982,1505.221263326393,1531.1036908275053,-0.0016883019281358491,29,10
2020-10-28,1526.2090467757414,1572.467611902135,1498.4645428127485,1551.922669736171,0.013597367071471078,29,10
2020-10-29,1522.3857062527113,1556.204728993233,1499.682963921905,1528.056154708493,-0.015378675428290078,29,10
2020-10-30,1530.6481110303264,1566.8134697526145,1477.4071806355557,1500.6405362134797,-0.017941499342505107,29,10
2020-11-02,1498.2824129457106,1554.1609113944933,1474.900039874033,1528.1237036448515,0.018314290976518155,29,10
2020-11-03,1533.529925046958,1559.1989806931083,1508.192680150729,1537.5273294681383,0.006153707190627022,29,10
2020-11-04,1538.5097617972513,1563.672036553658,1504.6629518961122,1524.0088236827735,-0.008792367801384815,29,10
2020-11-05,1536.359899162163,1580.2181936324437,1522.074036660231,1564.0359694990054,0.02626437930950165,29,10
2020-11-06,1562.830217804232,1582.8189048179854,1517.0871823465159,1542.1813412612926,-0.013973226104712522,29,10
2020-11-09,1548.8437902677272,1588.580423947013,1535.821345943308,1573.1187876772813,0.020060835641213304,29,10
2020-11-10,1570.6054451737975,1581.031598410524,1528.510160613487,1541.7029965159556,-0.01997038711088761,29,10
2020-11-11,1539.3116641360848,1562.3647088665703,1508.0941622723346,1518.4983510441002,-0.015051307239004497,29,10
2020-11-12,1522.5948404151688,1539.5644817054024,1495.0587816677294,1512.9670872511385,-0.0036425879482571144,29,10
2020-11-13,1511.4086981766345,1528.0196190495453,1485.0318625334532,1507.8390916466587,-0.0033893636204582744,29,10
2020-11-16,1511.3832578141948,1539.4804475425487,1485.4176795388048,1516.2690088894908,0.005590727345864188,29,10
2020-11-17,1517.1555888611485,1529.58451737993,1483.6954554733843,1506.1961873455637,-0.0066431625818854645,29,10
2020-11-18,1504.0263136201072,1529.615629213421,1485.1248467551036,1507.1563176192076,0.0006374536608912962,29,10
2020-11-19,1502.971822073474,1521.9431188406654,1482.2880840082107,1504.8266727224197,-0.001545722145442574,29,10
2020-11-20,1503.3820965810958,1530.7776720832107,1490.204568578199,1515.775375852982,0.007275723728869643,29,10
2020-11-23,1516.7923235261928,1540.4551940084089,1495.8222751379162,1522.6126926722895,0.004510771799192126,29,10
2020-11-24,1523.0872820117215,1565.8392460600317,1505.5948221783854,1545.125911349785,0.014785912915242339,29,10
2020-11-25,1544.3863521549945,1564.632290574191,1511.0154625393277,1519.036494713576,-0.016884977751371433,29,10
2020-11-26,1522.2235767672407,1560.8451867818032,1501.270607383841,1535.3253552292597,0.010723152848776563,29,10
2020-11-27,1532.7380291368297,1552.5770984074009,1503.8530114549162,1532.4505173915202,-0.0018724616433565267,29,10
2020-11-30,1529.543312175791,1545.4271453706326,1495.170024903169,1508.4300309105183,-0.015674559281619538,29,10
2020-12-01,1505.0291287691825,1538.7461680924855,1491.7456110891612,1528.0055610594643,0.01297742006444258,29,10
2020-12-02,1529.097126161528,1542.8506861158817,1503.8184585752315,1523.1633217975088,-0.0031689932192379144,29,10
2020-12-03,1521.9504646254309,1548.2270938375277,1498.6742429586936,1524.0293587286358,0.0005685778529020968,29,10
2020-12-04,1523.9148121617513,1544.2544666500633,1503.481572794519,1521.5030284850377,-0.001657665076547854,29,10
2020-12-07,1516.8609524997394,1534.003127183516,1492.1054615141807,1499.6909872327458,-0.014335851354834395,29,10
2020-12-08,1498.5904613711223,1525.3557467065923,1484.9918658592628,1504.3521199000559,0.0031080620654464486,29,10
2020-12-09,1502.1715500684552,1514.3601500404686,1462.6195117974091,1469.685336511265,-0.023044327807437703,29,10
2020-12-10,1468.2782325900603,1506.798164540587,1450.408258832271,1483.5519405714265,0.00943508363026746,29,10
2020-12-11,1481.1159982410347,1492.3183338642073,1428.0982757114082,1447.2695983676363,-0.024456401701591468,29,10
2020-12-14,1445.978472033659,1469.2415412456583,1428.830304925574,1451.3315424065108,0.0028066256925840527,29,10
2020-12-15,1455.8773535434034,1471.9353058262047,1433.3492047348993,1451.6085840000183,0.0001908878746259557,29,10
2020-12-16,1452.2451972455005,1470.7441291202936,1421.1126206053948,1434.9915397265024,-0.011447331227352087,29,10
2020-12-17,1436.8207052995876,1458.1612345356084,1401.0752849082899,1444.6823095387454,0.006753189509458579,29,10
2020-12-18,1444.9352135924319,1479.149153907278,1428.7159721070316,1453.435437270718,0.006058859912784209,29,10
2020-12-21,1461.8547983670885,1501.2881561524566,1448.1133149675918,1485.9670691296428,0.02238257787357445,29,10
2020-12-22,1486.1984675051733,1538.8002038879329,1459.2608028828276,1482.8621180797848,-0.002089515383188578,29,10
2020-12-23,1480.0314708343994,1534.1568692448752,1462.3608598790763,1505.4510367702371,0.015233323729183734,29,10
2020-12-24,1517.519799618195,1537.4227613495682,1467.8394932250153,1485.6275056496938,-0.013167835177869458,29,10
2020-12-25,1484.334933453969,1552.0420693046335,1471.0784776954456,1528.593080927043,0.028920826461515725,29,10
2020-12-28,1533.802573863407,1562.244461142126,1487.7338491374126,1515.1168465033468,-0.008816103246734097,29,10
2020-12-29,1507.754145467027,1533.2272721214406,1465.706201250538,1484.9764385622211,-0.019893124421845876,29,10
2020-12-30,1485.0651297621764,1514.3499787836104,1466.5625270704988,1488.2460228873788,0.002201775220301405,29,10
2020-12-31,1491.468658731213,1521.1490981959341,1472.9943327474666,1499.025534988934,0.007243098208078225,29,10
2021-01-04,1502.5731765529138,1559.3800493926678,1488.776955633117,1537.5223028905848,0.025681195552105907,29,10
2021-01-05,1529.2278215726396,1552.422952298972,1497.5068391409816,1527.3494419674382,-0.006616398932244083,29,10
2021-01-06,1525.278894343848,1544.8675026328854,1480.7342328495158,1501.4681531933716,-0.01694523077883736,29,10
2021-01-07,1497.0938213708744,1520.0958988103428,1446.6400689617471,1471.2286118915658,-0.020139981815459285,29,10
2021-01-08,1469.2732114939017,1490.7934396132061,1421.1659308246078,1452.6797967481662,-0.01260770419598578,29,10
2021-01-11,1451.4510536850858,1466.0070996010095,1389.3699215600702,1401.5454324637014,-0.0352000243955547,29,10
2021-01-12,1401.9313300324384,1447.350068927178,1384.5067696285232,1423.7006082013813,0.015807675744577532,29,10
2021-01-13,1424.8037875931257,1451.8626595901596,1378.5691271529947,1408.8221050460138,-0.010450584251813999,29,10
2021-01-14,1407.6242240636416,1438.8023322930014,1374.5056429885794,1404.544652543313,-0.003036190649891246,29,10
2021-01-15,1403.216952807835,1445.5267145253576,1383.779022046003,1427.239676778576,0.016158278908518398,29,10
2021-01-18,1429.4856485415694,1475.7841688030153,1409.8932085235385,1452.4100884024863,0.01763572862598828,29,10
2021-01-19,1449.4026045365515,1480.315217285299,1429.1006815561568,1452.8202325297325,0.0002823886521592378,29,10
2021-01-20,1450.3585354811073,1471.192404349193,1429.774622190492,1451.1969175114668,-0.001117354358040057,29,10
2021-01-21,1445.5633261145983,1483.3230561767396,1425.9902066927384,1460.219049677488,0.006217028204203112,29,10
2021-01-22,1459.4619664721959,1507.344611427644,1439.1437535043967,1472.1408345831378,0.008164381164786683,29,10
2021-01-25,1465.7161767425036,1491.8071937438829,1419.6332971860434,1436.1932277182964,-0.024418592311529985,29,10
2021-01-26,1431.9501619527182,1467.094059380386,1405.6715564116653,1432.1566854496991,-0.0028105843912175077,29,10
2021-01-27,1431.1145585808888,1459.1944580871277,1399.2283317413014,1433.7019527220073,0.0010789791983010222,29,10
2021-01-28,1413.615826297465,1441.2312010682633,1378.4960514436882,1391.3152601159752,-0.029564507829229814,29,10
2021-01-29,1393.6938079165163,1421.039859894571,1341.591445064085,1372.7509476531943,-0.013342994930734431,29,10
2021-02-01,1372.4311612546771,1407.7433501184246,1349.0213198528204,1383.9348475938655,0.00814707136774584,29,10
2021-02-02,1383.5061911996618,1412.2448608499315,1357.6037098582403,1388.9115224772852,0.0035960326398833953,29,10
2021-02-03,1389.6346236341067,1408.775832739064,1356.0598923529544,1367.52626029799,-0.015397137854506582,29,10
2021-02-04,1363.7693019435685,1391.1688956447178,1318.2824332116447,1351.835251579492,-0.01147400907319951,29,10
2021-02-05,1352.6032096499378,1372.3509193752968,1315.8165034022384,1327.5644336235277,-0.017953976216854906,29,10
2021-02-08,1328.6874579759192,1351.1561576629183,1293.4091368175034,1325.5570273063815,-0.0015120970902083863,29,10
2021-02-09,1329.6826902660637,1370.4195422055734,1318.1206010599633,1358.1160441107286,0.024562516839059745,29,10
2021-02-10,1358.2947987553814,1378.28232268912,1342.1980613924277,1359.513270307105,0.0010287973567761899,29,10
2021-02-18,1375.871067576121,1409.0114857773933,1355.2723155691779,1384.4091653405942,0.018312358972314646,29,10
2021-02-19,1384.8688018146283,1428.6146451153868,1364.7357013391868,1415.15079055048,0.022205592089043158,29,10
2021-02-22,1423.0292829416576,1467.0397253119734,1402.0425557072504,1424.3889964230518,0.006528071732184948,29,10
2021-02-23,1418.1125560985856,1440.7501880613427,1392.899622621277,1408.5175702010715,-0.011142620633715183,29,10
2021-02-24,1410.8824533591398,1431.4377000794627,1384.7235778804038,1403.535971146647,-0.0035367674211642663,29,10
2021-02-25,1409.0006441495814,1422.8330426701932,1374.4864726605945,1387.5789843375494,-0.011369132774032953,29,10
2021-02-26,1374.2444321809862,1405.8870664779304,1354.1947118436924,1382.8712421828147,-0.0033927741828565505,29,10
2021-03-01,1390.7479113502532,1426.2757927324974,1380.5895992343403,1416.215417833748,0.02411227787071546,29,10
2021-03-02,1425.7399502378041,1483.3004638057216,1408.9932627844473,1456.4883239380572,0.0284369917155054,29,10
2021-03-03,1459.6435744000796,1489.7738577932478,1429.3275830527348,1465.4049397990925,0.006121996115235895,29,10
2021-03-04,1454.0980996657313,1474.2061619681326,1425.7168470600839,1440.7995399007837,-0.016790853661024396,29,10
2021-03-05,1429.4047954337586,1476.4397688586407,1416.182490166796,1451.0035548702735,0.007082189219877577,29,10
2021-03-08,1462.1855463930885,1488.889398936379,1422.5153435627449,1436.2512519163784,-0.010166965411200657,29,10
2021-03-09,1433.1085660140502,1451.7385720755487,1367.2179567914095,1396.8424878853593,-0.02743862814980047,29,10
2021-03-10,1405.6377568437374,1439.7746518449337,1363.7765024618368,1388.3669542717853,-0.006067637322805797,30,9
2021-03-11,1381.9893848000022,1423.9743115360284,1364.7675996710723,1412.1501661838424,0.017130350041017595,30,9
2021-03-12,1410.548595762172,1455.0460306346074,1390.07756033756,1432.408181986952,0.014345511042819448,30,9
2021-03-15,1424.671619808415,1460.5950133066672,1401.6986843852837,1435.5459562641868,0.002190558750426952,30,9
2021-03-16,1436.7415252842288,1507.0724850613817,1422.3884612905833,1485.1594641740303,0.03456072422714751,30,9
2021-03-17,1483.757130742238,1502.4753509117854,1450.326936701317,1470.2599663802625,-0.010032254551233688,30,9
2021-03-18,1470.2817820137132,1511.0963715406567,1450.1133943295272,1483.1398937713764,0.008760306126557982,30,9
2021-03-19,1466.1552620834455,1526.0510845720755,1451.432843963019,1491.0293792599764,0.005319447964236446,30,9
2021-03-22,1507.0945146022634,1556.022736673713,1488.5358954076828,1536.152127327503,0.030262816209511323,30,9
2021-03-23,1541.165553411205,1561.0500033886228,1482.7107642610104,1503.7801261019029,-0.021073434492401955,30,9
2021-03-24,1486.8252784722151,1532.988428144363,1463.6571902295723,1493.5604213045087,-0.006796010015031606,30,9
2021-03-25,1488.6085478198888,1520.3883838938,1450.7844574966625,1481.0006879406724,-0.008409256957188638,30,9
2021-03-26,1486.915731590078,1533.617815082538,1471.0850965133905,1510.9691053223066,0.020235248792021432,30,9
2021-03-29,1513.426277340759,1538.7858983240362,1482.9364941938713,1501.3016504708676,-0.006398181681800064,30,9
2021-03-30,1496.2906074040875,1516.729285500886,1452.7659749993597,1478.8444442098232,-0.014958490356685394,30,9
2021-03-31,1480.1948698143099,1507.6447653626485,1459.7517317130962,1489.6370076836743,0.007297970733911585,30,9
2021-04-01,1487.6067554247697,1520.7686514950424,1460.8112599440526,1491.0732379911742,0.0009641478427910855,30,9
2021-04-02,1490.7079376548365,1513.2351716935555,1468.374860173353,1484.7844320185122,-0.0042176372108552185,30,9
2021-04-06,1489.2234395508299,1511.5383659322893,1470.7522645303914,1495.6964075145884,0.007349198483473929,30,9
2021-04-07,1492.8419908704996,1518.5364596589325,1474.7931835588115,1505.2800013544938,0.006407445917337329,30,9
2021-04-08,1500.9181254835535,1520.2972716187805,1472.7502778180976,1486.9589527965718,-0.012171189772956614,30,9
2021-04-09,1485.3400522435522,1512.8992691256046,1467.6070290746738,1492.1063554968623,0.003461697910765782,30,9
2021-04-12,1491.392689172202,1515.798757538862,1457.620802988293,1471.7231975617099,-0.013660660220407128,30,9
2021-04-13,1469.2712034622232,1482.8347703473403,1435.7416378745984,1452.1500946350577,-0.013299445819077937,30,9
2021-04-14,1455.0600558388592,1483.5949284567002,1440.0727994566428,1469.5669636449177,0.011993849034067638,30,9
2021-04-15,1465.2214321694028,1480.6680022458336,1436.8048854190524,1455.7420342923087,-0.009407485126311954,30,9
2021-04-16,1457.9360474506743,1492.4316098645554,1443.5129425040598,1477.377564134548,0.014862200398546133,30,9
2021-04-19,1477.157121251694,1509.6981690975251,1466.4199284588813,1498.725187807051,0.014449673658749829,30,9
2021-04-20,1495.5575714008496,1518.554597225879,1478.2033422707286,1491.4279074355022,-0.004868991614284224,30,9
2021-04-21,1488.693114754007,1500.2319974428747,1465.1769249342558,1477.0895137038735,-0.009613869809023012,30,9
2021-04-22,1479.7868706657116,1503.8257771826638,1466.6519090199909,1486.3588574589905,0.00627541098160922,30,9
2021-04-23,1495.1917518211742,1523.315880064496,1466.4565719574416,1491.2926414055487,0.0033193760186505106,30,9
2021-04-26,1489.4915082001503,1510.0412728600998,1463.442984003797,1476.8713159806136,-0.009670352434209661,30,9
2021-04-27,1467.901506057078,1487.9655729458736,1438.2823612656166,1460.8642833439296,-0.010838474864721559,30,9
2021-04-28,1460.00113083228,1483.9487449024155,1437.984784354717,1462.994255684701,0.0014580220524633702,30,9
2021-04-29,1467.168892471013,1493.0747344241695,1445.9968669516868,1464.8556343414675,0.001272307563432884,29,10
2021-04-30,1458.2320778102433,1472.6227730999096,1424.760773448226,1443.979850449282,-0.014251086184046025,30,9
2021-05-06,1437.7273292639948,1462.9954301993948,1419.5211655908786,1435.5766612739353,-0.005819464290122922,30,9
2021-05-07,1436.0022387693311,1453.7408739096668,1406.0454204747946,1422.3488076893896,-0.009214313621403791,30,9
2021-05-10,1418.6196741850604,1438.1490159500956,1389.7492497677545,1412.2545215365947,-0.007096913287531148,30,9
2021-05-11,1412.1938005669456,1432.843379665061,1393.3480071604731,1423.1527706788152,0.007716915737230323,30,9
2021-05-12,1417.2213205746439,1443.7473002966872,1402.272993911974,1432.3209181938362,0.006442138682446474,30,9
2021-05-13,1423.3571365654186,1444.1574564729422,1407.0969377384613,1418.6729212452158,-0.009528588722861442,30,9
2021-05-14,1418.5412810662872,1453.9521832176022,1407.9500738822671,1443.0358847318862,0.017173065843313795,30,9
2021-05-17,1439.6586431978103,1461.1449927884619,1415.5351320188588,1434.818469297576,-0.005694532978185007,30,9
2021-05-18,1437.3014754200829,1459.461302904665,1418.1067635098018,1447.108582654615,0.008565622495126934,30,9
2021-05-19,1448.6807772976822,1464.476150736722,1425.2729681301535,1442.5682743633686,-0.003137503533368391,30,9
2021-05-20,1449.4117384910971,1486.4434061549532,1428.217627848423,1465.102066963555,0.015620607357479166,30,9
2021-05-21,1475.4136536170727,1499.3913803521637,1444.1433734169202,1462.9660315260965,-0.0014579430919005043,30,9
2021-05-24,1458.2126787971479,1485.0830206059106,1437.769076700066,1458.9755541217007,-0.0027276623779385334,30,9
2021-05-25,1456.2079906718288,1473.9340872916566,1438.4769993129848,1462.7612532371418,0.0025947652822189138,30,9
2021-05-26,1460.5935373605926,1492.8204649939876,1448.060459920799,1475.7196981878876,0.008858892674432184,30,9
2021-05-27,1474.1563079752743,1491.931698663441,1459.7080696665682,1476.8871324777115,0.0007910948747635871,30,9
2021-05-28,1474.333795814535,1500.2447091777824,1453.9840739563062,1470.166424055195,-0.004550590410549171,30,9
2021-05-31,1471.1896171441874,1494.6303065266163,1450.1031594468175,1484.0336128510137,0.009432393890188573,30,9
2021-06-01,1485.3809803907675,1514.3914525568398,1461.522959680022,1497.5693371605191,0.009120901435313078,30,9
2021-06-02,1497.3102646905866,1519.8739479604596,1473.3789358347603,1485.521430254163,-0.008044974351037237,30,9
2021-06-03,1485.5241719333446,1502.735528468167,1461.3106477224733,1475.070801021961,-0.007034990555749965,30,9
2021-06-04,1475.1033344871198,1497.3255616262597,1455.931609640138,1476.1130667850434,0.0007065869396645219,30,9
2021-06-07,1477.838806913795,1501.4935911451066,1457.680039606262,1484.9637701982772,0.0059959522155781375,30,9
2021-06-08,1483.1523765397037,1511.2837188113172,1463.9199221964593,1487.5338790894973,0.0017307552835965634,30,9
2021-06-09,1487.4217814803128,1502.8939471048964,1465.9187244472498,1483.4245802614112,-0.0027624909159054134,30,9
2021-06-10,1485.1264096066232,1510.5227039034983,1469.7436414709312,1495.5368649891425,0.008165082936401724,30,9
2021-06-11,1496.002503207985,1523.3478443263984,1465.5176623370112,1486.6374407406731,-0.005950655217405232,30,9
2021-06-15,1489.335334605858,1521.2061396383422,1462.633999680732,1493.5880435139868,0.004675385257249198,30,9
2021-06-16,1492.7256146676377,1510.6333157186646,1455.8391852598036,1472.570552715869,-0.014071812431404873,30,9
2021-06-17,1470.7278997198323,1498.347891305257,1451.90953475791,1476.1277822583622,0.0024156598377800265,30,9
2021-06-18,1474.717522065545,1506.2239308176536,1455.5010602307966,1493.2407483835166,0.011593146833787538,30,9
2021-06-21,1489.1652105057774,1525.3251951542725,1470.7420634453392,1513.4129155936146,0.013508985226886594,31,8
2021-06-22,1517.0805286298596,1549.7010251987977,1493.393385326806,1524.031326806515,0.0070162023222428704,31,8
2021-06-23,1525.227813657846,1554.8988025719123,1503.8644001117934,1530.3774584524783,0.0041640427820215375,31,8
2021-06-24,1536.1944828433332,1587.3501116761295,1511.2552322239962,1557.5505508927665,0.017755810692458684,31,8
2021-06-25,1557.478063931042,1578.9296090697228,1524.2610918687321,1546.301096433112,-0.007222529280482504,31,8
2021-06-28,1548.3257331932718,1598.438665313734,1526.2516582009703,1568.74508768504,0.014514631919811949,31,8
2021-06-29,1571.5239731537408,1593.2507356128278,1534.4420209055418,1553.1827732090592,-0.009920231526554635,31,8
2021-06-30,1548.0830389983273,1591.1723037991717,1530.4286906989564,1572.1975757094194,0.012242475791225393,31,8
2021-07-01,1573.893527042259,1590.0486834053047,1524.9411138954351,1531.9937523360743,-0.025571737289573293,31,8
2021-07-02,1529.5304696183816,1560.7146533355558,1502.5924307035204,1528.161906721842,-0.0025012149092574765,31,8
2021-07-05,1532.0626521710162,1561.8613080651965,1511.1283972047545,1542.2649305046991,0.009228749729215835,31,8
2021-07-06,1540.315245633268,1563.6626469845135,1513.8512276970384,1539.8203006972565,-0.0015850907059417052,31,8
2021-07-07,1531.8948179351778,1570.5786386395082,1517.9222296880384,1557.996743644662,0.011804262444893743,31,8
2021-07-08,1563.5577073691027,1586.5493187732216,1535.721780331902,1551.4047495250825,-0.004231070537515147,31,8
2021-07-09,1546.0353537301203,1584.032226907976,1521.7196511150344,1567.8250301366463,0.010584137129005411,31,8
2021-07-12,1575.3452031414756,1616.5400038951905,1551.7786536283206,1588.7842031567154,0.013368311270194777,31,8
2021-07-13,1586.9153347794252,1620.0166043643244,1561.6384433823946,1600.0445278407997,0.007087384593648105,31,8
2021-07-14,1597.4120461925663,1618.0818055312636,1564.8460850655101,1577.7324816071748,-0.013944640818049137,31,8
2021-07-15,1570.922656658591,1601.4916419316069,1538.3733392688064,1569.8158190045435,-0.005017747111707327,31,8
2021-07-16,1568.9813075670434,1605.516373464221,1548.0622721944671,1571.4041751377067,0.0010118105028209534,31,8
2021-07-19,1572.7288528074123,1604.0285452942173,1544.1020579564783,1568.4537188330178,-0.0018775922524391087,31,8
2021-07-20,1556.6798182738305,1590.5968581722689,1541.5923538144114,1577.1731872799091,0.00555927684839741,31,8
2021-07-21,1580.3199558019928,1626.7776819016838,1564.9228531273404,1606.0625775301803,0.018317195906744743,31,8
2021-07-22,1605.1681246174098,1633.8016009776402,1577.2493955258876,1611.0417386254014,0.0031002285744545777,31,8
2021-07-23,1613.2881730259196,1652.0843057238815,1578.2334683146553,1605.1787778664443,-0.003639235792835205,31,8
2021-07-26,1608.628827625085,1680.1753127379136,1571.186975973265,1645.3017637273063,0.0249959608325947,31,8
2021-07-27,1649.1378635573521,1683.9934910799573,1586.1854872634951,1601.763669159195,-0.026462072507282164,31,8
2021-07-28,1588.8311612431621,1635.6637293650783,1515.7958624083167,1567.411486671129,-0.02144647375233466,31,8
2021-07-29,1587.2746004186538,1644.9191975548822,1567.1028235074004,1621.6547117460975,0.03460688245316512,31,8
2021-07-30,1634.6504998417868,1721.1734902756964,1611.1211477423874,1691.5524782199302,0.04310274312253015,31,8
2021-08-02,1709.891216376261,1753.9237120875498,1662.171560952173,1710.780736556554,0.011367225424101735,31,8
2021-08-03,1710.0727381641577,1768.4232501784095,1667.8097254784034,1709.347619583663,-0.0008376976325883412,31,8
2021-08-04,1701.053203359844,1765.8751677069706,1684.671472600646,1746.0489619915825,0.021470964704568773,31,8
2021-08-05,1744.8580303243618,1776.818574974558,1698.2991067105397,1733.2376915375476,-0.00733729164125041,31,8
2021-08-06,1732.0836183459035,1772.644659961863,1702.1963988888472,1744.316157203866,0.006391775184908743,31,8
2021-08-09,1747.4574912041767,1788.098583018137,1703.2633856412015,1752.74476797964,0.004832043056509416,31,8
2021-08-10,1747.1750552375042,1837.02347698406,1730.8861181210302,1795.5077374456705,0.024397716226146615,31,8
2021-08-11,1803.6890752731213,1900.2153138020665,1779.2757115686272,1872.9699082741647,0.04314220942244096,31,8
2021-08-12,1880.0369799004548,1934.0475530423018,1840.2934009735432,1886.1191776347337,0.007020544912376803,31,8
2021-08-13,1883.2720325814087,1957.7536665566377,1849.6610077004732,1896.9822772147218,0.00575949797276909,31,8
2021-08-16,1891.9374712106867,1932.6578859482906,1829.7080923828587,1860.6364282152754,-0.019159825284615684,31,8
2021-08-17,1852.3008938674764,1898.3336004773314,1787.657383132412,1807.1345786347722,-0.02875459642151712,31,8
2021-08-18,1808.5294682255767,1861.9246269593207,1774.6782329036148,1819.5301546989517,0.006859243473468446,31,8
2021-08-19,1817.868815646441,1851.9982868794673,1759.5652792843061,1801.8347594292795,-0.009725255294051438,31,8
2021-08-20,1795.5563588748892,1828.7308297903674,1740.5426409195654,1786.3006456388066,-0.008621275457796895,31,8
2021-08-23,1798.2455355516317,1867.587257447212,1773.6384220405039,1849.0002671154523,0.0351002624500667,31,8
2021-08-24,1845.7815959407528,1889.5368222645036,1804.9792729773549,1832.9029249052019,-0.00870597073269408,31,8
2021-08-25,1830.33450156553,1892.237748337541,1791.195123622952,1861.4804057474873,0.015591377183144406,31,8
2021-08-26,1860.1802277660179,1917.6773685171063,1822.6870903011618,1854.2853520937654,-0.003865232011847408,31,8
2021-08-27,1846.6586892780451,1883.9542910009718,1787.787059892568,1835.010915344903,-0.010394536486576178,31,8
2021-08-30,1850.7146282061447,1924.6214862579538,1818.370658474957,1885.2037521714324,0.027352881885770897,31,8
2021-08-31,1887.7052544924966,1936.7463964459268,1819.4470812770496,1881.6891170995893,-0.0018643263720405923,31,8
2021-09-01,1883.3557254314244,1936.4395413043846,1806.0931087270333,1844.5227910218823,-0.01975157625133883,31,8
2021-09-02,1846.1806701644098,1996.7509114743443,1821.735091921822,1969.4693858120893,0.06773925234124412,31,8
2021-09-03,1996.5078042689918,2091.014811638073,1931.3512762375767,1985.3404116277798,0.00805852882508562,31,8
2021-09-06,1992.3732057985296,2046.3863359240465,1899.54781421409,1959.2108347029164,-0.013161257773139146,31,8
2021-09-07,1955.050474517573,2023.9614384300726,1923.4685694547866,1989.1068265943513,0.015259200981280863,31,8
2021-09-08,1991.461587599493,2054.341017284359,1943.2143385527454,1986.1377307446264,-0.0014926779245981736,31,8
2021-09-09,1980.2037563742338,2023.1345048336577,1925.7570683083723,1969.2805063097005,-0.008487439805398567,31,8
2021-09-10,1993.4356294254947,2093.89955677814,1964.243065246159,2030.818960385222,0.031249206945556107,31,8
2021-09-13,2049.3300675121177,2091.8472559650518,1980.7657835103375,2032.3108769183893,0.0007346378787425056,31,8
2021-09-14,2019.0717168484584,2079.6075628631384,1970.3134286450183,2011.5171830923923,-0.010231551709021347,31,8
2021-09-15,2004.9301736996322,2101.631135010157,1972.410888064008,2071.516485378692,0.029827884539400218,31,8
2021-09-16,2068.8009837091295,2118.5818278644424,1983.9287488956847,2022.3264925285341,-0.023745885295798463,31,8
2021-09-17,2023.5235749647306,2120.9881506071083,1980.6103243661278,2053.964792539535,0.015644506526462765,31,8
2021-09-22,2027.818905686376,2193.200102994648,2002.0924811102013,2166.0403124447785,0.05456545326985496,31,8
2021-09-23,2184.921351750782,2258.8107148350314,2111.4012412016355,2155.6577640994315,-0.004793331077771246,31,8
2021-09-24,2155.745977809164,2193.871791822006,2047.3354897683562,2089.860791752867,-0.03052292132932899,31,8
2021-09-27,2107.4285641705087,2156.3813405525702,1949.7132636523208,2000.2813624801595,-0.04286382596688332,31,8
2021-09-28,1989.7189137341024,2094.2002466661215,1957.4776391491073,2043.7240606292587,0.02171829371805689,31,8
2021-09-29,2024.2689624325592,2109.4769146551566,1967.6984080914242,2026.131523084838,-0.008608078694833154,31,8
2021-09-30,2042.6653017975993,2155.3762904336277,2019.1320752845847,2124.108615739189,0.04835672883919129,31,8
2021-10-08,2163.458029382186,2208.495766422894,2051.5530939351784,2095.8370155676093,-0.013309865588837178,31,8
2021-10-11,2100.496790827991,2129.76397128905,1974.3471471785429,2003.9407441915066,-0.04384705045931958,31,8
2021-10-12,1988.856477221929,2016.2700813292552,1878.4918708346095,1922.1026720271782,-0.040838568905562256,31,8
2021-10-13,1918.578439671746,1958.8387561155657,1862.787419222981,1919.2887555003638,-0.001463978260769272,31,8
2021-10-14,1916.9008808239464,2003.0632812466276,1876.8515673682107,1973.8598981237164,0.028433002833451182,31,8
2021-10-15,1967.8158357437283,2025.3914766554326,1916.3674057954586,1977.0101240012245,0.001595972379043964,31,8
2021-10-18,1972.7155131028198,2072.257970954016,1952.6312551377614,2045.6829803925732,0.03473571306370604,31,8
2021-10-19,2058.960296161869,2137.9207377378284,2028.5062084846822,2074.392339859091,0.014034119529609868,31,8
2021-10-20,2073.8584277619334,2158.072236919818,2040.4085224796602,2118.4092511379936,0.02121918329195749,31,8
2021-10-21,2111.570343948272,2168.65164001126,2063.123316714458,2118.7078226992207,0.00014094139792231175,31,8
2021-10-22,2110.321526633615,2151.7476257302083,2029.4440734010748,2060.5565375683223,-0.02744658065065997,31,8
2021-10-25,2074.2274588942114,2183.614171511629,2041.1744877352708,2148.6657628573244,0.04275991640247834,31,8
2021-10-26,2173.594472799452,2238.3266290563042,2113.2106038692127,2149.6653100704766,0.00046519436872438646,31,8
2021-10-27,2151.3572711880265,2214.0639296921245,2094.4976799626697,2155.471426719609,0.002700939826275617,31,8
2021-10-28,2148.056121783996,2215.497352653122,2085.6831412844676,2137.340068616821,-0.008411783092101333,31,8
2021-10-29,2142.1598895633347,2196.9629529319554,2059.3570678716314,2149.988789207197,0.005917972893551449,31,8
2021-11-01,2143.744678952098,2252.5779365698245,2099.6190075065997,2193.641798895816,0.02030383130728608,31,8
2021-11-02,2185.428822971015,2228.527665336439,2092.7995302228805,2131.776914491799,-0.02820190809418266,31,8
2021-11-03,2124.2716050020504,2160.1734359199204,2058.5904203776054,2119.1277604340708,-0.005933619963580217,31,8
2021-11-04,2127.112231489529,2226.122342809665,2107.4255377779496,2194.92332878255,0.035767342471580754,31,8
2021-11-05,2195.2541367952736,2232.2850328601426,2108.379615634481,2128.2036846900783,-0.030397254982696076,31,8
2021-11-08,2119.072250272092,2179.5063939666275,2080.372531335355,2137.7704768044687,0.0044952427172322285,31,8
2021-11-09,2141.148427360902,2222.14221220395,2117.137412438229,2174.6787360012727,0.017264837173714964,31,8
2021-11-10,2160.4464625476307,2208.1157476468297,2102.9590712938657,2167.2237981087833,-0.0034280640027763987,31,8
2021-11-11,2163.2070120132635,2223.5496876375832,2126.631846435984,2180.7687441814737,0.006249906486127665,31,8
2021-11-12,2181.2590565554265,2330.5863755011433,2164.532836583026,2299.1695956783537,0.05429317153081281,31,8
2021-11-15,2331.6311822370153,2430.3055517750795,2260.2145199492,2315.1909302065615,0.006968313498196155,31,8
2021-11-16,2307.341883058248,2364.5214145686846,2244.5087628214474,2293.477994541085,-0.009378464377250761,31,8
2021-11-17,2289.069047989505,2397.4389209239484,2254.1901229647697,2373.3214658584548,0.03481327115734789,31,8
2021-11-18,2370.3220543600623,2453.213189508535,2326.123942732943,2391.1794564541337,0.007524471864674087,31,8
2021-11-19,2393.845460936468,2465.069100496535,2342.834497043114,2422.9611575508115,0.01329122371426128,31,8
2021-11-22,2425.670618701043,2492.941925236022,2376.1946817240355,2444.9390207006277,0.009070662598665846,31,8
2021-11-23,2447.5135648973915,2525.738046157051,2382.3026830972703,2445.316207902821,0.0001542726419758722,31,8
2021-11-24,2437.0623787723243,2480.4415743895033,2356.9947170722403,2406.033811812345,-0.016064342093477513,31,8
2021-11-25,2409.7393154843808,2569.318284147777,2376.308003467364,2519.093107287122,0.04698990301786954,31,8
2021-11-26,2509.854245149494,2576.4237715458116,2444.465307560783,2503.692841992282,-0.006113416471305033,31,8
2021-11-29,2463.2623653303663,2622.1980135231506,2439.992441011308,2567.0995713582133,0.02532528283919855,31,8
2021-11-30,2581.369355782422,2647.740875200556,2505.0395806440783,2576.875828907695,0.0038082891908666205,31,8
2021-12-01,2573.7947368368305,2636.7550434640943,2511.1874998770913,2591.606728300411,0.005716573234714195,31,8
2021-12-02,2574.685947232242,2611.567667690199,2481.0206145006737,2517.5915173969074,-0.028559584328615606,31,8
2021-12-03,2511.902555940695,2575.4622969264015,2458.9155086244446,2528.7710863624675,0.004440580963316565,31,8
2021-12-06,2537.7804109529297,2620.025448837581,2458.6435612354417,2496.402047182058,-0.012800304209018343,31,8
2021-12-07,2502.752594289795,2531.7408011035373,2371.56461727813,2423.9991820272203,-0.02900288646877458,31,8
2021-12-08,2426.1982094292875,2512.784811007407,2396.21838917892,2469.3468443835177,0.018707787813019294,31,8
2021-12-09,2471.619777935993,2510.6981011812436,2388.192840950544,2430.4596361858275,-0.015747973309678365,31,8
2021-12-10,2428.909032803186,2469.8157733893,2378.6150801209433,2423.563342393944,-0.0028374442797601818,31,8
2021-12-13,2429.730028270919,2530.872349011711,2390.491077733736,2493.055365818459,0.028673491717312594,31,8
2021-12-14,2481.9884713090273,2583.8904285872704,2440.6891127230924,2526.0509346602284,0.013234992408978075,31,8
2021-12-15,2522.198555365043,2690.4562991226703,2482.9980636835517,2606.680251919797,0.03191911776332157,31,8
2021-12-16,2609.2778176220695,2651.6016629017313,2540.0287524722125,2582.3847248459,-0.009320486107186832,31,8
2021-12-17,2584.69400749213,2688.667182661193,2533.6946891789653,2578.3146609074565,-0.001576087365791845,31,8
2021-12-20,2593.037710909521,2648.011156630887,2478.524642367061,2517.9381089352223,-0.023417061108819248,31,8
2021-12-21,2511.8402666438683,2574.8231671473495,2451.412412111882,2530.2147240394333,0.004875661979397261,31,8
2021-12-22,2529.476421236054,2588.3360024929443,2475.154678003641,2526.8876484516845,-0.0013149380391072052,31,8
2021-12-23,2523.708920212934,2607.896750644921,2480.886359472048,2569.9567464158185,0.017044326442659186,32,7
2021-12-24,2559.8085473378087,2596.8989399142515,2450.7939485446836,2473.221433486091,-0.037640833085863745,32,7
2021-12-27,2460.452669602381,2532.6968979805865,2354.008130140549,2419.313782203888,-0.021796532470696905,32,7
2021-12-28,2419.038134771338,2455.057347239274,2362.3644103894453,2405.8076002320395,-0.005582649952725505,32,7
2021-12-29,2400.629630972447,2448.2267666779667,2343.6362320739936,2397.533800048894,-0.003439094706637169,32,7
2021-12-30,2394.348700312908,2468.6707959868777,2371.1045200139056,2414.9233045976866,0.007253080039346216,32,7
2021-12-31,2426.6208567559675,2479.764085763534,2386.5417630787015,2414.409227321581,-0.00021287519778656616,32,7
2022-01-04,2420.1882866497717,2441.7475906235745,2328.3656448716088,2361.2514878297056,-0.02201687223952742,32,7
2022-01-05,2358.593814083347,2381.06330451021,2250.6103729509946,2283.6051193866883,-0.03288356570370421,32,7
2022-01-06,2267.940140417763,2343.4733865971048,2248.2827359024122,2314.272798509967,0.013429501827143975,32,7
2022-01-07,2310.9617697173494,2342.7279912421936,2243.061013843325,2265.2425256951997,-0.0211860385890269,32,7
2022-01-10,2262.0532604959553,2300.0738656573503,2214.3460422406697,2256.721532832416,-0.0037616249766317944,32,7
2022-01-11,2256.9030117066673,2292.1041123479167,2202.0939334815894,2226.0278603653132,-0.0136010012846286,32,7
2022-01-12,2287.2575525106354,2368.9849127282046,2265.1082812201835,2328.9586252850186,0.04623965708264466,32,7
2022-01-13,2338.21948388432,2372.382197302413,2260.011955190107,2302.972109810812,-0.011157997910343442,32,7
2022-01-14,2290.188026864186,2357.4025791362374,2252.663741250798,2293.8396115540613,-0.003965527076010056,32,7
2022-01-17,2296.051729487755,2360.826615545581,2261.6558974343034,2326.853784974749,0.01439253784545147,32,7
2022-01-18,2322.9241703563785,2401.022846061971,2277.4111278812734,2358.68566475524,0.013680223478604425,32,7
2022-01-19,2352.272992613771,2404.250857779319,2299.142420698208,2342.0102633836937,-0.007069785355767966,32,7
2022-01-20,2337.3418526209734,2364.218131404122,2242.134788789248,2264.588350763292,-0.033057887845693745,32,7
2022-01-21,2255.7855065143704,2300.719468877963,2200.1953767447258,2233.358104873781,-0.013790694401030867,32,7
2022-01-24,2227.961531515464,2286.941496138727,2199.1790765303954,2244.7600858700857,0.005105307998489961,32,7
2022-01-25,2230.399297586384,2260.945361649377,2126.7658669554667,2138.376394656551,-0.047392009454898854,32,7
2022-01-26,2156.008145503416,2232.1655410789117,2131.596945805356,2194.2126584079065,0.02611152269117878,32,7
2022-01-27,2186.229497833315,2216.348662571152,2111.3325315354577,2123.240113566812,-0.03234533561236108,32,7
2022-01-28,2146.0125777822327,2180.352171134944,2049.052710646717,2113.9320737651014,-0.004383884678061278,32,7
2022-02-07,2154.4010021791487,2200.182019487616,2103.2476426144212,2148.4852892528256,0.016345471037856996,32,7
2022-02-08,2148.3021735345733,2173.690961486079,2079.7697472256946,2140.8220678442563,-0.0035668018984826855,32,7
2022-02-09,2138.071442232808,2179.0564675342944,2091.1279655089133,2160.305057947285,0.00910070500284399,32,7
2022-02-10,2155.3297127887154,2182.459606205363,2093.483175333485,2121.3530619159255,-0.018030784998657512,32,7
2022-02-11,2110.4942440877044,2126.47325537352,2028.2243379555528,2043.5841725554983,-0.036660040592294996,32,7
2022-02-14,2028.95376625897,2070.5612133184363,1995.725486736478,2028.4916108597915,-0.007385338905239958,32,7
2022-02-15,2033.3816096989867,2088.3873779299165,2005.9075595232434,2068.665308109617,0.019804714515332833,32,7
2022-02-16,2078.232718457906,2116.4199165326863,2048.047521407483,2082.7995725241485,0.0068325525444459245,32,7
2022-02-17,2079.323417769956,2131.1610773084312,2056.3580284377226,2094.3570059313047,0.005548989715390418,32,7
2022-02-18,2076.0335835949113,2115.5232258605533,2053.6888258007057,2087.93096583053,-0.003068263950499195,32,7
2022-02-21,2087.3060172413248,2145.917850514898,2068.6044198370164,2128.8082287447937,0.019577880487060773,32,7
2022-02-22,2109.436871393715,2133.8871705906954,2068.417095927699,2101.419697971441,-0.012865663709643704,32,7
2022-02-23,2105.942344729199,2180.7607939788604,2091.213743217367,2159.1708807642995,0.02748198413130276,32,7
2022-02-24,2147.1566590984125,2212.725539220464,2077.9724983640817,2115.499980033963,-0.020225773290754034,32,7
2022-02-25,2137.3747187768636,2185.56996645774,2112.051313429614,2140.946171215955,0.01202845257487728,32,7
2022-02-28,2139.1317052275012,2172.8429951296325,2090.8668649383344,2141.641270323337,0.000324669119068588,32,7
2022-03-01,2151.1360241325633,2196.5158045079356,2124.8066273868285,2153.3896325536234,0.0054856816559725186,32,7
2022-03-02,2140.50691873423,2175.2108195773017,2101.8768355482466,2148.699779477721,-0.002177893403499276,32,7
2022-03-03,2158.411042461707,2178.8722085436593,2095.8596796299116,2107.2663226639743,-0.019283036750633475,32,7
2022-03-04,2094.6545280634477,2121.9608470032103,2046.186272965113,2061.248563940437,-0.02183765679193428,32,7
2022-03-07,2052.615125230552,2070.303683852819,1986.3950590878849,2004.9518756109253,-0.02731193574339763,32,7
2022-03-08,2006.5003060954116,2032.295804401873,1921.038370935,1938.3351279366748,-0.033226108060050996,32,7
2022-03-09,1947.9550268674761,1986.2831343085131,1838.4418132465494,1933.7363648932494,-0.0023725324775600853,32,7
2022-03-10,1977.571889951806,2022.0605351958961,1950.5331120482067,1979.5426592654094,0.02368797277838275,32,7
2022-03-11,1949.5723638398968,1995.072017513485,1904.850504367211,1980.0635450346138,0.00026313439963843166,32,7
2022-03-14,1959.7886742995195,1983.8247511755483,1900.0887760401063,1909.2414602298643,-0.03576758179420525,32,7
2022-03-15,1899.398895968147,1923.4061371882692,1792.3211371528614,1801.1693822468,-0.05660471985039173,32,7
2022-03-16,1832.281981053092,1878.9613437827577,1751.4599211548953,1857.6462350718652,0.03135565893009762,32,7
2022-03-17,1880.665017046534,1950.5318797380369,1860.5342624078885,1897.5691965794556,0.021491154103432386,32,7
2022-03-18,1891.659170758663,1929.006620692158,1858.3238720186762,1907.2490167111719,0.005101168457606109,32,7
2022-03-21,1908.2716857260232,1959.9584594682608,1886.4475653888308,1935.0006037140506,0.014550583987576582,32,7
2022-03-22,1940.2494518051485,1962.856781143773,1893.4141138796429,1913.6284377303532,-0.011045043573979063,32,7
2022-03-23,1929.198284029179,1989.9506908936128,1908.9277500434946,1953.3936397923976,0.020780001633549983,32,7
2022-03-24,1937.0172562633882,1952.5089468251297,1894.3269887098704,1909.4487592398787,-0.022496684568497627,32,7
2022-03-25,1911.4153507971146,1927.2950333869364,1861.3178238030214,1870.6923758795206,-0.020297158105350932,32,7
2022-03-28,1857.8654691497263,1887.4296653166396,1820.713389695355,1860.335725692474,-0.005536265780832883,32,7
2022-03-29,1865.4537029049457,1885.601258727599,1814.4715500142352,1830.3512994485898,-0.016117750054347346,32,7
2022-03-30,1847.0628404871252,1922.6779501434473,1834.4867879590659,1905.8005506359495,0.04122118590572721,32,7
2022-03-31,1904.876695096744,1937.8051455469256,1858.1105908273908,1890.861051332946,-0.007838962633323954,32,7
2022-04-01,1874.5929071929527,1911.0286006573292,1846.4177945436059,1878.5039250617242,-0.0065351847310571864,32,7
2022-04-06,1873.7513162277821,1895.27416111349,1825.0318455647698,1854.1129351742356,-0.01298426346736914,32,7
2022-04-07,1844.8318960459035,1857.1882739326782,1781.7019733449179,1789.2879952465964,-0.034962778532984684,32,7
2022-04-08,1790.6562673080205,1809.4626219652691,1742.3394386999337,1772.6194442378562,-0.009315745175188073,32,7
2022-04-11,1768.4012484223206,1779.978967801417,1677.8514763436551,1696.5504557573686,-0.042913321710286056,32,7
2022-04-12,1692.6154981511138,1731.9781491685437,1660.0855630617718,1715.628680095352,0.011245303240608129,32,7
2022-04-13,1708.6223256260023,1722.669633573722,1662.2926983594623,1674.5847499378583,-0.02392355096046339,32,7
2022-04-14,1684.306572750112,1704.794285602337,1658.0035252884086,1676.9411214696672,0.0014071378184330463,32,7
2022-04-15,1666.241225145443,1686.6237549158668,1622.8402116134164,1652.8557392695084,-0.014362688046584693,32,7
2022-04-18,1642.6466515347718,1711.6375046037474,1611.5803142238813,1701.265677620379,0.029288665187601648,32,7
2022-04-19,1699.7954663835176,1740.3802761723275,1675.9435740080094,1695.7451536088656,-0.0032449511467456116,32,7
2022-04-20,1695.3646683523207,1717.8370392481006,1652.3974399914025,1664.7192572989984,-0.018296320201085847,33,6
2022-04-21,1656.0492012908114,1673.6115168321753,1578.219424532073,1586.4716266903504,-0.04700349939821358,33,6
2022-04-22,1580.2953955819448,1611.5901484674564,1543.2390325256163,1577.9779108953808,-0.005353840341090099,33,6
2022-04-25,1553.443784959236,1565.0798378945904,1443.8955494500112,1452.3591344342453,-0.07960743657676217,33,6
2022-04-26,1450.91377629198,1480.6036050801501,1383.8241796595767,1397.1541855301173,-0.0380105358208338,33,6
2022-04-27,1385.706551550074,1493.1262020067747,1363.3778211634253,1486.8528265063594,0.06420096071372972,33,6
2022-04-28,1477.506698255715,1521.843521541136,1446.1813862705203,1480.8873017619715,-0.004012182401673892,33,6
2022-04-29,1499.0225146946057,1568.2752584459781,1477.7541933782713,1552.293611998232,0.04821859850597732,34,5
2022-05-05,1559.2873218934424,1605.663660878615,1535.1007762405313,1575.9071192497315,0.015212010839304124,34,5
2022-05-06,1545.2120206475793,1589.2642214741006,1524.9709162325414,1559.8958062321854,-0.010160061352580851,34,5
2022-05-09,1564.17434334675,1605.260777387415,1541.9322391079595,1587.435045324636,0.017654537554639527,34,5
2022-05-10,1568.032985842043,1662.5623592876107,1553.3905660295284,1637.584485361313,0.0315914910562034,34,5
2022-05-11,1640.657139242577,1715.0744494120481,1616.919362732672,1653.3628643237166,0.009635154157510373,34,5
2022-05-12,1641.3375049923209,1697.705986252289,1623.6156999669545,1665.415502245482,0.007289771762652553,34,5
2022-05-13,1672.9706037554959,1697.2994706956165,1643.0030227963005,1671.3178064413971,0.0035440430258737443,35,4
2022-05-16,1684.1558625881964,1711.1803968328225,1650.3748858799174,1669.099942248508,-0.0013270152357268694,35,4
2022-05-17,1671.0584006324164,1707.1941928558185,1642.9550950460648,1690.4269163418355,0.012777529705379598,35,4
2022-05-18,1695.3276207117215,1732.6205648652856,1679.328213761618,1703.2923930812722,0.00761078554480088,35,4
2022-05-19,1682.0450608229137,1758.6587789850507,1668.1243262077046,1744.2072390969736,0.024021034897999005,35,4
2022-05-20,1752.453357909621,1813.2347086309155,1723.833092785784,1789.9673697046176,0.026235489442949067,35,4
2022-05-23,1795.137424191761,1816.1787078444938,1756.3379037955538,1791.970294061771,0.001118972552825781,35,4
2022-05-24,1793.7793106814927,1819.1303449473187,1703.3809792638383,1708.602923354559,-0.04652274146701796,35,4
2022-05-25,1705.2303623691641,1802.7628660838498,1685.4641158025336,1793.2721836028911,0.04955467364067134,35,4
2022-05-26,1787.0195209903081,1825.6127660201216,1736.4302660457122,1780.7276047079333,-0.006995356873129133,35,4
2022-05-27,1776.6263445978564,1821.0679048173477,1741.1766645358264,1770.607072011432,-0.0056833693540462304,35,4
2022-05-30,1773.0668311127151,1840.527947705082,1747.2951111585198,1821.6816978762774,0.02884582732792551,35,4
2022-05-31,1843.1882235051653,1915.7107136765292,1811.4348018675414,1878.2747734212753,0.031066390803055288,35,4
2022-06-01,1870.8792157851838,1951.381948193806,1844.2943573166099,1914.679430421648,0.019381965575814952,35,4
2022-06-02,1903.0071756969564,1982.1024533664795,1871.3947174025286,1940.6341452986455,0.013555645119810888,35,4
2022-06-06,1940.8055366794836,2017.58050981212,1915.138204194403,1980.0820120670176,0.020327307372148384,35,4
2022-06-07,1983.5558953325058,2018.4540418042416,1924.83989883937,1957.005622338561,-0.011654259564919278,35,4
2022-06-08,1950.2905252097896,1979.399438597073,1874.379900229668,1930.250029440032,-0.01367169955626224,35,4
2022-06-09,1918.9103057389204,1955.465788167534,1862.7949708640826,1897.9464048725272,-0.016735461248445715,35,4
2022-06-10,1891.3612537570186,1967.2939961554337,1863.3804971536188,1950.4761731542083,0.0276771610340647,35,4
2022-06-13,1934.0012809419552,1999.221283966935,1907.4798932625706,1961.2091342683343,0.005502738901326465,35,4
2022-06-14,1933.6517820105773,1961.24290751976,1859.9573399318688,1931.2766884927137,-0.015262240651753523,35,4
2022-06-15,1924.6621043876128,1966.6556194811708,1882.0558793900843,1901.0223606818297,-0.01566545487301274,35,4
2022-06-16,1896.6833262086616,1951.9708405499116,1883.2837463910857,1914.9626027480876,0.007333023721645349,35,4
2022-06-17,1904.2418834817179,1999.893344281394,1888.7224061778847,1971.530116712416,0.029539748652610998,35,4
2022-06-20,1983.313842086868,2046.3404356892725,1951.3208969384148,1999.155415501725,0.014012110976714398,35,4
2022-06-21,1999.7819056462954,2026.8668765619614,1935.6076762792823,1984.2046023917524,-0.007478564694891721,35,4
2022-06-22,1986.8572671472684,2060.97147439757,1950.935924066132,1997.8449044784008,0.006874443326160273,35,4
2022-06-23,1997.0284610631172,2079.140726640597,1961.7950962528953,2064.0680373847526,0.033147284235079955,35,4
2022-06-24,2073.478108396179,2131.5106725295127,2043.5055076538579,2088.580054283972,0.0118755857148376,35,4
2022-06-27,2096.3798835381867,2149.1926762170824,2052.2152723594313,2106.4331352602676,0.008547951484874305,35,4
2022-06-28,2110.9382021080305,2175.505797037578,2064.8238639534898,2132.8358578638195,0.012534327418985303,35,4
2022-06-29,2112.425542283749,2131.147728304233,2008.6269510526695,2018.3787101401545,-0.05366430206134176,35,4
2022-06-30,2006.6832307475306,2077.9250390022585,1988.0073121618632,2040.7367847974317,0.011077244594858371,35,4
2022-07-01,2037.724134198128,2089.9826620227755,1997.2403764120281,2026.551506405445,-0.0069510573326557745,35,4
2022-07-04,2026.360961220776,2107.0397997556015,1983.5580487603856,2091.24353463327,0.031922222565451186,35,4
2022-07-05,2100.424655830325,2162.7438451662224,2045.7233997644496,2099.7837719035856,0.00408380809259179,35,4
2022-07-06,2089.5548449579965,2141.2786872913657,2033.2399983947073,2075.5207374678325,-0.01155501569276196,35,4
2022-07-07,2073.510778147906,2184.234466877035,2035.4018328632253,2149.1747529443155,0.03548700533165583,35,4
2022-07-08,2176.9106200525293,2250.5512744485973,2123.29204414213,2159.845680167611,0.004965127758306487,35,4
2022-07-11,2159.8872684392522,2231.7987768064518,2102.397893449908,2172.9489681250416,0.006066770453903025,35,4
2022-07-12,2165.254611503475,2265.7155842671004,2113.570141335987,2170.2855071042145,-0.0012257356522852314,35,4
2022-07-13,2161.67161938306,2288.2535964433137,2125.4108560465843,2250.31699213074,0.03687601689480502,35,4
2022-07-14,2239.133248564373,2392.8428532476673,2206.755679985008,2329.6031692627507,0.03523333708507326,35,4
2022-07-15,2338.3750845839013,2438.6259718830825,2299.072462252423,2349.865614142745,0.008697809630129782,35,4
2022-07-18,2360.2057488429455,2462.8558131171694,2306.243208660541,2414.8568333162866,0.027657419548756224,35,4
2022-07-19,2408.121682221709,2461.2829065908454,2322.801176934463,2364.2466075453485,-0.020957857655451995,35,4
2022-07-20,2368.926571155369,2432.4622257369197,2319.519541988179,2383.1385204791773,0.007990669363143743,35,4
2022-07-21,2370.9691269880063,2451.368879794709,2316.9969086763044,2376.633323528883,-0.002729676388675051,35,4
2022-07-22,2367.2229656174013,2426.064241649405,2318.634266729636,2362.3282218293766,-0.00601906131580543,35,4
2022-07-25,2372.8482896989653,2401.7473166726013,2259.486154611038,2279.7299828664177,-0.03496475984992253,35,4
2022-07-26,2277.365463183303,2357.3567829776234,2234.5170244125134,2327.1968844888497,0.020821282335704128,35,4
2022-07-27,2322.2834323292045,2394.192161091752,2283.372814957428,2360.8535579551335,0.014462323188300541,35,4
2022-07-28,2371.248773791457,2432.1580337805813,2314.1163804148086,2361.5505015366252,0.00029520830681928345,35,4
2022-07-29,2372.470661737478,2497.1003831723797,2350.16971032517,2421.10203953741,0.025217135082241438,35,4
2022-08-01,2425.1571924528994,2482.910746941479,2360.585490536372,2436.4996991482885,0.00635977309482616,35,4
2022-08-02,2399.258487674335,2454.140194678719,2290.2665890544026,2345.381191270249,-0.03739729904743716,35,4
2022-08-03,2351.1099113052605,2433.9806991303835,2265.000736010478,2293.754976327862,-0.022011865335385683,35,4
2022-08-04,2318.6596057686534,2425.251291330694,2288.0673739455597,2376.2287493275667,0.03595579033107521,35,4
2022-08-05,2387.501055822003,2422.9628354655506,2279.093270681932,2339.2964812292207,-0.01554238753688908,35,4
2022-08-08,2316.703668855655,2403.4387354919486,2269.842189890748,2374.143585656714,0.01489640355855304,35,4
2022-08-09,2367.7957756915353,2429.461258922159,2325.6631266419186,2370.154303030502,-0.0016803038579102925,35,4
2022-08-10,2361.1406077043966,2436.503266656418,2325.997170810393,2395.4440923113098,0.010670102469055198,35,4
2022-08-11,2401.597552700796,2448.777077717026,2354.1736335321684,2406.8935586079665,0.004779684206952073,35,4
2022-08-12,2402.2517418364305,2445.7734286688055,2337.41705402065,2359.6005249799446,-0.01964899256092323,35,4
2022-08-15,2353.788223818765,2452.2323221179345,2332.834790989941,2421.0569024431284,0.026045246562956148,35,4
2022-08-16,2430.7774334880855,2531.1274349517294,2409.0020671652533,2471.3366698337804,0.02076769337387896,35,4
2022-08-17,2471.5777217648388,2557.512063259522,2440.1526499243555,2512.42414725729,0.01662560909852595,35,4
2022-08-18,2506.237627647443,2593.9095531382072,2471.541133787587,2540.9580870582363,0.011357134834138582,35,4
2022-08-19,2540.3638765270553,2578.034273148098,2434.309578015018,2472.491206574559,-0.026945300999806743,35,4
2022-08-22,2478.571464248304,2533.29698489869,2413.7598652976203,2464.316950313532,-0.0033060810243897842,35,4
2022-08-23,2449.623872254851,2556.945879063315,2419.453500634236,2512.9104464611464,0.01971884993991213,35,4
2022-08-24,2512.283867368736,2558.8149240874077,2372.817334222642,2403.8193645264455,-0.0434122441921202,35,4
2022-08-25,2411.2298538792675,2450.9761031641565,2288.6234022287636,2345.6410335912965,-0.024202455389825128,35,4
2022-08-26,2349.6296107790295,2439.396343105238,2311.9833346861346,2344.4794169734023,-0.0004952235236589386,35,4
2022-08-29,2299.9720812434603,2398.387009846944,2263.642695300214,2360.462244144412,0.006817217952650223,35,4
2022-08-30,2360.1192013795267,2388.307448184334,2270.6348270921358,2296.152595691391,-0.02724451476084977,35,4
2022-08-31,2287.6139256146876,2307.778732623008,2149.7932420868715,2163.5186598747027,-0.057763554593701194,35,4
2022-09-01,2169.076193301751,2200.311774960361,2118.047323927379,2136.8431872557294,-0.012329670695106487,35,4
2022-09-02,2140.739749568284,2182.940811636602,2097.89454305011,2152.9657733762997,0.007545048797556353,35,4
2022-09-05,2156.1152751312284,2197.695440542578,2119.5620266063793,2157.108511701165,0.001924200735605952,35,4
2022-09-06,2168.3291667225753,2233.1170019102397,2130.5485698751063,2221.5373325025726,0.029868140824587996,35,4
2022-09-07,2204.272091110907,2274.6428836627806,2191.7119719513657,2245.699038798472,0.010876119857360811,35,4
2022-09-08,2249.159960731481,2272.1066373333697,2190.863561821084,2201.5689806954797,-0.019650922648389746,35,4
2022-09-09,2201.271731410232,2227.76529854559,2149.529211721873,2186.007108384286,-0.007068537233059113,35,4
2022-09-13,2189.359887378788,2217.249907060758,2152.5703730180803,2184.732344449517,-0.0005831472047276298,35,4
2022-09-14,2145.0518109524983,2196.64627843425,2110.973344142104,2157.8173048683084,-0.01231960503060614,36,3
2022-09-15,2167.657050797591,2183.1971173803877,2027.1472011885296,2064.2018581033954,-0.04338432477749854,36,3
2022-09-16,2060.425184512451,2089.505820992257,2005.090910538141,2015.8770352540114,-0.023410899791450168,36,3
2022-09-19,2014.7856443640185,2049.5091696015506,1963.4699973713407,1990.0038850478113,-0.012834686716365118,36,3
2022-09-20,2006.5244193604528,2064.636742190975,1994.9399485661804,2037.4684916226297,0.023851514527911677,36,3
2022-09-21,2033.6757220261773,2066.866079706671,1990.6012317816185,2035.445902552853,-0.0009926971033382692,36,3
2022-09-22,2017.5323598862387,2076.7642967098914,1995.5101061144503,2038.9459246280267,0.0017195357885875229,36,3
2022-09-23,2039.7413873422363,2061.342778117733,1971.4808821293573,1992.0965273741033,-0.02297726324569893,36,3
2022-09-26,1975.966422685115,2037.1448797775531,1943.089839238567,1986.9307210460825,-0.002593150611446604,36,3
2022-09-27,1996.464389953497,2048.0814651529117,1976.7849481437413,2029.7712655347468,0.02156116669538921,36,3
2022-09-28,2022.8527984356213,2043.8373025758144,1935.232941187154,1948.8340402938902,-0.03987504730959601,36,3
2022-09-29,1965.6845921606468,1996.5570201742746,1924.446715324706,1956.2597147578335,0.0038103164817582247,36,3
2022-09-30,1955.3149344238886,1977.4362369199298,1904.212278794426,1917.692357668023,-0.01971484501718357,36,3
2022-10-10,1923.2156571907733,1950.9237991511047,1869.2103115005543,1886.1329090167671,-0.01645699244983867,36,3
2022-10-11,1890.8989689047123,1955.1158520621718,1867.369388756399,1932.8511533694964,0.024769327829120558,36,3
2022-10-12,1935.1997141277545,2024.3334583290357,1901.5641346267141,2017.2621710293588,0.0436717630908674,36,3
2022-10-13,2007.2119754557614,2068.060027589285,1988.693135190142,2025.1162247144366,0.0038934223810234148,36,3
2022-10-14,2042.1120031935309,2092.157810772011,2015.824389373761,2065.1913655187886,0.019789057198434712,36,3
2022-10-17,2057.912354654643,2101.9103855920457,2031.3106217586626,2078.95194238129,0.006663100133117439,36,3
2022-10-18,2087.6738356426636,2155.6903656921027,2062.1892418768784,2119.994634861262,0.019742011175573726,36,3
2022-10-19,2113.071451563524,2167.017457052824,2088.037619523417,2113.6397867755836,-0.002997577437781729,36,3
2022-10-20,2098.9523013739745,2135.466040706245,2047.9129078692322,2093.25540456674,-0.009644208221468276,36,3
2022-10-21,2095.850704178839,2158.091437889338,2079.1795382111163,2118.6306577105906,0.012122387496762643,36,3
2022-10-24,2116.0832755815036,2161.095386736749,2068.501411264818,2094.4098968882276,-0.011432271469410171,36,3
2022-10-25,2086.127081600161,2143.016740462693,2035.8095966630153,2112.874009174391,0.008815901946221949,36,3
2022-10-26,2112.6352184371663,2173.960266079869,2083.7482750631525,2144.3787372323395,0.014910840836297234,36,3
2022-10-27,2154.319589362971,2191.6050892227804,2079.4835700008643,2087.0712312284836,-0.026724526320299313,36,3
2022-10-28,2074.5442258191206,2106.7691201123303,1985.5763696903982,2005.5640888964895,-0.039053359134282095,36,3
2022-10-31,1994.3235924555383,2063.5099905825305,1964.8935213368568,2023.4557049567256,0.008920989440970972,36,3
2022-11-01,2035.4734051867574,2144.11167049997,2025.238330046582,2128.7108584223965,0.05201752289799799,36,3
2022-11-02,2125.4766826236078,2169.1067320866346,2094.2856853537683,2136.770545292652,0.0037861820633680043,36,3
2022-11-03,2125.7508010268907,2196.371326289412,2112.9153811336714,2166.2969039321074,0.013818216796605665,36,3
2022-11-04,2176.272845111917,2252.0562401541047,2158.2040966677787,2226.4677697847037,0.027775909084012618,36,3
2022-11-07,2226.9268631321083,2255.905727851062,2176.3464654107715,2205.196397432868,-0.009553864933734335,36,3
2022-11-08,2206.3252706283256,2224.202369754889,2161.3810125268783,2195.6857807363995,-0.004312820711815046,36,3
2022-11-09,2193.191504889084,2224.9589386591497,2159.098618624774,2189.477106031922,-0.002827669951205536,36,3
2022-11-10,2176.807587326896,2202.2827940002962,2130.3018306266795,2156.8417784109124,-0.01490553499330971,36,3
2022-11-11,2203.9237614833114,2235.5114015309055,2147.729851054733,2168.0585995060756,0.005200576698503712,36,3
2022-11-14,2169.7630182524167,2193.1247570010155,2112.50115301044,2132.8985085296263,-0.0162173157978569,36,3
2022-11-15,2132.9803639797333,2206.2732295984556,2112.727453563789,2190.0923000653115,0.0268150553375901,36,3
2022-11-16,2188.228573518278,2218.2114170333116,2142.186896921342,2163.718086256858,-0.012042512458341204,36,3
2022-11-17,2158.368629373261,2178.834351991846,2108.520398769068,2156.3692895436066,-0.0033963743982768912,36,3
2022-11-18,2156.7533485945823,2237.3670840589443,2129.070194094214,2197.9445629222423,0.019280219571034207,36,3
2022-11-21,2193.4447790255203,2272.600664763342,2169.3329230164622,2242.934913618239,0.02046928364570788,36,3
2022-11-22,2246.203867159914,2272.6776118074426,2178.276025511912,2207.6296652863166,-0.01574064771900552,36,3
2022-11-23,2199.786339307863,2264.554139352,2154.203032983884,2237.922225416476,0.013721758049591415,36,3
2022-11-24,2231.0449177776472,2281.1845502092274,2201.4846484328223,2240.0265420173687,0.0009402992548148692,36,3
2022-11-25,2231.8411425573845,2252.6944682859084,2167.2624070256893,2186.806833782638,-0.02375851680168084,36,3
2022-11-28,2166.1399981724267,2238.6089599659513,2139.651302631286,2204.6974936020106,0.00818117976539634,36,3
2022-11-29,2198.290368717042,2237.7542841368854,2174.351386552473,2210.890455494956,0.0028089848656867034,36,3
2022-11-30,2205.7791496254763,2231.94672045264,2160.0137097988163,2184.5181218142507,-0.011928376467119417,36,3
2022-12-01,2198.5278462765777,2231.570923644641,2173.201895813398,2188.7807527105233,0.0019512911583137171,36,3
2022-12-02,2185.2421660704304,2250.6441155589964,2171.0649644443974,2219.2993359421066,0.013943188779319327,36,3
2022-12-05,2222.4841081569966,2247.2416914438213,2173.44766085248,2207.6125947670694,-0.005265959839561685,36,3
2022-12-06,2199.3114082279712,2235.683831373801,2165.0697852016997,2202.1497813072638,-0.0024745344689347526,36,3
2022-12-07,2196.8481591311847,2226.312746372031,2161.340483612683,2179.896387516281,-0.010105304362073242,36,3
2022-12-08,2176.3083379364807,2213.5276599687672,2143.380576267605,2165.487063560235,-0.006610095800224314,36,3
2022-12-09,2161.983214556887,2180.8008448803976,2115.8973383229813,2136.2209176608626,-0.013514809851256526,36,3
2022-12-12,2131.2034909013464,2156.923062835967,2096.471443862958,2127.6311514576896,-0.0040210102485929156,36,3
2022-12-13,2125.9891766370124,2146.9905149285896,2086.51579921332,2102.5226546461854,-0.011801151150800715,36,3
2022-12-14,2104.0129799074107,2127.564344696573,2072.6682109721546,2091.692372189002,-0.005151089541532539,36,3
2022-12-15,2094.497045753638,2140.8848517766155,2075.306821464984,2123.4002231137447,0.015158945620459274,36,3
2022-12-16,2111.7930923934123,2133.9175203727123,2062.2378415914427,2084.159552580085,-0.018480110393940374,36,3
2022-12-19,2075.9232909642346,2097.6770317947366,2028.7130629527956,2041.762767040007,-0.020342389567820196,36,3
2022-12-20,2037.2206482184606,2076.710528044957,2014.8800190553663,2051.8463491184116,0.0049386648836893254,36,3
2022-12-21,2053.8431790517725,2067.3161234325617,1994.757247517912,2013.0340629573172,-0.01891578586172904,36,3
2022-12-22,2021.9886286679907,2035.56320645671,1954.522145493841,1968.8135039935446,-0.02196711907537674,36,3
2022-12-23,1959.1935823097594,1987.7977306813805,1933.4877070114999,1958.7772675666195,-0.005097606455140347,36,3
2022-12-26,1958.5239643333862,2057.8041953909687,1950.0211210898904,2047.95863103055,0.04552909865791932,36,3
2022-12-27,2051.5467353908193,2091.7667787849364,2024.785018061595,2069.6149539345547,0.010574590021433572,36,3
2022-12-28,2062.3479480699352,2088.597765068617,2030.486559283065,2059.5219530049176,-0.004876752997193701,36,3
2022-12-29,2053.180264608036,2077.05295710654,2019.8707801966507,2039.1012802391333,-0.009915248893554884,36,3
2022-12-30,2045.5807766786136,2083.1161722054007,2023.4736218884673,2051.282798483685,0.005973964296233092,36,3
2023-01-03,2050.837300337582,2133.2266927592036,2032.566285430776,2119.0026417131276,0.033013411548861615,36,3
2023-01-04,2123.892056687465,2145.809922641735,2081.458896842544,2105.1344218096942,-0.00654469212564146,36,3
2023-01-05,2107.7917508773203,2165.660475174215,2088.1240399999156,2145.829496386339,0.019331342528550177,36,3
2023-01-06,2146.64466931479,2216.0856079099017,2131.911818106141,2178.9273751619376,0.015424281766718284,36,3
2023-01-09,2193.481063339281,2247.3130896563694,2167.1955540442027,2200.328759373667,0.009821981427966975,36,3
2023-01-10,2201.266760213653,2228.9331180988092,2167.8318328764976,2191.470067561179,-0.004026076455506455,36,3
2023-01-11,2190.528562783029,2216.7680211971656,2157.795733174091,2169.0693271770124,-0.010221787062369203,36,3
2023-01-12,2175.377424173024,2220.3239860133945,2160.0884925009364,2187.898148416107,0.008680599095280739,36,3
2023-01-13,2196.1418828077153,2224.255151958037,2156.6829508762153,2188.2578564143378,0.00016440801802941607,36,3
2023-01-16,2197.7589598289455,2258.361656799328,2176.2698026448857,2223.955116485078,0.016313095810944978,36,3
2023-01-17,2233.473601523373,2271.825062560056,2206.5954420274807,2232.526466544296,0.003854102088519218,36,3
2023-01-18,2239.6891301088567,2272.5431576055425,2211.4193927267233,2240.806117383183,0.0037086462189641622,36,3
2023-01-19,2233.1068340571715,2258.7719194517726,2207.5731976891534,2234.3094170775707,-0.0028992692652940466,36,3
2023-01-20,2240.2162127465867,2287.47051047212,2226.1193235751316,2264.1526828990777,0.013356818708011087,36,3
2023-01-30,2291.515991130895,2328.5268402363827,2258.943636362583,2280.901290037703,0.007397295803028392,36,3
2023-01-31,2276.5776814591477,2315.6062111356464,2256.9284230204617,2287.573828106962,0.0029253953682271128,36,3
2023-02-01,2289.3016123168986,2317.6885172696616,2262.6758747023882,2305.619180352592,0.007888423981735615,36,3
2023-02-02,2305.1981423493044,2337.5768612960683,2278.2499019392762,2302.5017503906424,-0.0013521009837682563,36,3
2023-02-03,2297.684871220019,2315.927120368469,2250.283944770391,2288.8178076401955,-0.005943075938215969,36,3
2023-02-06,2290.4315171529634,2346.6803535689837,2267.7854635881863,2307.341891054854,0.008093297488696694,36,3
2023-02-07,2309.6737920955793,2339.178089298161,2272.2918668116254,2307.749572082708,0.00017668860840869272,36,3
2023-02-08,2308.9563831517266,2367.4260183256847,2290.174143002069,2330.2852613546597,0.009765223031376724,36,3
2023-02-09,2324.1138444700105,2379.5136506271792,2296.943153073819,2362.009569138569,0.013613915991326886,36,3
2023-02-10,2357.3173819626604,2382.118606412591,2316.70575752026,2340.8430813779614,-0.008961220156414318,36,3
2023-02-13,2337.492934539917,2390.871032951579,2321.563241953066,2363.014712864594,0.00947164364113684,36,3
2023-02-14,2368.484321468184,2451.9214000334264,2333.631327481606,2416.9387595786093,0.02282002156839935,36,3
2023-02-15,2413.437161053074,2458.8701203209152,2382.2222083563092,2421.476163885267,0.0018773352401566523,36,3
2023-02-16,2415.5055210813844,2444.092483159514,2312.558612548578,2341.628680742238,-0.03297471366181581,36,3
2023-02-17,2344.339332691255,2378.7820102452474,2296.2440662097947,2308.0346884516703,-0.01434642160255728,36,3
2023-02-20,2311.7809887588633,2349.007190296181,2270.944474211862,2329.356372059398,0.009238025630382118,36,3
2023-02-21,2336.199938408525,2380.8256413739905,2304.394948888633,2354.0327364427944,0.010593640663742798,36,3
2023-02-22,2343.897264976671,2403.0832248189795,2326.0401377591875,2370.206861783546,0.006870815809126185,36,3
2023-02-23,2368.775802265065,2407.038221681425,2339.5326787655217,2376.391842144246,0.0026094685912965154,36,3
2023-02-24,2373.0686673595915,2411.8442193766705,2338.4399435353534,2370.675222017173,-0.0024055881802365064,36,3
2023-02-27,2360.314325083505,2451.03804063476,2338.0088175287033,2398.875086718533,0.011895288076350319,36,3
2023-02-28,2390.1734399945904,2430.1963277935347,2358.285538930824,2401.469563739326,0.0010815390243357204,36,3
2023-03-01,2398.6689144452876,2417.279297965913,2364.766177116758,2395.615132042589,-0.0024378537979975468,36,3
2023-03-02,2394.3817614856152,2417.6276092228213,2344.635812089532,2362.6262627464457,-0.013770521339133257,36,3
2023-03-03,2363.4428157222483,2397.2655431051826,2337.1796794807456,2364.395090994123,0.0007486703570380726,36,3
2023-03-06,2365.315201076277,2398.204789889414,2327.9869429949167,2376.2376426677683,0.005008702529772924,36,3
2023-03-07,2373.0808046177954,2397.888123171365,2320.7098210994186,2334.9971854474234,-0.017355358942149124,36,3
2023-03-08,2329.566770561301,2367.0842911122936,2299.6903311115525,2330.0422475372757,-0.002122031641420663,36,3
2023-03-09,2336.281176839727,2370.021271231239,2300.8157138963534,2328.622854513901,-0.0006091705096226141,36,3
2023-03-10,2316.311355978513,2342.971111180408,2271.9253344734184,2298.7192345294184,-0.012841761784874839,36,3
2023-03-13,2296.807683857987,2347.067580194048,2270.3205941602714,2310.058560596723,0.004932888669905822,36,3
2023-03-14,2309.884352579754,2321.9534614278577,2226.0065230415375,2266.9776896662393,-0.018649254899994805,36,3
2023-03-15,2277.970840260318,2334.3629732326076,2259.1160978626863,2292.9344737108604,0.011449951255780855,36,3
2023-03-16,2291.710123995838,2311.769186485817,2233.304756124559,2245.690087569164,-0.020604333304491074,36,3
2023-03-17,2262.49151626954,2303.337634954463,2235.497266786194,2261.216098538039,0.00691369261271535,36,3
2023-03-20,2270.508830483,2336.439920669182,2224.5393364880506,2299.3877786915486,0.01688104032966531,35,4
2023-03-21,2295.6432632888723,2335.3796171386016,2268.1233042429167,2317.3605783108665,0.007816341282611106,36,3
2023-03-22,2323.2162190330496,2354.3999264571094,2288.3756137257515,2312.6340859766324,-0.0020396015960878477,36,3
2023-03-23,2307.8334949783766,2331.6149007396148,2272.6080928081833,2301.59815872941,-0.0047720161672537564,36,3
2023-03-24,2306.1924460221144,2342.303768678021,2269.7130296762543,2309.6020679797907,0.003477544166440971,36,3
2023-03-27,2307.4444598884093,2340.8268383363147,2269.940629163517,2309.079348075257,-0.00022632466076344393,36,3
2023-03-28,2312.6778987515886,2327.864404755716,2261.650804135947,2271.482014829637,-0.01628239119498376,36,3
2023-03-29,2275.200942551591,2308.5570096262413,2242.4432745519957,2263.4233856264955,-0.003547740704319846,36,3
2023-03-30,2256.557930774977,2288.912328136921,2227.453265939138,2262.880177572154,-0.00023999400986640662,37,2
2023-03-31,2266.387872357379,2301.683353112435,2241.311810605314,2276.9543956744155,0.006219603778297111,37,2
2023-04-03,2279.05473353871,2319.705828280236,2255.0267348094026,2292.213967983622,0.0067017470082824104,37,2
2023-04-04,2289.116812907245,2298.69312822708,2210.176988749891,2235.4421594347123,-0.024767237850334634,37,2
2023-04-06,2229.401967441028,2260.431180109593,2195.6160236902556,2235.324429515164,-5.2665160246712084e-05,37,2
2023-04-07,2234.403054162481,2272.4858698405214,2217.5998014324723,2247.2338723774456,0.005327836400403241,37,2
2023-04-10,2248.8510354074588,2295.53020334785,2217.250028598312,2259.522313404428,0.0054682519599005275,37,2
2023-04-11,2260.9900399363223,2282.097187127582,2213.1845934595244,2244.9432126564534,-0.006452293328322312,37,2
2023-04-12,2244.25294031205,2266.4640511375574,2214.340352909313,2240.6137614406084,-0.0019285348473122577,37,2
2023-04-13,2247.322871992451,2278.8284770594873,2214.6562107947157,2233.21193907942,-0.003303479827076128,37,2
2023-04-14,2237.0564517237985,2274.578946438981,2213.7676244300237,2254.1552600803657,0.009378116171803397,37,2
2023-04-17,2256.725867113356,2324.3906569564547,2241.7409388717147,2290.6336158124045,0.01618271659368231,37,2
2023-04-18,2291.1081778627795,2328.773338861717,2257.4718774773073,2292.060290649609,0.0006228297827099993,37,2
2023-04-19,2288.0081003317514,2313.8939765545265,2248.55327023479,2276.5399164665014,-0.006771363845193168,37,2
2023-04-20,2271.2242334940734,2291.919354504002,2214.402995527437,2244.5609296669577,-0.01404718914359282,37,2
2023-04-21,2249.1877183535294,2280.0948859659175,2178.505295777407,2189.5145435062063,-0.02452434479865917,37,2
2023-04-24,2188.5719569765233,2223.0767103369512,2141.94156103537,2172.9641323704,-0.007558940946472692,37,2
2023-04-25,2170.966487282268,2202.639311860323,2081.683108491501,2126.735099247495,-0.021274641598651556,37,2
2023-04-26,2129.530101137439,2237.381928358329,2113.5412247696586,2209.402242218065,0.03887044653554672,37,2
2023-04-27,2216.637966723715,2257.951200451586,2171.3806605744767,2215.9897455365644,0.002981577185277917,37,2
2023-04-28,2205.442061609704,2259.778421267158,2176.757562892924,2228.7119817787484,0.005741107903503906,37,2
2023-05-04,2229.5114677847673,2289.373450989188,2202.8319746992593,2245.0282343604135,0.0073209336670962966,37,2
2023-05-05,2236.408301636744,2249.4807738265004,2167.2342281902206,2196.3739814809946,-0.02167200043846218,37,2
2023-05-08,2210.052849708986,2269.2247145043784,2183.8998618772753,2230.952745042181,0.015743568195918156,37,2
2023-05-09,2225.7404337494063,2243.3216158309606,2160.555395799565,2174.213266337133,-0.025432846496251216,37,2
2023-05-10,2169.820953617655,2269.2359100671542,2145.931932366166,2241.2461816413443,0.030830883217422667,37,2
2023-05-11,2241.0146989991754,2282.3517810826884,2213.9978673173773,2248.377795530051,0.0031819859625970004,37,2
2023-05-12,2243.651092150622,2272.6921255941206,2202.748778644065,2218.2693531112054,-0.01339118473714851,37,2
2023-05-15,2216.120121043948,2324.9337033092984,2203.6736303960106,2309.5105940056947,0.04113172314557745,37,2
2023-05-16,2315.4007146538784,2411.190952268034,2282.659071560394,2347.851762469221,0.016601425671326275,37,2
2023-05-17,2338.8555068930036,2418.3636300403973,2308.5864096961764,2386.5209680096523,0.01647003706050132,37,2
2023-05-18,2381.0905907218566,2397.3108601542467,2332.582601018705,2363.0091425501764,-0.009851924946246982,37,2
2023-05-19,2355.35762639394,2387.5213368521927,2321.3627754627582,2354.8915616079453,-0.0034352727613532474,37,2
2023-05-22,2350.12077209349,2449.945139070809,2334.85820777496,2396.1982128730474,0.017540786989315604,37,2
2023-05-23,2379.717891037677,2412.1773989665553,2324.7293684323868,2339.067574338181,-0.023842200627621102,37,2
2023-05-24,2332.5269955744825,2389.8730071129944,2311.6134193589805,2340.798442591299,0.0007399821501983261,37,2
2023-05-25,2338.5864390786064,2416.36508222183,2313.914208211184,2376.490668837947,0.015247885335712974,37,2
2023-05-26,2366.9742559891924,2384.2139626371636,2299.3368843502494,2340.3382127698133,-0.015212538615104854,37,2
2023-05-29,2340.0108704993013,2374.7821651836766,2297.3674733980106,2335.2352060253043,-0.0021804569598807833,37,2
2023-05-30,2329.012080955262,2402.1835873476457,2304.3711295565286,2366.726600924859,0.013485320372997878,37,2
2023-05-31,2353.7891953869043,2374.220074356617,2304.275586398311,2329.155465823873,-0.015874725490601427,37,2
2023-06-01,2325.2758185967796,2364.442362826408,2295.988490376372,2318.523877560988,-0.004564567895481542,37,2
2023-06-02,2321.605732601886,2378.2382768697908,2308.3531399812523,2340.461984947989,0.009462101123616451,37,2
2023-06-05,2345.0863294071883,2382.0735840538196,2295.79641780982,2346.0453466740673,0.0023855810357040763,37,2
2023-06-06,2339.546290072411,2368.447117555469,2278.083121152965,2302.152354137247,-0.01870935384904071,37,2
2023-06-07,2300.462092046633,2317.2492734921566,2249.04640161523,2274.3153902695817,-0.012091712269884813,37,2
2023-06-08,2273.417833697529,2312.9887968769444,2231.362130124449,2258.456834163251,-0.006972892226900229,37,2
2023-06-09,2261.7094153748703,2306.0932194996076,2232.858905481055,2286.7752146767375,0.012538818579624689,37,2
2023-06-12,2279.900517152508,2340.162011635485,2247.234557471614,2308.6168290254063,0.009551272992853521,37,2
2023-06-13,2303.289901541166,2377.009119153981,2284.6301441852597,2338.295334560077,0.012855535471081092,37,2
2023-06-14,2339.2920242070477,2356.9279764625257,2287.924580607598,2309.7459140280243,-0.01220950155871725,37,2
2023-06-15,2306.48310462735,2383.612481735968,2288.9782036713136,2369.290745648857,0.025779819009178695,37,2
2023-06-16,2372.412794091685,2412.512426732712,2338.048976014266,2383.1254523434022,0.0058391764370633314,37,2
2023-06-19,2378.1874209847947,2417.4751760629865,2346.291795426516,2379.0631013117454,-0.0017046316330773248,37,2
2023-06-20,2390.8774300502473,2424.869581414644,2350.2823122874747,2368.058938521113,-0.004625418629949474,37,2
2023-06-21,2363.9374922108627,2408.719718208151,2325.297364869264,2344.109361462957,-0.010113589940084933,37,2
2023-06-26,2335.0525044763267,2379.8495976695403,2291.1608264464558,2322.699346061041,-0.009133539481517183,37,2
2023-06-27,2326.7195819907233,2374.0513985294265,2296.130313229466,2341.827766487877,0.008235426793086642,37,2
2023-06-28,2337.6638534325975,2363.0570772167953,2279.1617664833852,2335.8156724509345,-0.0025672656729830434,37,2
2023-06-29,2326.9240952010423,2389.527609940363,2311.004399994356,2362.157220933078,0.011277237665977324,37,2
2023-06-30,2358.826853367547,2402.9855984252076,2333.112304876909,2376.4589593722303,0.006054524361212232,37,2
2023-07-03,2383.3972837683286,2444.318076052507,2360.263367486086,2408.8796110319095,0.013642420178063164,38,1
2023-07-04,2413.9166864331937,2450.197973637031,2383.3062759794543,2418.340325959252,0.003927433684944415,38,1
2023-07-05,2420.48488292346,2454.359261596302,2382.8894999658814,2402.360320228263,-0.006607839913784774,38,1
2023-07-06,2401.22226047255,2443.897850394657,2370.7629092507295,2407.921160877003,0.0023147404666639115,38,1
2023-07-07,2400.2501293542987,2425.414443533612,2360.1976222200356,2383.329906778596,-0.010212649192156364,38,1
2023-07-10,2392.047518664054,2439.003675928066,2364.986963528416,2393.6100476222095,0.004313352009881255,38,1
2023-07-11,2389.7225293432434,2440.1970707213936,2366.869400188133,2418.4425557818713,0.010374500301053802,38,1
2023-07-12,2431.3798377755656,2510.0050642694646,2406.496532309445,2454.115872362403,0.014750532939161953,38,1
2023-07-13,2458.827051843625,2512.7357144133084,2427.7103276982143,2469.85612616986,0.006413818509842795,38,1
2023-07-14,2457.9939861327994,2482.4159961758337,2408.5003355819863,2420.049951661608,-0.020165617738021613,38,1
2023-07-17,2420.515688731792,2524.9268223048566,2388.09568335097,2481.559380051851,0.025416594540955906,38,1
2023-07-18,2481.522547789668,2526.6818771216585,2431.802893324998,2484.0874993265325,0.001018762353624858,38,1
2023-07-19,2476.2800693966146,2527.2543737220662,2439.172390949542,2467.9803946405123,-0.006484113257035795,38,1
2023-07-20,2463.1230456222916,2488.6908799507955,2407.4021474713804,2422.0502048208705,-0.018610435447292795,38,1
2023-07-21,2416.899123120717,2433.256984460054,2345.5073963939194,2363.0930917145106,-0.024341821234345584,38,1
2023-07-24,2357.4780377714987,2406.8721557757267,2324.3769056921305,2363.0130746849472,-3.3861141503166436e-05,38,1
2023-07-25,2375.468707410508,2403.714933308899,2337.4636604935904,2373.49086813475,0.004434081877096707,38,1
2023-07-26,2373.684045123225,2388.3631980629893,2325.929528180242,2343.865539308888,-0.01248175386878303,38,1
2023-07-27,2345.7079754093247,2397.353819114001,2320.236540453115,2343.3392258442996,-0.0002245493420000022,38,1
2023-07-28,2335.5695425165454,2363.54845395057,2291.605991508985,2338.723990540928,-0.001969512246656757,38,1
2023-07-31,2337.178729145834,2383.552196897982,2317.5808538731603,2355.1515122309397,0.0070241386997582644,38,1
2023-08-01,2353.894414225023,2385.242827982858,2317.6823623528676,2364.9801861596943,0.0041732660840339,38,1
2023-08-02,2371.4311399982066,2389.8792219054258,2329.7482607578086,2348.05686733355,-0.007155797298084354,38,1
2023-08-03,2338.2445674454143,2377.706218177886,2320.6576032447315,2355.0100985627782,0.002961270370391178,38,1
2023-08-04,2354.783214473029,2392.0437468689956,2328.6031889575634,2361.7885615966115,0.002878315909545348,38,1
2023-08-07,2359.140710679713,2390.4510084246745,2330.6423110511473,2356.6785363975123,-0.0021636251788961225,38,1
2023-08-08,2355.604822132883,2381.852194719385,2322.744465995457,2348.184184062658,-0.003604374633054186,38,1
2023-08-09,2338.074503635939,2358.917159425779,2306.366898562199,2326.3867857024916,-0.009282661261457936,38,1
2023-08-10,2321.875439555745,2355.277871591793,2309.9402183860993,2331.974822157136,0.0024020238117701265,38,1
2023-08-11,2330.6068104914643,2345.9515785660033,2276.726936688568,2284.8253836870545,-0.020218673899089157,38,1
2023-08-14,2270.9670614791767,2306.4102720063443,2241.8733555715144,2289.5664366618976,0.002075017639725507,38,1
2023-08-15,2285.6069990107158,2317.7457773759493,2231.351556259799,2257.8546772724208,-0.013850552175158182,38,1
2023-08-16,2250.6624624739534,2267.410344778788,2201.969458976427,2218.9897347971014,-0.017213216982711166,38,1
2023-08-17,2212.993301524927,2255.369797099654,2190.4582317903255,2238.534347343274,0.008807887769683553,38,1
2023-08-18,2235.6662765988694,2268.1126020579486,2204.773498439953,2216.216272597205,-0.009969949655924015,38,1
2023-08-21,2212.8301173538202,2244.1256994043715,2181.6575746511303,2194.868402788943,-0.00963257515623428,38,1
2023-08-22,2203.40638659284,2224.995767502454,2147.0186835470704,2193.2630774080767,-0.0007313993763027327,38,1
2023-08-23,2186.513967221912,2200.7891655213016,2133.3648731189314,2144.9129742052446,-0.022044826131833895,38,1
2023-08-24,2146.941009831215,2174.031017449152,2108.7659193904974,2135.1829897895423,-0.0045363073153621425,38,1
2023-08-25,2128.131691350919,2146.9391536570874,2081.4036428178306,2093.346941446583,-0.01959365943950464,38,1
2023-08-28,2205.4056346567677,2226.009247501257,2100.8001235598904,2114.8837452393777,0.010288215186113447,38,1
2023-08-29,2110.6939773287295,2206.863234260977,2100.6183399873266,2194.055060195719,0.03743530354070601,38,1
2023-08-30,2197.0147468947903,2244.1066029098724,2180.0415343886434,2214.162657744705,0.009164582017003875,38,1
2023-08-31,2212.1766052017692,2231.425467397023,2174.7443442640433,2197.9108390904025,-0.007339938914359578,38,1
2023-09-01,2197.083642954519,2218.9777188146245,2170.768624920927,2194.350683167659,-0.0016197908756923063,38,1
2023-09-04,2200.399412337801,2227.996502653259,2172.850287378434,2212.3974526232614,0.008224195701277193,38,1
2023-09-05,2208.385235006974,2231.715957309883,2191.7553844322497,2214.4089539645656,0.0009091952889925814,38,1
2023-09-06,2205.4090713452515,2231.6393018805416,2185.9839635381427,2220.7407731604867,0.002859372106757796,38,1
2023-09-07,2220.0771526337717,2226.8398617505354,2167.303511732045,2173.66243079829,-0.021199386678165233,38,1
2023-09-08,2171.500257029306,2203.0482691672446,2155.945428175636,2184.6600692729025,0.005059496966405064,38,1
2023-09-11,2189.3566641442544,2220.8835059170524,2166.0937285351933,2205.0907826145344,0.00935189580703577,38,1
2023-09-12,2203.5449251321843,2223.113046204342,2183.5325148203633,2198.596353104879,-0.0029451982480079852,38,1
2023-09-13,2196.8652167221517,2207.8014240987336,2148.4811384550735,2169.693443582778,-0.013146073621601473,38,1
2023-09-14,2173.2463801609288,2181.243642138277,2130.9171966075764,2145.146172310527,-0.011313704866857344,38,1
2023-09-15,2150.3738143725836,2168.93625976307,2117.492997979858,2137.740560839472,-0.003452264263688054,38,1
2023-09-18,2131.009256432937,2173.7473167827256,2107.61248217553,2146.4944015784054,0.0040949032353558845,38,1
2023-09-19,2145.944459280672,2153.581610729392,2106.2794045567884,2116.8592135836993,-0.013806319724343985,38,1
2023-09-20,2114.102429147171,2131.204915644667,2089.373557808066,2094.562044091828,-0.010533137654498925,38,1
2023-09-21,2090.9689357332786,2110.3504311510696,2071.4995326780468,2081.6771471351844,-0.006151594789463477,38,1
2023-09-22,2081.1904581702797,2137.471107037846,2071.3180406313263,2131.986093386834,0.024167506628434365,38,1
2023-09-25,2134.2159846537184,2150.5092914428897,2097.75651322981,2115.36261936868,-0.0077971775096086215,38,1
2023-09-26,2115.836822839725,2138.76135231337,2092.8218317787555,2104.6919548517567,-0.00504436658718499,38,1
2023-09-27,2102.373251078445,2162.618551167294,2093.422769606593,2138.1802676938364,0.01591126566758727,38,1
2023-09-28,2143.077747213322,2176.53116171236,2130.8372659137585,2160.3509358372107,0.010368942449967777,38,1
2023-10-09,2173.3830571631443,2201.6111878064894,2146.8016819604477,2175.8255167546226,0.007162994058377503,38,1
2023-10-10,2183.7634216140546,2208.563606827894,2150.056823641962,2173.8154621255194,-0.0009238124167701978,38,1
2023-10-11,2171.4201774273142,2190.890017833141,2137.1485572309357,2154.659140088097,-0.008812303698811363,38,1
2023-10-12,2160.5410159632115,2193.2336872136043,2132.733655066377,2168.558926989952,0.006451037495093681,38,1
2023-10-13,2159.238596546338,2173.9801019709776,2123.618167140737,2146.2244006848073,-0.010299248052320964,38,1
2023-10-16,2145.8822294776833,2161.6998233381723,2096.240376852075,2118.138005975333,-0.013086420367093399,38,1
2023-10-17,2123.6225672665964,2143.482913598988,2094.1125703435123,2115.566624198592,-0.001213982171835437,38,1
2023-10-18,2112.3871164345724,2118.8053359159267,2066.326901476274,2076.5035801089075,-0.018464577594894727,38,1
2023-10-19,2069.223522381993,2099.567121766942,2046.7573673161824,2056.952683847235,-0.009415296197392897,38,1
2023-10-20,2050.56221369445,2102.2193826736216,2036.1886550425686,2059.2028139523914,0.0010939143728612155,38,1
2023-10-23,2052.6992552616066,2075.739494104363,1997.0825377165265,2020.574860154646,-0.01875869318748824,38,1
2023-10-24,2022.902217069251,2056.620765936281,1992.234527783935,2040.7920382986204,0.01000565657954744,38,1
2023-10-25,2049.4501182672607,2086.9813957838273,2030.3488480137191,2052.6881979515465,0.0058291876044576085,38,1
2023-10-26,2051.354588025215,2083.11385795298,2013.1196936951767,2071.2848526682005,0.009059658809950744,38,1
2023-10-27,2062.6498498872174,2125.7464336664575,2039.2653773214347,2106.758093148692,0.017126200886756537,38,1
2023-10-30,2098.179309950169,2144.5864242570015,2078.2314187781785,2130.0079157822197,0.011035829272063813,38,1
2023-10-31,2126.0726198324824,2148.611918883979,2082.2234995724734,2102.5823532470636,-0.012875803104743233,38,1
2023-11-01,2107.1006382982737,2133.4722424963898,2080.6686699301727,2109.5016807305365,0.003290871091345071,38,1
2023-11-02,2109.260541033709,2122.235558923401,2069.2659400672615,2073.5240199854065,-0.01705505194604573,38,1
2023-11-03,2077.597609646077,2127.198230315003,2071.6906813298224,2108.326796482432,0.01678436138746564,38,1
2023-11-06,2118.854672119442,2165.2529721420706,2108.0082236220796,2150.075484111192,0.019801810468099257,38,1
2023-11-07,2150.006246299278,2167.2808085581773,2122.8250354203788,2152.7818336721575,0.0012587230452907328,38,1
2023-11-08,2150.152074147674,2169.060471463905,2125.251312160938,2147.2997566252525,-0.002546508411190973,38,1
2023-11-09,2146.896233164393,2173.655821802916,2129.8597379550033,2148.1815962073606,0.0004106737214435441,38,1
2023-11-10,2142.162185154046,2161.913295216406,2119.244446595511,2142.5648671332465,-0.0026146435124619893,38,1
2023-11-13,2147.4315065153787,2170.35946814854,2128.3977050224303,2155.5968411588615,0.006082417492008663,38,1
2023-11-14,2155.5626885680067,2179.247577970403,2135.919385414366,2159.3822426394545,0.0017560804545242448,38,1
2023-11-15,2178.0173626154997,2206.466728936104,2158.9910382756416,2183.7280729729264,0.011274442223676573,38,1
2023-11-16,2179.7661652331076,2188.48568568465,2148.01792534015,2153.119469281358,-0.014016673628185594,38,1
2023-11-17,2148.0654203408176,2185.4164195240146,2138.1630759856816,2172.9410442974586,0.009205980113456524,38,1
2023-11-20,2178.9157467340697,2206.6173371878226,2157.8072978348923,2195.1373045873365,0.010214846991881688,38,1
2023-11-21,2198.0616742753336,2208.431809979882,2164.0276076091263,2171.920667111917,-0.010576394208645645,38,1
2023-11-22,2167.3336854676104,2180.7595065669275,2132.730746071766,2135.589549347638,-0.016727644943215103,38,1
2023-11-23,2135.724470427021,2166.949802247187,2125.2128446769348,2159.747448898577,0.011312051774330367,38,1
2023-11-24,2158.6445081774564,2163.0854075981156,2115.0771123972017,2124.801921502443,-0.01618037674449202,38,1
2023-11-27,2129.6158612751824,2190.6741735695396,2118.564867024497,2168.681990441964,0.020651369191389657,38,1
2023-11-28,2161.8070413552073,2192.8895816056506,2138.9764149890875,2175.789767366289,0.0032774638954218283,38,1
2023-11-29,2183.8775946806704,2213.045781781899,2159.303430052075,2176.9796674488975,0.0005468819186740248,38,1
2023-11-30,2173.794033220776,2189.319889262645,2132.875315591154,2155.570778082848,-0.009834216500119175,38,1
2023-12-01,2155.2088585139495,2166.945159136863,2125.197054593369,2150.2743124093813,-0.002457105898502232,38,1
2023-12-04,2150.3434718769263,2166.339459736503,2128.1719074860284,2142.241070739916,-0.003735914819381514,38,1
2023-12-05,2139.918714988651,2149.152847661741,2098.366348831637,2101.0173846266,-0.019243252627529017,38,1
2023-12-06,2098.3295818679017,2131.570181730889,2085.709574142952,2103.2741084335717,0.0010741100114091129,38,1
2023-12-07,2104.4855582572322,2115.158124122296,2070.524597556481,2089.123002807123,-0.006728131901451384,38,1
2023-12-08,2091.749706501522,2114.313623264331,2066.325785465377,2080.090122191857,-0.004323766768701165,38,1
2023-12-11,2071.671900615482,2116.701786031188,2042.3307070131643,2110.8509034440604,0.014788196397851117,38,1
2023-12-12,2108.4436968064424,2122.8385930086456,2088.585589720741,2108.513550370713,-0.0011073037273896524,38,1
2023-12-13,2105.770464521883,2134.309726405984,2081.3594332764796,2102.850114795669,-0.0026859849082060405,38,1
2023-12-14,2108.504080325916,2135.2896029150897,2092.2141210405125,2105.1463247234005,0.0010919513053142538,38,1
2023-12-15,2108.9122972597343,2127.4746814044884,2079.5390496083855,2087.9801836404085,-0.008154369547326956,38,1
2023-12-18,2088.830517121156,2097.954162736854,2043.2354087119218,2051.9379964481855,-0.017261747728555266,38,1
2023-12-19,2051.7977668675862,2076.639240862925,2033.8857346265584,2060.4700289386724,0.004158036210282878,38,1
2023-12-20,2062.6029115349156,2079.3913475732306,2031.459324810012,2036.8229933619446,-0.011476524892190865,38,1
2023-12-21,2031.1989030526947,2079.0886093796116,2005.2342032424,2065.228496307467,0.013945985015927587,38,1
2023-12-22,2064.4770346487235,2092.0809595098876,2031.1932230778668,2061.3289204003304,-0.0018882055492207561,38,1
2023-12-25,2048.3554853480355,2078.6345416602194,2024.4641704945784,2050.5452487356733,-0.005231417246386094,39,0
2023-12-26,2045.424673454126,2058.4811914646325,2004.9265853782351,2021.3716388242626,-0.014227245133653477,39,0
2023-12-27,2021.4268495067488,2055.4260762088884,1998.6472892330696,2039.4106577996242,0.008924147657406678,39,0
2023-12-28,2037.9979587892042,2141.6063344048885,2024.679710776978,2125.4373947712966,0.04218215524306834,39,0
2023-12-29,2128.764934836875,2173.071021380383,2117.233416816828,2160.4733495143178,0.01648411514223458,39,0
2024-01-02,2165.4150846644634,2200.2004614992143,2135.820846371025,2167.7850154744237,0.0033842888928714565,39,0
2024-01-03,2167.9273229723613,2200.697107691956,2146.686136895096,2177.297521602131,0.00438812246592879,39,0
2024-01-04,2177.2371117223615,2215.4565272372156,2140.708756479974,2180.7493358670004,0.0015853663684555208,39,0
2024-01-05,2174.8542394926435,2218.0791579012403,2131.155525821564,2156.5669986140606,-0.011089003607709813,39,0
2024-01-08,2149.9704225803357,2168.0316795921067,2101.3633472444776,2116.128537440003,-0.018751312247681562,39,0
2024-01-09,2120.690396312857,2161.0932669386584,2084.033267779171,2119.1348965372113,0.0014206883202121379,39,0
2024-01-10,2113.5160135856313,2164.5911837173367,2073.718552228431,2122.6068855708254,0.0016383992540009995,39,0
2024-01-11,2118.208412707298,2170.2317736708524,2095.8569935609557,2150.4638453207813,0.013123937333532343,39,0
2024-01-12,2150.3662299812077,2222.6948489787555,2130.3794097788,2175.125080602237,0.011467867890509575,39,0
2024-01-15,2172.106395756757,2233.6741069321015,2147.2194023931097,2197.9244679013964,0.010481874124152135,39,0
2024-01-16,2193.7085966749933,2238.203758866734,2148.081968884752,2212.1137691405606,0.0064557729104823824,39,0
2024-01-17,2204.66982054098,2259.5873029829104,2159.9120688975568,2171.5732354338784,-0.01832660429686339,39,0
2024-01-18,2148.6126205875184,2194.986528629137,2083.8238481669223,2166.678171078032,-0.0022541557779277577,39,0
2024-01-19,2163.4811733999722,2180.8570395123793,2095.172882377467,2105.967788327319,-0.02802002787543978,39,0
2024-01-22,2095.668787197721,2115.448970850431,1975.8743833549943,1996.1142646865983,-0.052162964813423085,39,0
2024-01-23,1993.0752517330031,2045.7876460347352,1945.2055938262902,2010.4492472850181,0.007181443894280548,39,0
2024-01-24,2015.1408612376767,2051.300630587788,1942.983277572583,2017.5743236512344,0.0035440220019671287,39,0
2024-01-25,2011.4950021148545,2092.382278266692,1976.7107582585652,2082.007265031422,0.031935845249845496,39,0
2024-01-26,2074.6638948676523,2107.395389326635,2036.806377844404,2055.0210613702966,-0.012961627999275138,39,0
2024-01-29,2057.4745056956804,2082.942277210273,1985.7874472788087,1996.8959157065497,-0.02828445253256373,39,0
2024-01-30,1979.652354299244,2020.7681929018065,1930.0619673499152,1942.0711129604797,-0.027455012709899584,39,0
2024-01-31,1932.4601731185712,1966.4950468539269,1857.5629411988289,1872.5863040202355,-0.03577871504114083,39,0
2024-02-01,1859.1869657218895,1913.5801255668105,1819.5609270922419,1858.4866117918893,-0.007529528651403439,39,0
2024-02-02,1854.5424836930915,1887.7673162886265,1718.0845542461382,1777.3122550389705,-0.043677665600535764,39,0
2024-02-05,1762.0825803871567,1793.1210741568623,1610.5681151762096,1669.5465233958403,-0.060634101485316894,39,0
2024-02-06,1640.4522301074596,1796.8676842615557,1587.9585773559413,1765.26793840029,0.057333781157384855,39,0
2024-02-07,1774.4807352727883,1857.493729554255,1724.0466372357462,1799.1963331307475,0.019219968817427047,39,0
2024-02-08,1804.424009142271,1952.7864020880158,1777.4182682419662,1900.1705677773696,0.056121854400913884,39,0
2024-02-19,1917.6174608225083,1972.8481420815774,1883.0510274487453,1929.9958951189303,0.01569613162488226,39,0
2024-02-20,1922.859655031264,1954.3241557797846,1883.5784594999345,1936.280988226203,0.0032565318523050113,39,0
2024-02-21,1919.9097055175205,2004.6504781046262,1902.5720165095158,1945.3782364706633,0.00469830995592968,39,0
2024-02-22,1941.2278645332844,1986.02913375143,1926.46196985284,1969.3637242834473,0.012329472676891218,39,0
2024-02-23,1977.0866229509484,2020.40763256945,1946.7556878052867,2004.5195740200886,0.017851374686731702,39,0
2024-02-26,2008.1234922413314,2073.7678622879016,1986.2333711378749,2033.2460455183984,0.014330851078045992,39,0
2024-02-27,2020.686170944387,2077.8771057492463,1999.4764879003812,2070.1132806220267,0.01813220548732386,39,0
2024-02-28,2074.430585749193,2120.0224920830537,1976.4247743098801,1982.4499829582473,-0.04234710171872247,39,0
2024-02-29,1964.5868382307094,2060.162852926628,1956.3712119342006,2054.5449536268843,0.03636660258184965,39,0
2024-03-01,2059.8198402063194,2123.0154196456438,2035.2378261741444,2096.247896131935,0.02029789731854348,39,0
2024-03-04,2122.1730260638105,2192.8841591525597,2088.708480889252,2149.83641175554,0.0255640164135591,39,0
2024-03-05,2135.420912813794,2188.498216032149,2093.166324934583,2129.007935953634,-0.00968840033037599,39,0
2024-03-06,2119.4877223105245,2245.808369940938,2106.829113561278,2207.599504705725,0.03691464340027828,39,0
2024-03-07,2214.442491117317,2245.9289377470873,2153.1132636492657,2168.8619296955167,-0.017547374389075165,39,0
2024-03-08,2161.347807719606,2230.410621720957,2144.1393355508912,2206.210803675318,0.01722049406116155,39,0
2024-03-11,2217.8189961818694,2299.4613419432876,2199.972561304479,2276.1137422086626,0.03168461436998382,39,0
2024-03-12,2270.670604596979,2304.261570464058,2219.328615955712,2257.958922959917,-0.007976235507074936,39,0
2024-03-13,2249.199113898716,2284.465063545832,2227.3405317400534,2253.36856345182,-0.0020329685635197547,39,0
2024-03-14,2247.727402089926,2275.0770190283065,2201.3664874342235,2235.5091294050253,-0.007925660425224468,39,0
2024-03-15,2229.529206803507,2263.3963303268847,2205.1447923446835,2250.3996819748563,0.006660922281178205,39,0
2024-03-18,2260.0479477150457,2298.9767428525643,2237.961106169512,2286.909040350533,0.016223499615693804,39,0
2024-03-19,2282.510411678926,2310.329160111737,2248.6360992599484,2262.8925887901355,-0.01050170826064678,39,0
2024-03-20,2258.776446678551,2287.1142411563133,2236.2711679289914,2265.2312384322413,0.0010334779713765396,39,0
2024-03-21,2264.288606925656,2283.987688824269,2221.440671303149,2240.7899411515923,-0.010789758178315179,39,0
2024-03-22,2235.5132831471333,2258.4782980872374,2188.515395606248,2222.240354317144,-0.00827814624378198,39,0
2024-03-25,2219.979630677372,2259.840325290174,2178.4281733467637,2197.0555362041982,-0.011333075679243687,39,0
2024-03-26,2197.7109352131956,2234.3796324083037,2160.1497618941776,2204.9415585433876,0.003589359581148477,39,0
2024-03-27,2202.3081035301916,2216.5706894291866,2122.827841547266,2132.182103556699,-0.03299835984530797,39,0
2024-03-28,2128.2229233251296,2199.8200500488874,2114.520334334545,2159.321646992557,0.012728529796111943,39,0
2024-03-29,2164.701596384209,2233.031242531431,2146.587174132782,2213.9407017770855,0.025294543247227796,39,0
2024-04-01,2220.084378943165,2273.0417093843316,2190.5745770612702,2245.112990866324,0.014080001810444776,39,0
2024-04-02,2243.637342520812,2276.3347476027657,2208.310521400005,2239.2696472135954,-0.002602694686860252,39,0
2024-04-03,2233.1784877973064,2251.520760280228,2183.4616652408777,2206.3210444929077,-0.014713995146447334,39,0
2024-04-08,2204.356657394459,2249.9865974294853,2162.537909396244,2193.6377189827303,-0.005748630980897063,39,0
2024-04-09,2189.0725448876947,2235.0351958644037,2163.06898830881,2212.3000179569613,0.008507466302541955,39,0
2024-04-10,2205.2410991845095,2220.5157908344268,2139.279798837005,2161.263560212947,-0.023069410717243333,39,0
2024-04-11,2155.3445559288925,2273.809313208504,2134.2227666562453,2235.177059608124,0.034199206776935,39,0
2024-04-12,2231.0500202672556,2285.126818680075,2200.347658662173,2236.888785594597,0.0007658122559528469,39,0
2024-04-15,2233.2619941714834,2298.0544324408925,2164.9215614068753,2224.6083937095855,-0.005489942979774565,39,0
2024-04-16,2209.437518359273,2250.330219000435,2105.446991090942,2134.2181238325647,-0.04063199173958543,39,0
2024-04-17,2144.730352070058,2245.498966243461,2126.9381350757317,2233.79387505697,0.04665678269360307,39,0
2024-04-18,2234.3448407982887,2307.291308273681,2200.5094407641964,2256.3709242996742,0.010107042325974813,39,0
2024-04-19,2241.759778388322,2276.1571370444217,2192.536139319502,2223.541430595849,-0.014549688329287047,39,0
2024-04-22,2212.027477665272,2263.346987086655,2160.1519413022074,2216.7872063203777,-0.0030375976730332432,39,0
2024-04-23,2217.2786428648064,2253.2659984378442,2161.6976182872786,2200.8859326553616,-0.007173116851125538,39,0
2024-04-24,2208.3110584136343,2259.634296427298,2177.4721854537847,2245.53546492325,0.020287072403620154,39,0
2024-04-25,2228.8320180492387,2264.6830243446684,2182.1600935858182,2226.738138548988,-0.00837097728710523,39,0
2024-04-26,2218.3400743386183,2282.878120909399,2190.883590216904,2250.0514117806597,0.010469696830568198,39,0
2024-04-29,2249.359687335532,2319.5173423703964,2223.967111952367,2288.798289492493,0.01722044105701981,39,0
2024-04-30,2287.5134361129626,2323.2298337272855,2249.5655393916677,2280.2648363344206,-0.0037283552671496523,39,0
2024-05-06,2305.845980092047,2352.3938450955725,2268.421378163606,2321.317313673881,0.01800338131138024,39,0
2024-05-07,2319.220269436398,2346.8358583764266,2284.3331569405823,2311.620577794428,-0.004177255656662715,39,0
2024-05-08,2308.4653354271286,2343.5229398336905,2272.982963765805,2297.113008802795,-0.0062759300254521255,39,0
2024-05-09,2297.8437212524873,2385.6225331077944,2288.420529173288,2353.294640580486,0.02445749580555967,39,0
2024-05-10,2351.8581472182423,2454.3487922765,2322.974446955201,2410.3387597282726,0.024240109234139773,39,0
2024-05-13,2398.619902741274,2537.5273812150235,2364.819304454644,2476.9429391361646,0.02763270479681479,39,0
2024-05-14,2464.8399238227066,2551.098261898786,2427.925570019505,2483.8347580602685,0.002782389055158374,39,0
2024-05-15,2471.1292349590362,2521.8912580178903,2398.9136838363847,2420.92152518129,-0.025329073391383794,39,0
2024-05-16,2407.518443559268,2445.2593309688486,2363.508317037715,2385.4494137926763,-0.014652317730933895,39,0
2024-05-17,2375.480668194429,2418.498173641082,2336.5801520876735,2388.396665808636,0.0012355122682201625,39,0
2024-05-20,2380.1603687722704,2446.3451031404484,2351.3667824799354,2419.8708694945212,0.013177963332664966,39,0
2024-05-21,2413.8894035122726,2449.2707499038447,2367.527695768653,2395.3457861414836,-0.010134872757966762,39,0
2024-05-22,2388.0058397347825,2421.91479515468,2347.4768256237535,2376.7674223098347,-0.007756025847765247,39,0
2024-05-23,2361.990010383871,2391.09475916,2306.552264398227,2329.17296117814,-0.020024871043309744,39,0
2024-05-24,2332.1461821448393,2452.956032153596,2319.1158917987227,2391.006925894866,0.02654760541503487,39,0
2024-05-27,2396.1866639338145,2510.832882517758,2361.1450937314676,2474.082312922078,0.03474493784501265,39,0
2024-05-28,2457.135829039987,2572.900047637236,2435.1727419351278,2520.8010094420083,0.018883242597030447,39,0
2024-05-29,2495.911145599715,2554.6460789111466,2448.539290593139,2492.1676381617817,-0.011358838390248094,39,0
2024-05-30,2492.629285524046,2530.432073904324,2433.1767596195596,2460.391256815157,-0.012750499147827554,39,0
2024-05-31,2453.2148385382425,2489.4297082530293,2399.4422811706036,2439.3070878836206,-0.00856943743119476,39,0
2024-06-03,2431.0733782385637,2462.5804585357955,2365.0713529101577,2408.9639898238133,-0.012439228422909676,39,0
2024-06-04,2401.514844930547,2517.1510944895576,2355.235988420999,2498.713169041685,0.037256339072314404,39,0
2024-06-05,2493.070088437941,2516.9978334470966,2415.764719880315,2425.748217028295,-0.02920101151160681,39,0
2024-06-06,2419.703632989855,2474.257660523669,2360.15328167163,2394.2602988724084,-0.012980703411363037,39,0
2024-06-07,2406.9874684720016,2435.239931874947,2331.7483198744126,2366.546071645209,-0.011575277441743359,39,0
2024-06-11,2359.2438023711134,2393.5466467632173,2306.9117087282257,2372.6590422028657,0.002583076928397654,39,0
2024-06-12,2363.689812516449,2402.897899603717,2336.601968448791,2374.079697266441,0.0005987607314434928,39,0
2024-06-13,2366.763049982017,2452.2577320340897,2340.4195401406387,2410.0659636203936,0.015157985806200092,39,0
2024-06-14,2398.0675440041555,2494.7841872426525,2374.760995365035,2441.438485617637,0.01301728768872179,39,0
2024-06-17,2419.381339487005,2540.529650809285,2400.7645071179177,2481.2987658356783,0.016326555206225946,39,0
2024-06-18,2472.079920254517,2515.366959143586,2436.7917394305528,2492.4329374443278,0.004487235379291299,39,0
2024-06-19,2488.848189543211,2506.755924327069,2411.1125273109565,2423.5260962651764,-0.027646417339439622,39,0
2024-06-20,2413.019406059321,2451.3706495996894,2360.9086280610313,2380.4668252222627,-0.017767199251236154,39,0
2024-06-21,2372.936705212308,2411.0441575928066,2340.0425328131855,2371.537880415028,-0.0037509217572906373,39,0
2024-06-24,2356.8678878822416,2392.330976637059,2297.9755089971345,2317.7274694921725,-0.022690091255653355,39,0
2024-06-25,2316.6627642564085,2341.923669748963,2262.286727130425,2291.9605664935884,-0.01111731354861567,39,0
2024-06-26,2286.013554856471,2340.267071095227,2250.188952286091,2328.438420112727,0.015915567725034885,39,0
2024-06-27,2320.4383346958994,2347.5741041038787,2260.1223817027203,2279.6407247787683,-0.020957262563806922,39,0
2024-06-28,2276.8443775407404,2417.8240004744107,2266.6443288525543,2378.7269774979877,0.0434657319647751,39,0
2024-07-01,2380.1218851874564,2432.4159319470773,2314.14324158397,2376.1601740900232,-0.0010790660013719755,39,0
2024-07-02,2367.2011842123516,2393.562710017648,2300.462410351158,2335.1752485498723,-0.017248385015057655,39,0
2024-07-03,2328.140906161829,2338.9958172131273,2253.5112211876653,2272.7702884820646,-0.026723887257095735,39,0
2024-07-04,2273.8115850860877,2327.851953698266,2238.5525058178737,2264.2466901457597,-0.003750312286068369,39,0
2024-07-05,2258.4736190237995,2303.476925348354,2210.234472254411,2282.850132390447,0.00821617287800458,39,0
2024-07-08,2275.6183480683767,2320.6414423780066,2226.5589593995423,2259.0718283714864,-0.01041606003021367,39,0
2024-07-09,2255.134623433219,2333.842573400617,2217.647270407427,2321.926492423998,0.027823225124196993,39,0
2024-07-10,2312.8263033107687,2339.9485267247637,2253.2088771730587,2277.055469633043,-0.01932491098980116,39,0
2024-07-11,2302.6983232423254,2335.5214711115555,2260.6909741325653,2305.3577864452145,0.012429348862868395,39,0
2024-07-12,2297.078565710976,2319.220934999436,2254.7495327049005,2279.4663991167913,-0.011230962708112635,39,0
2024-07-15,2264.312790544331,2284.218325354153,2200.437678316543,2222.1588520018086,-0.025140772918252896,39,0
2024-07-16,2219.3570563423846,2247.3883261934407,2169.3935357878836,2208.601734018842,-0.006100877068601074,39,0
2024-07-17,2209.031767052167,2222.0701089723557,2146.85686214835,2165.8829644811412,-0.019341997644803266,39,0
2024-07-18,2155.9530017266625,2213.99078158616,2124.232366978558,2191.936948068993,0.012029266592478605,39,0
2024-07-19,2181.3471539348716,2226.663271465491,2162.3897981030586,2198.858219771684,0.0031576052900559315,39,0
2024-07-22,2197.5307785794466,2267.453268466865,2184.5571128770166,2221.12823988871,0.010127992754047632,39,0
2024-07-23,2216.8574354057873,2248.581091746937,2155.1303225233814,2161.2538733475167,-0.026956735530134446,39,0
2024-07-24,2152.277009913023,2187.101611839464,2117.664595126715,2137.43782384279,-0.011019552028767032,39,0
2024-07-25,2126.788642659932,2181.5749731163114,2096.539930055068,2157.522715112338,0.009396713694080017,39,0
2024-07-26,2157.088812378117,2231.694391920123,2140.447888272624,2205.8025827563306,0.02237745508115263,39,0
2024-07-29,2220.87456533968,2254.872139026388,2176.3375880381536,2201.374117129608,-0.002007643685496663,39,0
2024-07-30,2193.631356670202,2217.192659222881,2152.61905064555,2188.371126561734,-0.005906760902971153,39,0
2024-07-31,2187.2218771998178,2273.8103414248644,2165.2805669445297,2261.375394743566,0.03336009477356461,39,0
2024-08-01,2261.548786816559,2290.8298826674036,2224.613350117452,2242.5790922394117,-0.008311889546443796,39,0
2024-08-02,2228.912975607157,2258.918008557243,2193.153312382733,2205.5145084045694,-0.016527659587617927,39,0
2024-08-05,2189.013120266085,2225.4783855656738,2136.666774199175,2142.582429508219,-0.02853396731535207,39,0
2024-08-06,2163.996544004,2200.0673860621655,2133.8860851797267,2176.11237009121,0.01564931184033247,39,0
2024-08-07,2193.03182662104,2270.1244895893437,2178.515392244041,2237.320014316335,0.028127060470944043,39,0
2024-08-08,2219.5895853179936,2244.595829439009,2170.5526069514326,2205.5748889963143,-0.014188906869329165,39,0
2024-08-09,2209.4447469046536,2259.98309492674,2188.1716938672967,2200.8425198070727,-0.0021456397662357185,39,0
2024-08-12,2209.398142207456,2233.381590414315,2166.540439644194,2186.406972124982,-0.006559100686293617,39,0
2024-08-13,2179.9378093760783,2223.992574740711,2163.572967662534,2202.9970502195615,0.007587827109083678,39,0
2024-08-14,2209.2617186095777,2222.1511502232356,2156.3675180054206,2164.5427553756654,-0.017455445453303464,39,0
2024-08-15,2158.833399670407,2193.56577286785,2126.9680089416684,2167.208770182384,0.0012316757431087844,39,0
2024-08-16,2169.8243629441668,2182.663939090725,2132.0250299738027,2146.1884766336357,-0.009699247178193704,39,0
2024-08-19,2141.3629360677405,2178.3378364448436,2115.2942360848933,2138.0383423079547,-0.0037974923518668824,39,0
2024-08-20,2139.9489958752547,2148.225949485857,2065.190014179377,2088.2821166441145,-0.023271905222302935,39,0
2024-08-21,2079.081553488917,2102.962695863701,2053.398475599199,2071.425326715961,-0.008072084606672858,39,0
2024-08-22,2081.5097480823047,2113.526691838641,2046.8579380811082,2069.8117115082205,-0.0007789878722294086,39,0
2024-08-23,2065.06427347811,2093.488827698194,2027.420236176233,2049.2903304659467,-0.009914612487780583,39,0
2024-08-26,2049.424886921831,2084.5553263047254,2021.5770854757818,2059.6306189961683,0.005045789938349365,39,0
2024-08-27,2048.253593125005,2060.0759619146243,1998.2107713466123,2012.9486624440349,-0.022665208082255806,39,0
2024-08-28,2009.6855164633641,2053.9593116008955,1993.789818074015,2022.020153311484,0.004506568417117274,39,0
2024-08-29,2017.026669798217,2097.7426304852765,1996.8570973700894,2077.991444438426,0.02768087698595756,39,0
2024-08-30,2084.0195335978574,2160.906755411305,2060.8010011470597,2117.229098348813,0.01888249059706326,39,0
2024-09-02,2124.251066529874,2156.5912144491276,2081.2174894185027,2092.6346821670527,-0.011616322579800498,39,0
2024-09-03,2097.602771597566,2156.631890421519,2084.966868655256,2137.999725610565,0.021678434286740433,39,0
2024-09-04,2133.553962544344,2168.6691613858666,2102.670531102917,2141.6184430428166,0.0016925715138800257,39,0
2024-09-05,2146.865976336364,2166.9907472838327,2104.490471166076,2129.2372924396163,-0.005781212168498584,39,0
2024-09-06,2134.152327155121,2151.9558135321126,2081.672004941681,2089.952671114514,-0.01845009077409654,39,0
2024-09-09,2089.7669398723046,2117.5012691101088,2058.151446730814,2085.9136089869667,-0.0019326093759785001,39,0
2024-09-10,2095.359785301182,2125.330049613524,2051.185274805138,2095.994171339066,0.004832684493100592,39,0
2024-09-11,2081.356997577845,2153.197056904936,2067.940599833035,2127.6455334389443,0.015100882689791817,39,0
2024-09-12,2127.9057079541044,2194.467533658725,2111.3652516407747,2148.2424840944136,0.00968063069329883,39,0
2024-09-13,2147.685686738994,2179.3109154519243,2096.487684444151,2119.162739326449,-0.013536528107637502,39,0
2024-09-18,2118.937202148199,2181.6669492807414,2084.597987706704,2155.2706656961095,0.01703876993474185,39,0
2024-09-19,2156.5074619667043,2209.0012079273433,2127.5191972097323,2178.2068127861958,0.010641887098054248,39,0
2024-09-20,2185.6103850125537,2209.8262406592276,2144.854028765081,2171.1367831262305,-0.003245802748602089,39,0
2024-09-23,2169.601574771595,2214.508539340629,2144.7564518223467,2174.057722738756,0.0013453503414555534,39,0
2024-09-24,2184.0912072293713,2263.5425616418893,2139.1960125314567,2229.7892174008553,0.02563478148680054,39,0
2024-09-25,2239.022349173274,2318.575285392095,2213.2178456124902,2246.809969779784,0.0076333458992903225,39,0
2024-09-26,2239.15027207122,2288.55369554216,2194.1449153892245,2277.074302995718,0.01346991228586214,39,0
2024-09-27,2300.2388950033446,2411.4038603022445,2281.3254556098505,2383.4253516555154,0.04670512882249023,39,0
2024-09-30,2473.0457315875306,2649.1181851635106,2417.246373196475,2621.464131989164,0.0998725553407025,39,0
2024-10-08,2940.5534959548218,2949.088024166143,2615.4129150432905,2797.363921988254,0.06709982709762174,39,0
2024-10-09,2720.6775413135533,2784.4933662294857,2544.0992329872506,2581.123044018457,-0.07730166113535264,39,0
2024-10-10,2591.7597862828593,2677.236639670268,2518.1813935581954,2557.6058233639183,-0.009111235789025396,39,0
2024-10-11,2553.3474682847727,2580.1657481727284,2419.5914410003284,2458.7526422042583,-0.038650670973857215,39,0
2024-10-14,2465.026133139885,2543.4529491869525,2414.3846906559174,2523.0036935992853,0.026131563741778496,39,0
2024-10-15,2512.204003062944,2548.917001275609,2432.4099971887304,2449.77765478719,-0.029023357753246937,39,0
2024-10-16,2420.3576476086123,2487.15682941747,2389.6530872408794,2447.2181196606825,-0.0010448030340654002,39,0
2024-10-17,2460.545850857279,2500.7170581088444,2410.9610656448867,2429.6019808174933,-0.007198434296339595,39,0
2024-10-18,2424.055402175861,2576.041325408195,2406.286518900184,2522.763791369442,0.03834447423384235,39,0
2024-10-21,2533.7896059796267,2577.1801683633416,2479.836231918527,2524.584587793002,0.0007217466929678729,39,0
2024-10-22,2517.8095323404527,2598.166360090561,2489.7078765723727,2567.776787599632,0.017108636413085687,39,0
2024-10-23,2567.9559776694064,2615.2941373009744,2514.3162040271413,2552.731895198997,-0.005859112237983521,39,0
2024-10-24,2541.592084331438,2573.519624846923,2497.0096331379773,2532.2303184110333,-0.008031229925289596,39,0
2024-10-25,2523.313466513917,2598.1155462091237,2496.4348308193044,2564.38398770433,0.012697766494428997,39,0
2024-10-28,2566.9451227565824,2613.737606958433,2521.124975422733,2591.636581694164,0.010627345249581976,39,0
2024-10-29,2597.058921898616,2644.4654564555485,2539.2908044881588,2554.1161991534304,-0.014477486081866497,39,0
2024-10-30,2541.9125601375354,2602.3047680000523,2497.6959945159538,2547.2344385751976,-0.00269438038117209,39,0
2024-10-31,2559.3596150916237,2610.8548478253742,2513.1349613914563,2564.064816041445,0.006607313881819676,39,0
2024-11-01,2552.6923107129596,2602.3065698844275,2477.166083133967,2512.9568214046576,-0.019932411348200896,39,0
2024-11-04,2519.490899266063,2609.0872479643826,2505.509865848679,2581.899705427901,0.02743496562933667,39,0
2024-11-05,2589.8181004619178,2658.936283399469,2555.3230948202786,2635.059002170439,0.020589218330511194,39,0
2024-11-06,2636.4780058715396,2694.431497415223,2591.2161441974868,2621.35527045731,-0.005200540747604454,39,0
2024-11-07,2608.7524696042306,2681.5989987565245,2582.125919968281,2664.897828455103,0.01661070458038183,39,0
2024-11-08,2687.121259336262,2730.9996819532803,2634.505317924272,2655.008335802622,-0.0037110213182973695,39,0
2024-11-11,2649.2040288083163,2705.4261250049685,2617.0023338700944,2688.178550141322,0.012493450167896603,39,0
2024-11-12,2695.6800990834895,2733.0140813600838,2624.7802790033074,2652.2363871496864,-0.013370452267668864,39,0
2024-11-13,2641.9258743517908,2710.3922385436836,2610.372514735379,2685.2775140963995,0.01245783637793374,39,0
2024-11-14,2682.510063755719,2734.5582817351838,2599.2839059199687,2612.238356509749,-0.0271998544668961,39,0
2024-11-15,2601.543744835279,2639.7783678663286,2535.438759304357,2548.4837318245513,-0.024406128378874792,39,0
2024-11-18,2556.3367455838525,2594.325873833559,2479.5010360547844,2504.9599640369775,-0.01707829924282611,39,0
2024-11-19,2509.3724111446068,2575.1241779977768,2486.6839236718743,2565.764787490088,0.024273770569617437,39,0
2024-11-20,2565.535758976167,2609.3830365014733,2534.9889753209904,2587.998008995036,0.008665338932606348,39,0
2024-11-21,2584.830511714203,2638.105441104738,2557.2150583736684,2602.633262425793,0.005655048180056355,39,0
2024-11-22,2601.837291193358,2624.408701587699,2491.7370484892353,2496.7748363278906,-0.040673585336120865,39,0
2024-11-25,2499.5040054802107,2546.3424911120223,2448.2487885439537,2510.2823165941713,0.0054099713237043545,39,0
2024-11-26,2503.538678731813,2555.82233785681,2470.7787497027266,2497.822068072823,-0.004963684139819624,39,0
2024-11-27,2484.5188775610322,2541.157084606784,2432.197032086178,2536.7920488521627,0.01560158398688749,39,0
2024-11-28,2537.079127150454,2563.7713927320383,2494.403657031375,2512.994937033892,-0.009380789343390705,39,0
2024-11-29,2507.770896860777,2569.0283953589965,2486.0421209912233,2540.612009104316,0.010989704620344654,39,0
2024-12-02,2541.271433275261,2604.1298182995415,2519.1275005783446,2588.1111354327136,0.018695938678626955,39,0
2024-12-03,2589.8919124103463,2633.6350121433843,2555.2262299466156,2595.2713941125085,0.002766596295563417,39,0
2024-12-04,2589.7548450799113,2608.995076783429,2533.23844992487,2553.9267338131704,-0.01593076561978457,39,0
2024-12-05,2549.208611369641,2596.256666953587,2526.654649349313,2567.238666308039,0.005212339225954432,39,0
2024-12-06,2567.9208677305096,2611.7179636065634,2535.4437912358085,2589.5040759896506,0.008672902123911808,39,0
2024-12-09,2589.337180496083,2635.8725403779977,2558.8995999340887,2607.1888440854855,0.006829403459840622,39,0
2024-12-10,2666.927431231303,2688.0664324701197,2586.3499766834193,2595.4165438353407,-0.004515323190665943,39,0
2024-12-11,2592.6595551450314,2637.7065315010104,2571.651032936546,2606.79216568631,0.004382965762466551,39,0
2024-12-12,2606.619915361372,2630.5393060326433,2573.771948919912,2612.4148841865485,0.002156949285889276,39,0
2024-12-13,2600.939028660559,2637.3056311716136,2554.1394341602318,2571.073617156562,-0.015824924011968222,39,0
2024-12-16,2571.3690250434624,2630.1840953237634,2539.904500810121,2570.473218131695,-0.0002335207443538989,39,0
2024-12-17,2563.030345882011,2611.956814211406,2515.887599460142,2549.230051059119,-0.00826430204474804,39,0
2024-12-18,2553.4668769978284,2611.9905133221177,2525.0155070384553,2572.372695181132,0.009078287819648923,39,0
2024-12-19,2557.8628923124793,2633.2470639651965,2524.014859335355,2606.185828116471,0.013144725489693476,39,0
2024-12-20,2595.834343751859,2651.682902325202,2564.253454264585,2601.008078474576,-0.001986715446778864,39,0
2024-12-23,2604.0893356794127,2655.7811378790793,2531.3121988805015,2544.178643431202,-0.02184900366657183,39,0
2024-12-24,2555.9620108641634,2620.4416014363987,2535.25282225456,2597.037761326305,0.020776496191247995,39,0
2024-12-25,2595.283777494675,2621.899094661175,2520.027551457254,2561.3696615018544,-0.013734147556728193,39,0
2024-12-26,2558.3843089861575,2634.293367149336,2537.997108874402,2601.941128104506,0.015839754492470437,39,0
2024-12-27,2609.4334856570604,2680.524708210863,2586.1360679708014,2633.212538321653,0.012018492608988574,39,0
2024-12-30,2633.479125427799,2699.6534557415202,2599.101584741418,2637.7711528743157,0.0017311988631074637,39,0
2024-12-31,2637.624568761604,2662.135207674087,2546.4846758587946,2558.8572925690787,-0.02991687137803689,39,0
2025-01-02,2553.383297064287,2581.1605932193365,2447.718545188374,2475.4786958200407,-0.03258430901604781,39,0
2025-01-03,2479.8137340161675,2512.6552395245535,2388.1694838093285,2400.768686196792,-0.030180025281332568,39,0
2025-01-06,2400.7687285819597,2467.3572672804594,2349.4421029673413,2424.0829544822996,0.009711168101930623,39,0
2025-01-07,2423.4262220516684,2502.373302268706,2398.022998482464,2483.3738587357234,0.024459106955803778,39,0
2025-01-08,2469.3296944986823,2510.1958293506345,2392.047202164034,2477.952150725919,-0.0021832024971722985,39,0
2025-01-09,2466.9565164742057,2519.2644085089805,2444.5573919434178,2466.303782449615,-0.004700804360928124,39,0
2025-01-10,2465.0485237849325,2486.472011226116,2386.7922983871476,2391.783961108863,-0.030215183494847864,39,0
2025-01-13,2367.3198070952035,2400.6435869892466,2315.8948890556508,2357.6212804649263,-0.014283347158201676,39,0
2025-01-14,2376.213748876066,2478.2795354517416,2357.517601741044,2469.5891986646106,0.04749190174327067,39,0
2025-01-15,2465.8565291938685,2484.5969385980025,2413.7838170916007,2433.2140967586656,-0.01472921161366203,39,0
2025-01-16,2442.923009591168,2500.253158107773,2421.812322499322,2459.1527962296786,0.010660261875667487,39,0
2025-01-17,2450.1395597498877,2499.512963249901,2422.96134809119,2470.7936559821705,0.004733687052849822,39,0
2025-01-20,2491.982399604827,2567.195133056022,2478.678774852366,2522.2402273781877,0.020821880965841588,39,0
2025-01-21,2533.9943154320263,2561.0447200791755,2492.8499029740738,2531.465446424147,0.0036575497233857224,39,0
2025-01-22,2542.1816730907885,2594.940486186299,2512.6756782203865,2557.9265852521157,0.010452893546442299,39,0
2025-01-23,2586.9278358959864,2617.5103714086563,2521.4455015354674,2532.5746724829937,-0.009911118213982495,39,0
2025-01-24,2522.7467349817875,2582.5963395223503,2506.1572499855224,2557.005986390211,0.009646828649385597,39,0
2025-01-27,2559.354542143694,2579.746211003463,2499.623485697566,2507.7566918549196,-0.01926053157381058,39,0
2025-02-05,2515.690411298879,2538.0351100584744,2443.6930547533484,2473.7358981588973,-0.013566225864941606,39,0
2025-02-06,2467.8087901587187,2518.616492537942,2443.9202289873615,2509.2242810037924,0.01434606777195091,39,0
2025-02-07,2509.025338108366,2579.773956156975,2490.967535911913,2545.920967835635,0.014624713745063245,39,0
2025-02-10,2554.1353392719307,2578.5280958638464,2513.198596156725,2545.989270715245,2.6828358174801892e-05,39,0
2025-02-11,2545.5261473066516,2564.7363914207444,2504.9559626116347,2539.716291805609,-0.0024638669855326922,39,0
2025-02-12,2535.5732087115953,2602.4227521476646,2524.3654650979033,2587.5548191437606,0.018836169808613024,39,0
2025-02-13,2587.0690497174733,2599.6819663750384,2529.1189239209093,2539.018747877537,-0.01875750453947289,39,0
2025-02-14,2531.0923711397304,2578.67591969811,2515.872341440411,2550.5062279574418,0.004524377809146829,39,0
2025-02-17,2564.536090322906,2610.837901950161,2527.379951219276,2573.2563533061907,0.008919847008947768,39,0
2025-02-18,2586.591887629412,2628.948887249891,2524.0232171389935,2546.269437482313,-0.010487457182104754,39,0
2025-02-19,2538.3280433416894,2604.7811496922127,2519.502433789735,2585.45971061082,0.01539125143302078,39,0
2025-02-20,2584.6467436623507,2607.822470720269,2537.786288864787,2576.4033914501974,-0.0035027887394472046,39,0
2025-02-21,2590.6122020267635,2685.4424171195183,2575.6241015404585,2653.8995276108208,0.030079193505875068,39,0
2025-02-24,2658.622365070904,2686.020260315448,2603.447893501573,2642.8985764013805,-0.004145202595270736,39,0
2025-02-25,2612.2589414487425,2661.2282817591727,2577.3433762015434,2611.805539093595,-0.011764748592858365,39,0
2025-02-26,2615.69909142868,2666.9585030073313,2593.5342807324946,2642.7050306210267,0.011830701430457724,39,0
2025-02-27,2647.264115502362,2666.9812708046356,2585.189381946278,2628.311156894118,-0.005446644086315677,39,0
2025-02-28,2617.295559473037,2660.3929723523916,2552.342647690441,2572.6864460299034,-0.02116367033572486,39,0
2025-03-03,2575.0423802318837,2643.068643847539,2542.0164560822227,2582.4720043503767,0.0038036342654870214,39,0
2025-03-04,2565.5510850618543,2631.0068318162207,2547.6587365909854,2611.9735813626003,0.01142377418323437,39,0
2025-03-05,2617.0445714613115,2654.3587993699944,2575.320782851265,2621.417393533166,0.003615584873427169,39,0
2025-03-06,2636.8560776684726,2696.9542662280237,2616.657985906143,2665.1451089273264,0.01668094348577731,39,0
2025-03-07,2656.7258950852647,2684.371155940465,2608.086962796002,2633.365946880757,-0.011923989406850799,39,0
2025-03-10,2635.404051084862,2678.800545438252,2600.71474317085,2642.7185422845473,0.0035515745219036887,39,0
2025-03-11,2614.227361235925,2668.3440934683244,2590.0055455153183,2650.264896281931,0.0028555269419119345,39,0
2025-03-12,2659.5001158668506,2752.1504733998972,2636.890035273322,2718.9134956600587,0.02590254260033964,39,0
2025-03-13,2714.3606362709556,2754.53088396707,2662.6333968009817,2694.9169217580493,-0.008825795281943827,39,0
2025-03-14,2692.4354152059113,2735.121050801661,2646.681454524099,2706.296927200437,0.004222766702197234,39,0
2025-03-17,2712.9665136942713,2741.7888799589837,2675.7278994456733,2698.695764119008,-0.0028086951601767884,39,0
2025-03-18,2710.619057184226,2761.06309673121,2681.082745493674,2719.6881120620574,0.007778701186757386,39,0
2025-03-19,2714.7137554354426,2767.3963771223966,2681.5606593686302,2721.6160995696578,0.0007089002224371921,39,0
2025-03-20,2714.5700305666874,2776.512704296367,2680.095292810274,2723.181676223248,0.0005752378720267348,39,0
2025-03-21,2713.443423374972,2762.8311346017226,2668.4403015414728,2693.8558440034735,-0.01076895914651066,39,0
2025-03-24,2689.271049820562,2748.3020862170697,2620.0527370833,2691.7027643595757,-0.0007992557020787272,39,0
2025-03-25,2681.271371512365,2752.0612458786777,2642.118543675705,2690.8090106048617,-0.0003320402856317184,39,0
2025-03-26,2684.480855746501,2735.5791956200846,2648.7378599170524,2692.0047673179083,0.00044438557635784193,39,0
2025-03-27,2687.07744143878,2713.324493104106,2630.765776759912,2662.819338984024,-0.010841521786368213,39,0
2025-03-28,2654.2286720499087,2695.510871387286,2616.9601632268786,2635.71196208874,-0.010179953441988299,39,0
2025-03-31,2620.5229287198476,2661.3166435617127,2567.1625049032764,2610.7835572390327,-0.009457939717340214,39,0
2025-04-01,2616.0350026142123,2666.4185796067027,2592.55376382964,2631.297634687405,0.007857440878809019,39,0
2025-04-02,2628.9299866848796,2666.8753477171977,2604.248086149938,2633.9420029099697,0.0010049673543977011,39,0
2025-04-03,2606.16143493123,2652.3968411236065,2567.669533743737,2602.034040987922,-0.01211414749709605,39,0
2025-04-07,2442.5013466537403,2495.636202368855,2277.321905094931,2304.9526267940723,-0.11417276235212337,39,0
2025-04-08,2299.3109023845323,2384.537943347243,2237.916620420757,2308.190907822839,0.0014049230301409477,39,0
2025-04-09,2267.509049742531,2375.4608838691092,2167.770524426364,2347.911639653305,0.017208599035654082,39,0
2025-04-10,2403.025412689544,2451.066276033221,2364.3792377377686,2386.8082090005196,0.016566453647701262,39,0
2025-04-11,2380.6573169974154,2435.4202727827233,2351.170803973034,2400.627205385481,0.005789738921146315,39,0
2025-04-14,2436.7570199587904,2469.46466449286,2404.8058095211645,2426.240477836987,0.010669408558749094,39,0
2025-04-15,2425.307535602957,2449.285227434365,2390.572082417942,2421.600849111047,-0.0019122707614193102,39,0
2025-04-16,2412.8172079974343,2424.4882516796715,2335.4472922688437,2370.9206294906844,-0.02092839521383838,39,0
2025-04-17,2354.99369131206,2405.822107358536,2343.6305549991357,2376.765306144364,0.0024651507017909857,39,0
2025-04-18,2373.190092702946,2403.9740435112644,2350.5752778572914,2382.4196868774998,0.002379023590809881,39,0
2025-04-21,2391.915083134415,2436.2478301735605,2371.5794745716903,2422.712796777372,0.016912683404107565,39,0
2025-04-22,2421.7508553158077,2440.7288431031106,2397.1084030867282,2413.149384275573,-0.003947398352177944,39,0
2025-04-23,2426.4382902842535,2468.9270632326993,2409.9828859339013,2446.742432210247,0.013920832317125154,39,0
2025-04-24,2450.6583847737948,2475.7089061737415,2408.0018378154514,2431.6283570289106,-0.006177223635134843,39,0
2025-04-25,2437.3079113709796,2475.241326891536,2416.777049007546,2443.461922737162,0.004866519044345319,39,0
2025-04-28,2452.8568108631134,2482.6432449709832,2405.84153378876,2423.00626830425,-0.008371587149595183,39,0
2025-04-29,2421.2180839355133,2460.047258302122,2395.6534714646887,2426.2345592245647,0.0013323493886683302,39,0
2025-04-30,2429.0479920449584,2463.666177494351,2409.5185534095613,2434.781305844598,0.0035226382327868677,39,0
2025-05-06,2451.7942814940943,2503.7299066529263,2440.639886190825,2495.4828309126033,0.024930996850638376,39,0
2025-05-07,2521.128477219716,2541.42746992797,2474.5422594728593,2496.973236018712,0.0005972411781987041,39,0
2025-05-08,2491.940090135369,2542.388654719299,2481.9892108248523,2527.6499162347445,0.012285546265984104,39,0
2025-05-09,2530.287740586811,2538.8999211814526,2485.4500989465373,2498.048648603628,-0.011710983962213928,39,0
2025-05-12,2514.4166171565676,2540.657685769823,2495.2278416922168,2521.3108482723096,0.009312148376968032,39,0
2025-05-13,2540.8410729963502,2556.942217018706,2502.4041212969455,2517.8110725722863,-0.0013880778335686461,39,0
2025-05-14,2513.8603840881715,2531.2186931368706,2482.358684563895,2506.3467760384783,-0.004553279099728469,39,0
2025-05-15,2503.2433271420123,2514.8248946485874,2465.439416048955,2478.390875761005,-0.011154043225279464,39,0
2025-05-16,2474.5138855051737,2518.7496010956324,2463.8033154422174,2488.411994167139,0.00404339707030954,39,0
2025-05-19,2490.3942695173223,2522.1950092450707,2464.29257533108,2506.656737996376,0.007331882289589808,39,0
2025-05-20,2511.238011724667,2549.9407291834264,2492.427355351413,2537.477908004053,0.012295728226559222,39,0
2025-05-21,2540.4297227633806,2562.326027004972,2500.82113669063,2520.5378352516454,-0.006675948862046255,39,0
2025-05-22,2507.3873852023535,2555.828702732567,2481.268138966371,2499.3197761757506,-0.008418068072275853,39,0
2025-05-23,2494.216001396046,2522.546205660686,2453.0655416968034,2461.63354746228,-0.015078594212996066,39,0
2025-05-26,2466.1183257664493,2516.6195546905988,2447.613659102779,2492.4419465514343,0.012515428675772933,39,0
2025-05-27,2492.4548704807653,2512.3650290940277,2453.924971595208,2478.1631299355495,-0.005728846216715877,39,0
2025-05-28,2478.6210133850277,2522.577196374734,2457.050195121626,2482.107769020391,0.0015917592499021804,39,0
2025-05-29,2484.210115421433,2525.3881677053487,2467.2541917956864,2505.9640119085425,0.009611284081177063,39,0
2025-05-30,2503.5824984461974,2517.088886076564,2452.925850128416,2466.0132136420016,-0.015942287310069747,39,0
2025-06-03,2456.682702011522,2489.2044724815587,2433.4010499056258,2465.490460329469,-0.00021198317577564296,39,0
2025-06-04,2467.813146396432,2510.0527150036623,2456.9819999107176,2481.5331160653413,0.006506882096687816,39,0
2025-06-05,2499.839904693495,2553.1357120993353,2479.718769762916,2524.3762281607533,0.01726477548014449,39,0
2025-06-06,2521.4990972816263,2553.002125635733,2495.379700168646,2520.186262376924,-0.0016598024244911525,39,0
2025-06-09,2523.0950235649293,2550.1626477255963,2502.4316021844334,2530.395080079321,0.004050818725108263,39,0
2025-06-10,2531.0313529259256,2555.4066128656896,2481.2173670545494,2510.063879168012,-0.008034793092733694,39,0
2025-06-11,2508.56376758287,2553.2291015392457,2495.3494112170683,2527.2319341694974,0.006839688481225181,39,0
2025-06-12,2518.955222883942,2547.808012553955,2497.031702443074,2525.6428703748034,-0.000628776398876929,39,0
2025-06-13,2515.5478380436844,2536.4419263651694,2476.1617720981817,2488.200946361306,-0.014824710355007986,39,0
2025-06-16,2483.552180673024,2537.1550392149384,2473.740085416305,2514.9845652414483,0.010764250740805448,39,0
2025-06-17,2520.1003189861003,2542.2640498075443,2485.559073914669,2512.0619652496694,-0.0011620747229112993,39,0
2025-06-18,2512.5742070567203,2532.080412566254,2489.5242579933943,2512.726528313579,0.00026454883402671214,39,0
2025-06-19,2513.196510363995,2531.7638343563112,2454.518239353809,2466.2619149138745,-0.018491711245190223,39,0
2025-06-20,2459.0742558482953,2491.1099413093652,2434.597940686945,2446.636472859771,-0.007957566037664288,39,0
2025-06-23,2429.8079323132583,2471.6884692280787,2413.645424106991,2458.4659160614588,0.004834981957029472,39,0
2025-06-24,2461.7163540824836,2518.5344462176995,2454.5767412070104,2509.739356452913,0.020855867903833314,39,0
2025-06-25,2512.119230483664,2536.560274328319,2494.118725089535,2524.121034832177,0.005730347393360313,39,0
2025-06-26,2524.077358989122,2537.3429986340884,2496.697770996711,2503.779599236238,-0.0080588194128699,39,0
2025-06-27,2506.2233134238904,2551.470927263145,2494.612318701575,2527.9464505937253,0.009652148042447184,39,0
2025-06-30,2532.1561696703975,2580.825156664865,2517.422559103028,2563.5092663698556,0.014067867524558464,39,0
2025-07-01,2565.3778671638324,2593.765873409134,2538.249736800491,2567.070743944767,0.0013892977184180033,39,0
2025-07-02,2567.752973966484,2599.5876608704343,2543.0675203661995,2575.52579782671,0.0032936583075815484,39,0
2025-07-03,2572.3257286019452,2599.1326241933884,2547.8045667282463,2576.166665914237,0.00024883000126330046,39,0
2025-07-04,2573.156740875826,2597.2990672539136,2547.2309186783073,2563.122896236343,-0.00506324759592558,39,0
2025-07-07,2569.5323027728214,2644.014134340744,2555.1621401162956,2625.9711878406756,0.024520202170804417,39,0
2025-07-08,2622.363345196948,2658.2857088137703,2589.543964557481,2635.2460813551934,0.003531986016245714,39,0
2025-07-09,2633.5139542262614,2698.3245715543417,2616.030582787449,2648.246814513302,0.004933403847971141,39,0
2025-07-10,2651.1542692355047,2678.392108122171,2616.509582622058,2638.5146673559734,-0.003674939625715079,39,0
2025-07-11,2634.119707849717,2649.996443830057,2600.17186510295,2624.3716499637508,-0.005360219356443929,39,0
2025-07-14,2640.00014528661,2698.184142238258,2627.990104140177,2670.0104529436503,0.017390373417777827,39,0
2025-07-15,2665.020754373884,2697.290035418606,2625.7043507772955,2656.0099245310957,-0.005243623071632175,39,0
2025-07-16,2657.6293808743435,2686.699846351502,2629.7717308784645,2655.2146994267755,-0.0002994059235152946,39,0
2025-07-17,2655.61686890072,2685.068369549394,2635.100862317056,2666.0432612223026,0.004078224558588417,39,0
2025-07-18,2670.2386820175634,2684.5630166831033,2634.23601896304,2654.3053130740045,-0.0044027598197775575,39,0
2025-07-21,2703.3795107350547,2785.106423852608,2682.0305219666443,2760.677431614066,0.04007531387445029,39,0
2025-07-22,2784.837793185648,2855.5107516970297,2734.968024728304,2829.3262715680403,0.02486666466999643,39,0
2025-07-23,2851.199807667866,2875.4925840986157,2745.08910641945,2756.414146078247,-0.025770136948321754,39,0
2025-07-24,2740.421446793458,2792.607318897861,2721.2734946147884,2766.5182054522857,0.0036656535769177268,39,0
2025-07-25,2761.0057100634804,2781.758031066776,2717.106193225457,2736.6305610738914,-0.010803342743051947,39,0
2025-07-28,2736.143058719716,2760.248042386535,2705.2034628811543,2735.3272053722635,-0.00047626293448843615,39,0
2025-07-29,2730.7268671212655,2748.888323161941,2690.1042652727233,2732.521397074874,-0.0010257669692601556,39,0
2025-07-30,2732.194665568707,2752.5364617972155,2689.283877186178,2714.7768350461934,-0.006493841932098454,39,0
2025-07-31,2710.7145483086288,2743.3953919512915,2667.6419600025715,2689.4811937798554,-0.009317760833887134,39,0
2025-08-01,2687.2599499633843,2736.2119032867945,2668.6230561897287,2706.3232817006533,0.006262206986146435,39,0
2025-08-04,2696.1635315464277,2746.0865192338692,2676.692359715717,2728.622652379744,0.008239729092925696,39,0
2025-08-05,2732.3673966819442,2766.8531570386895,2718.767973549232,2754.349673339503,0.009428574133298229,39,0
2025-08-06,2751.2753167299884,2790.423057238742,2734.256080630726,2775.145380782327,0.0075501333923262415,39,0
2025-08-07,2775.187698852343,2795.7368513456254,2739.781756142477,2762.2498114776777,-0.004646808557832616,39,0
2025-08-08,2759.531798231722,2811.2025338038197,2741.8356144230497,2791.1208892727122,0.010452015482115273,39,0
2025-08-11,2800.808531422013,2852.0081197803197,2779.532411082716,2824.770601942309,0.012055985392436686,39,0
2025-08-12,2835.982923587108,2876.868345235152,2796.2257391542375,2829.8136310717214,0.001785288025138998,39,0
2025-08-13,2827.831289849887,2869.880920024315,2808.3881564738517,2843.5513328175502,0.004854631271468568,39,0
2025-08-14,2846.2296602274464,2866.8884471945803,2781.152767753995,2796.867639172128,-0.016417390854402303,39,0
2025-08-15,2796.93110438579,2896.223976123784,2784.2304862870983,2870.8421090988536,0.026449042096472697,39,0
2025-08-18,2888.978326169548,2936.7570938237477,2857.194568846741,2904.2645829082094,0.011642045274251167,39,0
2025-08-19,2915.7271943009614,2971.0418847744277,2879.494688831785,2919.0716584558704,0.005098390702693578,39,0
2025-08-20,2905.884978596804,2944.354374278108,2875.1852918200057,2932.737258254325,0.004681488294015823,39,0
2025-08-21,2943.7120556334385,2985.6571383115715,2895.924061501011,2923.880940552914,-0.003019812864750948,39,0
2025-08-22,2917.829903455752,2952.7369483153125,2884.6403839991617,2926.863646555091,0.0010201188293297303,39,0
2025-08-25,2940.9706158977015,3003.5009619632997,2914.8618631435015,2963.6779555618814,0.012578074503101888,39,0
2025-08-26,2967.622499297228,3047.405986906955,2940.7445725129983,2996.1317031399703,0.010950497343067855,39,0
2025-08-27,2992.156855712331,3069.1590604323874,2925.606305396985,2945.390755560309,-0.016935486356118523,39,0
2025-08-28,2944.945596803694,3001.594484390714,2870.0667061498907,2966.9194854974326,0.0073092950049094,39,0
2025-08-29,2975.390403288285,3011.84799837554,2925.0828414227713,2954.8752271665585,-0.004059516407420971,39,0
2025-09-01,2963.489829041121,3001.3417217632277,2913.376024823696,2953.552219111173,-0.00044773736746039905,39,0
2025-09-02,2950.365864974512,2979.5478120790685,2839.5608360520164,2887.212697754412,-0.022460927193873825,39,0
2025-09-03,2890.8100406462377,2925.6771116414925,2828.0505625685855,2858.434134967961,-0.009967593592544954,39,0
2025-09-04,2862.5961351030287,2914.600354783412,2788.254755953465,2832.3774439585413,-0.00911572202789701,39,0
2025-09-05,2833.3167683026863,2934.9419996254733,2822.295529738887,2923.684415811049,0.03223686590474206,39,0
2025-09-08,2935.4992733668814,2986.992648243212,2892.5224537521945,2954.859306524595,0.0106628781632363,39,0
2025-09-09,2945.1961478841245,2976.943266664897,2895.201465401458,2921.8918573930923,-0.011157028376514444,39,0
2025-09-10,2921.4693045874105,2945.951130030561,2875.766389048367,2906.183260811982,-0.0053761731603321206,39,0
2025-09-11,2905.203331604797,2996.3639496773585,2876.3177034250516,2979.771423986754,0.02532123977419487,39,0
2025-09-12,2985.5198042150764,3020.9348579036823,2937.2976879007024,2964.474606672624,-0.005133553933363233,39,0
2025-09-15,2967.4293389039813,3004.123582141417,2926.6252278860115,2945.307498055212,-0.006465600539896421,39,0
2025-09-16,2946.5547879949445,2978.62893749959,2898.9321856410897,2955.161290150549,0.003345590265819043,39,0
2025-09-17,2955.454079208907,3025.781395562461,2933.644912050296,3004.5532758891,0.016713803711212893,39,0
2025-09-18,3001.6400013013663,3042.020569031326,2926.6167905473353,2961.791476980792,-0.01423233172513938,39,0
2025-09-19,2960.6499925711346,3014.689402391789,2930.0907513495476,2971.353844705391,0.003228575610038087,39,0
2025-09-22,2978.167176946661,3014.7814644613586,2926.2822487535573,2978.6652412230696,0.002460628016655253,39,0
2025-09-23,2981.914573157741,3046.6610629895636,2905.838647647085,2995.9300382846236,0.0057961521901215285,39,0
2025-09-24,2982.3247162371317,3047.3058377242014,2944.3326056956357,3027.651275052609,0.010588109990094408,39,0
2025-09-25,3032.708315257501,3088.3719003218202,3000.475441426996,3041.638719232396,0.004619899357314328,39,0
2025-09-26,3030.294761068963,3114.080848017794,2998.7677219609373,3033.786328318795,-0.0025816316921369875,39,0
2025-09-29,3041.704832058274,3100.2869404283015,2989.3057177401397,3065.1820501206744,0.010348692493211242,39,0
2025-09-30,3063.3715133005303,3130.9256745219855,3035.1880847879706,3087.286954744095,0.0072116123159962076,39,0
2025-10-09,3112.4979023448022,3198.5323094953424,3078.448964946888,3159.7279429582836,0.02346428734228012,39,0
2025-10-10,3153.320683829299,3305.113999834058,3117.8222703601487,3243.9182351058207,0.02664479147173493,39,0
2025-10-13,3128.7520205874125,3266.631894442177,3084.3615508840758,3219.591639884956,-0.007499139453516879,39,0
2025-10-14,3245.9897845672554,3356.7068733303536,3155.9195070569217,3208.9898406107727,-0.0032929018521622444,39,0
2025-10-15,3199.0579230383255,3364.4709346427844,3151.2216114571215,3345.165975413229,0.0424358260905362,39,0
2025-10-16,3383.3890649349764,3452.4770434949232,3274.5781969381105,3355.7452618401635,0.0031625594977024996,39,0
2025-10-17,3329.904430288512,3368.3108607095023,3132.2029767407557,3147.4789073433994,-0.062062623425283125,39,0
2025-10-20,3194.667876138194,3281.087556052854,3145.274912089217,3200.7969112408505,0.01693990824626468,39,0
2025-10-21,3200.951457371691,3320.5253742251357,3172.216161082785,3268.517954804452,0.021157557146400885,39,0
2025-10-22,3238.939195561286,3258.1111142846994,3157.812484850114,3186.6352556013276,-0.02505193495503477,39,0
2025-10-23,3169.927410743957,3208.0984267675335,3096.2363103113985,3179.369617063636,-0.0022800345677844724,39,0
2025-10-24,3187.178897095838,3257.275003015033,3164.815607221162,3227.1360666458304,0.015023874332142029,39,0
2025-10-27,3248.9603911459512,3336.1003234723544,3209.5690661696294,3295.2773885490483,0.021115106551438778,39,0
2025-10-28,3283.8606168063984,3341.3818565945694,3232.9393586646675,3282.521671713801,-0.0038709083731683913,39,0
2025-10-29,3285.0555240418967,3466.848358391783,3258.232798783369,3422.619063499373,0.04267980711074104,39,0
2025-10-30,3405.638078467969,3459.5937642693107,3328.2915739437303,3348.9221631053406,-0.021532311667394,39,0
2025-10-31,3350.3241144155886,3413.656106677217,3290.292600216997,3316.5950390425974,-0.0096529935568187,39,0
2025-11-03,3327.145536537518,3440.800479568873,3290.5579752003323,3397.017591991369,0.02424852959195989,39,0
2025-11-04,3419.2085165426524,3541.9208919728767,3366.4363327421647,3423.544250271481,0.007808808038748394,39,0
2025-11-05,3359.8759770017996,3684.9266315036984,3326.1969501658414,3636.71265498373,0.0622654153499973,39,0
2025-11-06,3682.6028267059683,3816.736468417013,3614.433553115764,3715.831411257734,0.021755569873132652,39,0
2025-11-07,3689.760926221237,3856.186645155213,3645.3923259608837,3733.237849444973,0.004684399333754197,39,0
2025-11-10,3754.8224820425253,3838.35289343312,3621.687210450025,3726.170721148893,-0.001893029209786623,39,0
2025-11-11,3742.6898982863186,3839.367850023234,3651.0343249719976,3698.384584729951,-0.0074570218324228055,39,0
2025-11-12,3665.78390037956,3716.044788689676,3540.8979549886553,3603.331317147989,-0.025701293471323106,39,0
2025-11-13,3581.2548511918767,3685.325739161789,3542.8437482328463,3634.0157163482354,0.0085155642097694,39,0
2025-11-14,3589.122788297277,3649.4739341802338,3521.423800700324,3551.3557368840484,-0.022746181061443216,39,0
2025-11-17,3543.7491314145104,3583.7854855883843,3464.631300298421,3514.8114662412654,-0.010290230928779565,39,0
2025-11-18,3510.4566804659903,3543.564514134631,3406.860477542898,3442.893389919824,-0.02046143214570495,39,0
2025-11-19,3440.328463601103,3473.466585540662,3353.1942570108226,3378.182982656873,-0.018795356095664073,39,0
2025-11-20,3405.922898626938,3443.026201065434,3321.716700325519,3343.535182456984,-0.010256342056592538,39,0
2025-11-21,3284.1627378982444,3316.867404726714,3145.236139470654,3158.4538033733197,-0.05535499672764266,39,0
2025-11-24,3184.4107461689805,3229.850278526037,3132.81151603757,3193.224782750555,0.0110088611522825,39,0
2025-11-25,3214.575701663771,3304.0984526022876,3196.1137597143043,3250.5266390126476,0.017944823856945735,39,0
2025-11-26,3248.1445821698644,3280.972754466988,3193.0871812968576,3214.596782095227,-0.011053549442171073,39,0
2025-11-27,3216.4953223073676,3288.2523520623968,3189.570742078991,3211.5859884381007,-0.0009366007189132164,39,0
2025-11-28,3206.5649377521427,3305.8165759806125,3185.755554919063,3288.1327294478815,0.023834560645535907,39,0
2025-12-01,3287.299457860451,3331.7220718266367,3248.412620269415,3288.5379168767745,0.00012322721198687603,39,0
2025-12-02,3280.6542425582415,3290.896050550334,3222.045616689853,3251.812199503003,-0.011167795020788795,39,0
2025-12-03,3254.9311777915564,3286.397343282318,3209.1068143956877,3233.337740918497,-0.005681280913863773,39,0
2025-12-04,3227.4296870202484,3259.6378668759016,3185.6841843229618,3224.097982931686,-0.0028576532138538946,39,0
2025-12-05,3223.7366529221104,3347.188964539354,3207.3557795458883,3328.6481241163788,0.03242771830700519,39,0
2025-12-08,3337.209940974864,3376.2616830959946,3300.204773372875,3336.6782096339844,0.002412416458029032,39,0
2025-12-09,3323.339607003916,3383.9774054184372,3292.2188422221207,3328.3842146667744,-0.002485704178264103,39,0
2025-12-10,3322.093891940669,3349.2993665255517,3252.4137402293636,3311.514477691135,-0.005068446395491644,39,0
2025-12-11,3322.168636092545,3396.2738210906373,3271.4068988808795,3292.844314075248,-0.005637953190802625,39,0
2025-12-12,3291.6803445910086,3460.0770346327754,3283.1275630409123,3413.1874674747614,0.03654687009802049,39,0
2025-12-15,3414.5452935630447,3482.018095537566,3375.6314957238837,3411.070992401793,-0.0006200875554410734,39,0
2025-12-16,3395.0719646992525,3413.0054592121674,3286.508832835276,3319.742674115235,-0.026774088985539457,39,0
2025-12-17,3313.1425253075954,3400.8285446632985,3241.63659231858,3357.626097977155,0.011411554322359185,39,0
2025-12-18,3321.3805854652574,3352.668907465985,3271.577672840685,3297.272120825238,-0.01797519300564121,39,0
2025-12-19,3314.264267529047,3398.105068458988,3299.126327618802,3341.4344683775607,0.013393601114508602,39,0
2025-12-22,3347.395956029305,3422.6188728948914,3328.2496851691944,3383.8923715065403,0.012706489841650237,39,0
2025-12-23,3377.949294468998,3431.577166557657,3335.008774715963,3398.113644089147,0.004202637383610153,39,0
2025-12-24,3391.501064085776,3474.818057635423,3349.096236785647,3445.3934668685165,0.013913549613506992,39,0
2025-12-25,3438.602793013441,3508.343892822866,3412.7063302396195,3477.6901656401274,0.009373878218026821,39,0
2025-12-26,3472.059658891171,3530.047706467976,3422.8693010284787,3479.968763492818,0.0006552043868668367,39,0
2025-12-29,3472.2471480816193,3511.188333104525,3408.030535297568,3441.4165043883395,-0.011078334814070057,39,0
2025-12-30,3422.6470998628756,3462.697958322134,3384.6488611657605,3410.4241103082395,-0.009005708562325965,39,0
2025-12-31,3421.2316015557653,3445.943817388435,3353.8610975675483,3384.132369422863,-0.007709229126637851,39,0
2026-01-05,3402.61129883322,3505.0527120489855,3385.1458373142823,3455.577459908487,0.021111789577488826,39,0
2026-01-06,3458.6223167947314,3525.162798989929,3432.812065583791,3497.415346823355,0.01210735033442889,39,0
2026-01-07,3502.817138917278,3623.413985690921,3481.95418614391,3575.153203873105,0.022227230494759054,39,0
2026-01-08,3580.9303420170527,3650.7703719320666,3537.4153010319437,3592.030399741159,0.004720691647499109,39,0
2026-01-09,3589.113093598685,3701.150883464819,3567.0595492744537,3655.622887577726,0.017703772173295107,39,0
2026-01-12,3676.4792406157376,3743.050162675733,3607.64904177918,3696.5326415048567,0.011190911969105821,39,0
2026-01-13,3691.110081500967,3929.198868070864,3597.7437829781775,3822.4606722512463,0.034066527462104146,39,0
2026-01-14,3836.078826340255,3953.0023945122302,3718.241678081866,3798.491407219413,-0.00627063744719103,39,0
2026-01-15,3760.659570906223,3927.3881309218227,3712.081119693068,3862.4848763081704,0.01684707485901682,39,0
2026-01-16,4085.10635882285,4178.9795448518935,3901.231188561507,3953.902124460236,0.02366798863415709,39,0
2026-01-19,3949.2632162254504,4280.629006246694,3933.430859416451,4248.626657498355,0.07454016911922268,39,0
2026-01-20,4285.525936886449,4443.427069000897,4165.347310884698,4272.523828372162,0.005624681291219291,39,0
2026-01-21,4215.910241675917,4338.622426653602,4116.511265926618,4197.182635162941,-0.017633884850193016,39,0
2026-01-22,4192.535770374243,4278.784132441238,4088.210106752989,4138.083924914245,-0.014080566748175705,39,0
2026-01-23,4138.490980143942,4299.144537971792,4100.927048650245,4210.745017072724,0.01755911515496522,39,0
2026-01-26,4207.710079564237,4331.033927636917,4125.402276674525,4176.193881643195,-0.00820546845972392,39,0
2026-01-27,4147.322450696161,4207.671224724156,4009.632866773161,4134.28246836151,-0.010035792032048518,39,0
2026-01-28,4132.8622316676465,4223.850090837513,4076.2033754048016,4145.201545509185,0.0026411057375095304,39,0
2026-01-29,4124.184357731181,4178.608860666771,4002.0817927217026,4038.566504027715,-0.025724935280166505,39,0
2026-01-30,4003.0121982070686,4056.735509170066,3860.639124276313,3986.0214373749855,-0.013010821191213662,39,0
2026-02-02,4085.999674497668,4249.725518350501,4028.9048904356846,4113.465974372262,0.03197286793349674,39,0
2026-02-03,4116.564215275598,4286.099225055874,4069.5663394474227,4261.98747070152,0.036106168679789,39,0
2026-02-04,4238.869131663144,4353.059512365964,4180.7242124306495,4274.674417619825,0.0029767677651610924,39,0
2026-02-05,4240.918506214468,4268.319036635907,4027.000895918522,4055.886420881641,-0.05118237679958959,39,0
2026-02-06,4012.1853916174746,4184.932493082503,3975.850957976364,4090.6856923626424,0.008579942303571064,39,0
2026-02-09,4155.949000321621,4227.36952681924,4090.6050265327535,4186.465799764968,0.023414193757576696,39,0
2026-02-10,4176.053840154896,4253.711383938106,4115.936283021329,4184.4377363282765,-0.000484433298560627,39,0
2026-02-11,4182.96415741513,4272.657087909358,4136.584398127556,4173.486583039748,-0.0026171146468383366,39,0
2026-02-12,4213.700327055822,4425.96092135331,4153.974205374235,4349.187779976641,0.042099379844878104,39,0
2026-02-13,4311.367770975995,4363.596030899804,4209.698731278577,4246.938729765457,-0.023509918491432358,39,0
2026-02-24,4303.062149505485,4497.7390133625995,4266.019251309403,4438.006967832265,0.04498963847245352,39,0
2026-02-25,4440.484459424666,4542.898459265291,4386.850699265905,4484.340258306581,0.010440112151727243,39,0
2026-02-26,4470.04724756234,4661.212745038666,4422.96401406941,4608.387005097004,0.02766220662239971,39,0
2026-02-27,4570.554257575616,4659.385768526873,4487.367589059032,4574.987158964933,-0.007247621802407012,39,0
2026-03-02,4491.9684617995745,4700.380613343589,4452.554619137267,4580.274089959098,0.0011556165756236858,39,0
2026-03-03,4577.484383028499,4634.644359075453,4347.280898900347,4369.594646754858,-0.04599712573229886,39,0
2026-03-04,4307.61841939617,4665.958186768739,4290.679432159611,4568.96767991396,0.04562735202615831,39,0
2026-03-05,4653.588737856642,4873.06987473233,4617.879518722748,4761.228509166482,0.04207970874859468,39,0
2026-03-06,4760.207118960157,5017.745884964073,4707.292679270875,4886.591239856235,0.026329912636707142,39,0
2026-03-09,4794.924024753209,5052.688482448337,4725.943901618988,4979.744718011701,0.01906307967723664,39,0
2026-03-10,4974.422744894057,5114.76141084503,4870.195291085878,4980.116625728279,7.468409278765797e-05,39,0
2026-03-11,4971.678406051022,5075.6815493625,4828.214311819823,4941.6801720703725,-0.007717982639068421,39,0
2026-03-12,4919.266150997517,4982.502940812527,4761.765387059466,4841.725303234623,-0.02022689962832458,39,0
2026-03-13,4813.672820667168,4871.427596916645,4630.107734120354,4669.931647296559,-0.03548190886073055,39,0
2026-03-16,4664.388226957457,4713.492357773124,4485.099512100825,4577.19158840744,-0.019858975653917255,39,0
2026-03-17,4587.927784672948,4645.310709740763,4409.172061034913,4428.620643719299,-0.03245897442100154,39,0
2026-03-18,4445.254591423951,4564.119649102447,4386.108922400118,4520.770729540303,0.02080785265536189,39,0
2026-03-19,4438.238060327296,4483.123155769618,4323.32167473564,4356.785462103144,-0.0362737411932047,39,0
2026-03-20,4378.165055028083,4445.9500632898935,4247.783361240381,4261.9304938003725,-0.021771778557345356,39,0
2026-03-23,4180.702958252805,4327.4201400209195,4076.640387556523,4132.239718442955,-0.030430054067299706,39,0
2026-03-24,4221.623109549689,4288.704662989874,4081.47701422154,4247.843839585257,0.027976141032268753,39,0
2026-03-25,4277.806465014033,4407.8581555980545,4250.9533411070815,4323.128655346651,0.017723065772762503,39,0
2026-03-26,4308.399605096338,4342.0011775153735,4178.161420290483,4208.786379592516,-0.02644896436582378,39,0
2026-03-27,4152.048646000661,4323.408822519056,4127.1555379575875,4273.363291358742,0.015343356954238718,39,0
2026-03-30,4202.633334745716,4256.072803099313,4082.650017799581,4194.144442431676,-0.018537822208389287,39,0
2026-03-31,4179.225152164551,4238.835537669509,4054.2003573213724,4071.747466492646,-0.029182823247753342,39,0
2026-04-01,4157.2541568653505,4205.701271164155,4099.198890106773,4156.590824578483,0.020837087462823645,39,0
2026-04-02,4148.46303050273,4207.434832637684,4008.5603724459575,4042.359350633441,-0.027482010803078327,39,0
2026-04-03,4058.510475229893,4101.118057381483,3932.5461577748038,3963.515451293459,-0.019504426128673313,39,0
2026-04-07,3972.173894748746,4025.8449731320075,3904.2599369673435,3945.06925393921,-0.004653999102798956,39,0
2026-04-08,4052.8039885575886,4202.832435312497,4031.16127954541,4187.908406019471,0.06155510498016792,39,0
2026-04-09,4142.171639473454,4221.208967010665,4092.4827677574767,4162.4183989881385,-0.006086572236081889,39,0
2026-04-10,4197.375540520736,4283.77665096304,4158.505470068402,4208.800866699614,0.011143153634615599,39,0
2026-04-13,4152.85357703996,4200.341962546209,4072.6417103059375,4133.277742289238,-0.017944095432958385,39,0
2026-04-14,4175.84548823897,4240.701281767138,4108.9917710651125,4191.068401561711,0.013981799161762787,39,0
2026-04-15,4219.871286914631,4393.943692133121,4184.362271015276,4298.873260911693,0.02572252443071843,39,0
2026-04-16,4295.916097406261,4349.527751324221,4188.903342525988,4321.418014793599,0.005244340205815767,39,0
2026-04-17,4311.072166796693,4387.278925485079,4249.020533909846,4324.340703432071,0.0006763262957822924,39,0
2026-04-20,4319.235547432355,4426.934391249305,4261.167706976889,4398.220028481846,0.017084529207224586,39,0
2026-04-21,4389.720107741894,4413.133798104239,4266.107334296214,4336.798657292766,-0.013965051950864282,39,0
2026-04-22,4313.5409390734685,4436.496973545015,4284.299248226125,4398.727539319402,0.014279861003576144,39,0
2026-04-23,4426.364015601406,4504.352779613342,4284.374175470351,4364.435446003466,-0.007795912115357462,39,0
2026-04-24,4334.212553547451,4408.311441470265,4240.371036248931,4286.470377951554,-0.017863723502498985,39,0
2026-04-27,4264.092353494116,4333.303542600222,4182.949631793003,4265.433974089287,-0.004907628423252985,39,0
2026-04-28,4249.016355961864,4318.805289935073,4147.99178083929,4210.386260786378,-0.012905536373860382,39,0
2026-04-29,4196.8408648580735,4318.033386902766,4154.642631086679,4276.589169100135,0.015723713743401868,39,0
2026-04-30,4280.672759305867,4339.405527346103,4179.64073656216,4241.089221049566,-0.008300995640888154,39,0
2026-05-06,4287.419315801769,4422.580909782079,4260.092694277175,4373.935085043423,0.031323524941307745,39,0
2026-05-07,4395.8349486232855,4486.269108782459,4342.64682956375,4440.444365347589,0.015205822448438377,39,0
2026-05-08,4419.4730795862,4466.561634976327,4324.475087360722,4407.527980103478,-0.007412858384396093,39,0
2026-05-11,4432.648529575698,4546.803152416084,4379.682870412163,4451.029152527329,0.00986974390638573,39,0
2026-05-12,4451.21501115338,4593.68444634525,4382.410453112566,4502.747413865887,0.011619393979747983,39,0
2026-05-13,4498.149621872258,4736.6580501421995,4454.882251754745,4646.975429981651,0.03203111408639625,39,0
2026-05-14,4657.559948325075,4699.052454547192,4435.567686505254,4448.954115614297,-0.04261294628109036,39,0
2026-05-15,4453.182516926923,4524.318092830109,4282.793951354988,4354.611943652608,-0.021205472007584936,39,0
2026-05-18,4326.455095022965,4495.030302914724,4292.95890689537,4428.835851513478,0.017044896036961577,39,0
2026-05-19,4424.789434358654,4613.544503605097,4356.838632904484,4569.883082958778,0.03184747328061377,39,0
2026-05-20,4552.932048550988,4652.894119237267,4438.88166119164,4557.425709654894,-0.0027259719948500294,39,0
2026-05-21,4558.892171519176,4615.102196390967,4310.279794646928,4333.592870698891,-0.049113875511303084,39,0
2026-05-22,4353.228080159495,4478.813734453027,4293.288442911618,4425.346937388107,0.0211727472854224,39,0
2026-05-25,4479.617793585164,4645.522416156711,4418.8352429054885,4529.776634164433,0.02359808129257357,39,0
2026-05-26,4496.260328772254,4545.446117201494,4331.767167265155,4415.883229552548,-0.025143271690899582,39,0
2026-05-27,4402.928706664834,4600.186858800196,4340.9888732724485,4459.575864184354,0.009894427085254787,39,0
2026-05-28,4465.016991285524,4573.616622099015,4379.734179108847,4521.0427880457055,0.013783132237978668,39,0
2026-05-29,4523.9042524922415,4601.977688939807,4320.286659769407,4382.714672299487,-0.030596506653725708,39,0
2026-06-01,4388.700259315199,4535.738672581981,4308.321741182498,4423.116652948632,0.009218482988295307,39,0
2026-06-02,4402.011416131469,4441.015154622388,4179.129614004762,4288.4307268939365,-0.030450457589651814,39,0
2026-06-03,4263.255447854028,4338.584843432744,4154.759610733715,4219.7096468855325,-0.01602476159342736,39,0
2026-06-04,4176.583545267146,4250.851674664206,4067.175452717429,4126.225420217024,-0.02215418464573904,39,0
2026-06-05,4109.526489145584,4181.880210402188,3961.8569529940237,4055.8053242447213,-0.017066468454987938,39,0
2026-06-08,3921.1888233270333,4024.152549976664,3788.792149285604,3848.3617448196255,-0.05114732163919278,39,0
2026-06-09,3901.637916123289,3966.461131564307,3808.1291486854516,3913.68029372614,0.016973079257541546,39,0
2026-06-10,3864.4460808985077,3897.420774963506,3716.201298195425,3768.8891094624255,-0.03699617071323469,39,0
2026-06-11,3744.0596999717204,3809.5311103174895,3656.511479896982,3725.38546735399,-0.011542828893323587,39,0
2026-06-12,3779.229916816437,3855.909149736462,3702.6088587656036,3762.2254594691526,0.009888907453469153,39,0
2026-06-15,3815.173332335412,3950.595959277799,3789.5239688395886,3918.9590245838976,0.04165980130729863,39,0
2026-06-16,3930.847443251792,4094.4788943486606,3875.928512257696,4030.594360460464,0.02848596659885194,39,0
2026-06-17,4018.8106783623025,4087.7190676404566,3929.5739955118943,3988.343023803607,-0.01048265662040726,39,0
2026-06-18,3983.532729014972,4067.628110129585,3912.4871251185778,3972.6961440433734,-0.00392315296524115,39,0
2026-06-22,3985.2268327832253,4158.206528714388,3891.7563922769855,4110.13458216535,0.03459575893516309,39,0
2026-06-23,4095.208610757808,4141.373605239095,3931.949231719211,3970.65161191808,-0.033936351099672746,39,0
2026-06-24,3956.008864441403,4031.893385918258,3841.9638620659457,3959.516582978567,-0.002804332897424322,39,0
2026-06-25,3956.6054338006966,4028.8200666625207,3842.277264404339,3911.4332105836675,-0.01214374820441555,39,0
2026-06-26,3921.780863534203,3975.4550203936583,3718.5254425301205,3747.9279482084185,-0.04180188017344422,39,0
2026-06-29,3740.7096525215393,3825.7793235380623,3623.4290403509667,3736.2297708465567,-0.0031212385946357557,39,0
2026-06-30,3725.6473397220548,3833.565160531821,3673.6254465327265,3788.5023711088984,0.013990734903463364,39,0
2026-07-01,3789.362770596766,3851.992975912991,3654.3693602716608,3748.316112237391,-0.010607426084240479,39,0
2026-07-02,3711.0965383723283,3828.836599275014,3637.6449128271965,3679.806291506802,-0.01827749279387625,39,0
2026-07-03,3680.4367614855496,3818.6921603114924,3651.1610044963872,3750.9924172347205,0.019345074193774847,39,0
2026-07-06,3774.0412429842063,3894.2264370420453,3687.661858734751,3737.0440879833645,-0.003718570367475915,39,0
2026-07-07,3740.2333138701815,3790.487675662347,3586.9473115199094,3606.017280298243,-0.03506161677525943,39,0
2026-07-08,3610.669011571568,3645.872277805117,3477.6759759850183,3505.761552012376,-0.027802342721323647,39,0
2026-07-09,3509.863651858486,3559.957407174776,3372.762788541465,3518.9834264948536,0.0037714699891349124,39,0
2026-07-10,3526.0793493724614,3639.0007559029614,3466.21085751362,3525.0883642432846,0.001734858340754375,39,0
2026-07-13,3502.8266119222853,3556.0926501149183,3342.162494467447,3370.7159308625055,-0.04379250033748239,39,0
2026-07-14,3356.5621838109446,3422.854623309541,3261.289690358968,3397.659108275755,0.007993310016592092,39,0
2026-07-15,3385.493441229914,3448.8238083271967,3291.912101133845,3338.4267725514774,-0.01743327798248029,39,0
2026-07-16,3319.2785264310533,3386.7816027775493,3238.269801029074,3275.7800679621705,-0.01876533734523922,39,0
2026-07-17,3269.9354678428476,3345.515969549427,3159.627708072699,3197.074031103363,-0.0240266547893645,39,0
2026-07-20,3219.681441760372,3323.5979900338243,3107.9512453475418,3208.790601851597,0.0036647793057800193,39,0
2026-07-21,3210.803088981164,3295.1255522943216,3085.730043602238,3275.7517979881113,0.020868047948618074,39,0
2026-07-22,3256.984343810133,3311.6689806017303,3184.4143488218083,3228.0773414245205,-0.014553745064833978,39,0
2026-07-23,3228.120521798847,3453.0078182834277,3209.5175435264355,3437.0080223408045,0.06472294769247533,39,0
2026-07-24,3400.263304000149,3451.156393168435,3287.350376607308,3316.4109786123477,-0.035087798150183924,39,0
2026-07-27,3304.533838362887,3463.5221786345587,3279.511499809537,3435.450315774764,0.03589402457358437,39,0
2026-07-28,3391.4275803332052,3435.6269391548603,3308.619215352136,3349.6448866096466,-0.024976472158866447,39,0
2026-07-29,3346.4096406791973,3474.33593840945,3298.5552085757145,3442.7358595506885,0.027791296120128095,39,0
2026-07-30,3421.1363424966657,3488.1320837877365,3344.933863758593,3390.7225745671403,-0.015108125370482561,39,0
2026-07-31,3428.10291180136,3508.819100742023,3389.304566037312,3436.6572847901352,0.013547174448165888,39,0
2026-08-03,3456.909571379713,3580.3785339575074,3430.4296255679915,3534.3536708522765,0.02842773601386539,39,0
2026-08-04,3559.442486043056,3643.642725717177,3495.797934647147,3599.8508376014706,0.018531582532146595,39,0
2026-08-05,3579.196608226412,3656.416291070232,3541.2913986735175,3622.243091150388,0.006220328163329292,39,0
2026-08-06,3599.3876375736295,3631.3356430790577,3515.044644603352,3568.6729156326533,-0.014789227053428222,39,0
2026-08-07,3560.2093409609056,3589.8508853056283,3493.2965168915957,3562.378549705546,-0.0017637833659495117,39,0
2026-08-10,3590.629189322144,3656.9520528066787,3536.6319953002044,3601.5609183031634,0.010998934574445007,39,0
2026-08-11,3588.1493752349156,3627.9375347131536,3521.234405002968,3557.808390306298,-0.01214821267481958,39,0
2026-08-12,3555.9103666739397,3627.404306111033,3529.719031380241,3593.4755137244806,0.010025026506588208,39,0
2026-08-13,3603.2256179683495,3710.624771372561,3547.733523021162,3603.562524371281,0.002807034751809434,39,0
2026-08-14,3607.64695673505,3638.479180950158,3518.0278706899758,3565.845090408009,-0.010466707239900841,39,0
2026-08-17,3564.864869232911,3677.6320035641343,3510.0731575485333,3654.138145605135,0.024760765809662022,39,0
2026-08-18,3656.1164219719763,3716.9792720945916,3564.9244218522654,3613.2278349679,-0.011195611388266191,39,0
2026-08-19,3563.669248828631,3587.196513346626,3426.460356514984,3445.45435941561,-0.046433129383268046,39,0
2026-08-20,3481.0162637453564,3532.979411967933,3408.460723035699,3445.9599512774766,0.0001467417092566592,39,0
2026-08-21,3433.6431205064023,3523.2675156087325,3393.4823809157997,3483.364016421735,0.010854468906521086,39,0
2026-08-24,3479.171556386355,3521.1895328401906,3376.7046372385385,3435.132180285452,-0.013846338168765127,39,0
2026-08-25,3413.5481548733787,3486.0376433477795,3368.985538983547,3455.569205571838,0.005949414524330843,39,0
2026-08-26,3456.721462644857,3515.7114761734474,3414.984653250315,3465.245283695584,0.002800140164504139,39,0
2026-08-27,3447.7701399692432,3477.6974024400706,3359.034983062851,3434.7714651462543,-0.008794130300880165,39,0
2026-08-28,3411.4190413242295,3466.4758363247065,3381.2290590606576,3416.7601915579376,-0.0052438055256610605,39,0
2026-08-31,3396.6195594114884,3445.5431311149787,3349.4909005571303,3422.829827271017,0.0017764301188232245,39,0
2026-09-01,3417.477506809382,3462.619616364193,3380.817392687738,3410.7025759490534,-0.0035430482769961413,39,0
2026-09-02,3387.5991240003636,3425.4492374455936,3327.9930600888088,3377.397145268024,-0.009764976552305238,39,0
2026-09-03,3398.6276794471664,3463.899652953853,3352.637659163229,3406.508929721615,0.008619591715584463,39,0
2026-09-04,3421.3966976836705,3527.0068000023925,3388.324221960695,3432.6559278097525,0.0076755994560901986,39,0
2026-09-07,3446.6755269969494,3483.312243584697,3392.182352507279,3440.000443969563,0.002139601612940245,39,0
2026-09-08,3441.9539289953705,3468.2156105289037,3381.0211502859975,3413.45439353044,-0.007716874131705298,39,0
2026-09-09,3413.7886525531794,3462.6186188744623,3380.427321107459,3428.819316069086,0.004501282503661885,39,0
2026-09-10,3410.7566459746236,3428.130380016557,3333.1273978887766,3364.7460931370165,-0.018686672299059848,39,0
2026-09-11,3339.8960515649364,3359.6432558328875,3251.4552517579814,3306.3137784210626,-0.017366039843284664,39,0
2026-09-14,3289.9160961804996,3366.9636302524214,3265.496900115129,3311.4622601598367,0.0015571667070366502,39,0
2026-09-15,3301.6452609972343,3340.7695811543663,3261.9228737755743,3282.059835755889,-0.008878985201700162,39,0
2026-09-16,3278.2035202356956,3334.857897160197,3238.9722636491306,3305.8603371524364,0.007251696369839689,39,0
2026-09-17,3293.7160044055427,3343.2708870415313,3253.0958978119443,3296.213421598825,-0.002918125561807816,39,0
2026-09-18,3322.2921344725155,3387.376455531581,3296.7936963444254,3358.3537494394745,0.018852034104790638,39,0
2026-09-21,3372.0223911890207,3416.9096635584156,3332.418892970363,3384.1508186151377,0.007681462734522526,39,0
2026-09-22,3396.4652132326023,3429.8652931239767,3342.998199187907,3362.8813664244326,-0.006285018999067193,39,0
2026-09-23,3362.7683900687716,3387.246276482116,3301.7755634758887,3333.1762019497805,-0.008833247812793488,39,0
2026-09-24,3324.3671082797127,3358.509027451538,3267.8188715697884,3283.853698257257,-0.01479744865083088,39,0
2026-09-28,3279.7886798120667,3301.2919401982153,3168.9592921639396,3208.8295587322796,-0.022846370885765244,39,0
2026-09-29,3203.0102327552204,3267.7727592980737,3174.2569488931576,3237.0214416686854,0.008785721528800527,39,0
2026-09-30,3253.0515838218957,3314.818187457378,3219.7573070242215,3260.31268181994,0.007195269036972318,39,0
