date,open,high,low,close,ret,n_members,n_missing
2015-01-05,1044.4090768816704,1044.4090768816704,1044.4090768816704,1044.4090768816704,0.044409076881670506,15,9
2015-01-06,1045.6523876191175,1069.5591007901126,1018.3641639989894,1048.1077496665332,0.0035414023745425904,15,9
2015-01-07,1046.0262953079941,1079.0125345247388,1027.5250147500424,1052.4098286125193,0.004104615147970003,15,9
2015-01-08,1049.6536062536654,1059.4678184371485,1023.9001781736904,1032.0445889443722,-0.019351054232357723,15,9
2015-01-09,1029.7570983942367,1059.6950946608217,1018.8181287995694,1026.3763367659785,-0.005492255120673861,15,9
2015-01-12,1019.661266470902,1038.7121697564935,992.3542183619711,1009.3848388751871,-0.016554841808152032,16,8
2015-01-13,1007.8698412366746,1035.1016167422204,998.8668055846517,1023.2741308837753,0.013760155169425525,16,8
2015-01-14,1024.5958766631557,1033.1299088718167,992.1197213266012,1002.8476842250244,-0.019961851904835237,16,8
2015-01-15,1004.0604903427155,1022.1924989049447,991.9085250484536,1015.4088060482478,0.012525453287485222,16,8
2015-01-16,1024.320263603593,1043.3798116376024,1014.4789914934995,1028.3763335833837,0.012770745593198907,16,8
2015-01-19,1003.9265548194298,1029.5835111025306,955.3458483810814,975.0519990378407,-0.051852938271862103,15,9
2015-01-20,980.2516786953489,1019.3852262080858,977.4414294940727,1010.2326547625997,0.03608079954656218,15,9
2015-01-21,1016.7926496824226,1059.7686683873417,1009.0195219873608,1047.4727075213536,0.036862847961992795,15,9
2015-01-22,1048.7105536700928,1087.7557434204107,1043.4444360362347,1070.6296211108006,0.02210741475474176,15,9
2015-01-23,1076.1972368202744,1089.735720650293,1047.887361812455,1060.8608645460258,-0.009124310006143443,14,10
2015-01-26,1062.993800532004,1120.2599964854198,1058.2303005273334,1104.7618652062379,0.04138243018230159,14,10
2015-01-27,1104.4303678572535,1112.1675273867697,1071.462173903137,1095.071938917703,-0.008771054282115442,14,10
2015-01-28,1092.1393504659925,1109.631955466972,1075.4047817257115,1083.6442669255816,-0.01043554453912443,14,10
2015-01-29,1085.5411695620137,1102.1265594743945,1068.8286237574162,1081.6866362595347,-0.001806525190781505,14,10
2015-01-30,1083.360812017192,1112.126349212074,1070.5853127417554,1077.6890115278388,-0.0036957327544692165,15,9
2015-02-02,1067.1562200161502,1099.1318976578084,1049.3347242014906,1077.447034584257,-0.00022453318257265042,15,9
2015-02-03,1080.9494315620236,1105.682001513861,1068.0095018506809,1087.7922908098844,0.009601637847209243,15,9
2015-02-04,1094.0863666498574,1109.0825055621524,1073.8478800744458,1081.9122576972827,-0.005405474153732159,15,9
2015-02-05,1093.3097991714883,1102.142532435327,1061.4938560192593,1068.3098838635917,-0.012572529553035783,15,9
2015-02-06,1067.222092570276,1079.2695227761235,1035.141615759474,1047.1792089501464,-0.019779537035663597,15,9
2015-02-09,1046.96528717359,1074.0496801708457,1030.1859192835323,1055.1171160243682,0.007580275664735625,15,9
2015-02-10,1059.3438275258059,1077.6927314833115,1044.8755709928444,1066.7569376481397,0.011031781635416626,15,9
2015-02-11,1069.7714711360973,1097.1618902489863,1062.579374817606,1079.592770432883,0.012032574930370243,15,9
2015-02-12,1078.9192260905147,1094.1969821811044,1062.4279393922898,1084.1404860349649,0.004212436139469755,15,9
2015-02-13,1087.4952062321024,1122.139823763401,1083.3797938783202,1106.6399014761919,0.020753228692265147,15,9
2015-02-16,1108.3362000952848,1145.579904779541,1096.7348579115915,1135.2476846188592,0.025851031672097013,15,9
2015-02-17,1137.3382249849947,1151.7137951143973,1113.5544169397467,1127.553904523525,-0.006777181930934684,15,9
2015-02-25,1127.0314893541722,1144.0692653255826,1101.0793097367348,1118.3835296693924,-0.008132981330065792,14,10
2015-02-26,1119.4157600429455,1147.4411823780265,1109.492604410068,1141.2035237649216,0.020404443994516797,14,10
2015-02-27,1139.699687479472,1159.8853920168365,1127.907282395244,1142.6959378225768,0.0013077545122990308,14,10
2015-03-02,1152.0376116492246,1169.3939719687055,1137.2059759522965,1156.820263189214,0.0123605282027619,14,10
2015-03-03,1152.4657190374965,1167.636691185917,1124.0220604384733,1139.176239900701,-0.015252173436062555,14,10
2015-03-04,1141.4763109201772,1155.8515949913403,1127.9576722324898,1142.6332282425417,0.0030346387334607705,14,10
2015-03-05,1141.2408801192673,1158.8720047505672,1120.975382458226,1142.5331527628557,-8.758320448976065e-05,14,10
2015-03-06,1144.3008809481967,1167.2531676343438,1125.320250011987,1141.4317428759005,-0.0009640069386974703,14,10
2015-03-09,1138.7810158124494,1160.2071131907899,1120.9632246928522,1151.9619403369238,0.009225428963883564,14,10
2015-03-10,1152.0502283946043,1167.0277179078375,1138.5193529412552,1148.8155740311101,-0.0027313109883591036,14,10
2015-03-11,1146.2175232960037,1160.2551165026055,1124.6707495698324,1138.0139242323223,-0.009402422845718794,14,10
2015-03-12,1141.3941367741377,1153.931832520058,1119.601876918826,1134.536832608705,-0.0030554034090249926,14,10
2015-03-13,1135.2907339663338,1163.8345808553297,1129.6904787270284,1155.1219064258742,0.018144033076331834,14,10
2015-03-16,1157.8237154632245,1182.1280079492772,1147.5229510330846,1173.9500530855125,0.01629970529941338,14,10
2015-03-17,1177.6913557951693,1208.3758853793513,1163.9834480426794,1188.1650009135064,0.012108647885515023,14,10
2015-03-18,1190.3867490610241,1222.56411016494,1179.3902314020254,1215.342296814411,0.02287333483144982,14,10
2015-03-19,1213.6162895156958,1247.5596235356422,1199.027486808757,1226.9912533971576,0.009584918268112919,13,11
2015-03-20,1226.7823371024376,1253.0126081539306,1214.82539984571,1234.531302644809,0.006145153216679633,14,10
2015-03-23,1240.4408229565004,1275.2965260120613,1229.6780072874888,1257.5026412532734,0.018607335884680776,14,10
2015-03-24,1257.8490640669768,1279.308440460965,1204.941238912006,1249.5141638648947,-0.006352652572098938,14,10
2015-03-25,1245.0890126051352,1270.0436114188913,1219.4211376894186,1250.0119560651858,0.00039838860149554733,14,10
2015-03-26,1245.930413071862,1284.708937513238,1222.218072260642,1256.090898003764,0.0048631070359628215,14,10
2015-03-27,1257.7711499122975,1281.2960161127833,1243.9078388406494,1265.30755058288,0.0073375681598866205,14,10
2015-03-30,1262.2651658160516,1288.6587104924195,1244.6176131752995,1270.0411383726264,0.003741057095222322,14,10
2015-03-31,1271.3404878929628,1319.9864534253984,1259.2778456102576,1292.0700707264164,0.01734505417833687,14,10
2015-04-01,1290.521429260125,1332.072256792684,1283.529710653487,1316.808632655086,0.019146455358076242,14,10
2015-04-02,1320.4905801716131,1361.3022622611688,1307.3783159650588,1343.5582579556167,0.020313980814809174,14,10
2015-04-03,1340.6646710939594,1365.5790535442202,1318.9221091619565,1349.966242788679,0.004769413454994265,14,10
2015-04-07,1364.4496538549738,1392.2138260972004,1346.322385591505,1380.057882944863,0.02229066120499601,13,11
2015-04-08,1380.4799605012909,1412.4604339014786,1324.2630160714823,1350.9285120889547,-0.021107354420344948,13,11
2015-04-09,1354.7580394807055,1370.4953374884753,1279.0965766344864,1319.5726467878465,-0.023210602944949588,14,10
2015-04-10,1315.5828144875345,1380.5138346834697,1302.83301023243,1369.2851644616771,0.03767319502631605,14,10
2015-04-13,1378.3853533686802,1408.8815696997567,1354.389068464087,1381.6271396758139,0.009013444046908292,14,10
2015-04-14,1383.2985924184622,1405.899375177386,1344.8392428641191,1371.0985005387363,-0.007620463462774785,14,10
2015-04-15,1368.402940239241,1387.5841688138564,1309.7073576096718,1322.1924905567646,-0.03566921702762815,14,10
2015-04-16,1306.7792458631125,1352.2762181856326,1277.675285095753,1332.97645922232,0.008156126087975668,14,10
2015-04-17,1341.3452044437588,1389.2035346206703,1330.0368367054025,1358.2021156091455,0.018924307486677172,14,10
2015-04-20,1361.2513757434272,1419.8517813973658,1325.1344824142188,1367.6049622006549,0.006923009825597459,15,9
2015-04-21,1377.3122733170107,1428.964580711956,1360.868141554373,1419.656312565459,0.038060223385740555,15,9
2015-04-22,1435.2861948679192,1479.121885565394,1423.3680313668895,1451.7140031653466,0.022581303880483627,15,9
2015-04-23,1463.3056211684884,1557.9217014483559,1445.0973374470184,1528.182650196415,0.052674732670715096,15,9
2015-04-24,1513.2925168691374,1545.2052828587352,1478.670043995487,1509.4116691920276,-0.012283205153503451,15,9
2015-04-27,1516.4224813593078,1544.751626812834,1477.0878303140998,1499.1840210594462,-0.006775916962438844,15,9
2015-04-28,1498.784017813441,1524.0284654192862,1427.1690117882422,1448.9875073037585,-0.0334825565444693,15,9
2015-04-29,1462.3117846578623,1541.2444434841834,1446.6458639692873,1515.5595005968228,0.045943800728095896,15,9
2015-04-30,1522.8005353180715,1551.8330206479895,1486.1674790153215,1498.2918565785367,-0.011393577099075403,15,9
2015-05-04,1510.6333154571498,1537.2294119661435,1483.5374647039137,1517.7851794417872,0.01301036428761293,14,10
2015-05-05,1521.6031032665942,1546.1483603228853,1462.5234164991239,1478.7117121945914,-0.02574374013954084,14,10
2015-05-06,1481.0151488454342,1533.3185766156648,1432.8508954398608,1459.1104175021144,-0.013255656617060518,14,10
2015-05-07,1451.6133642067443,1492.4885840194272,1411.9554471836882,1449.1066917611531,-0.0068560443548110195,14,10
2015-05-08,1465.965752010174,1518.945961105813,1445.320227918974,1512.4785224178856,0.04373165276030466,14,10
2015-05-11,1518.1344277925366,1565.7970451444332,1501.0570696587522,1548.0082098961097,0.02349103603892866,14,10
2015-05-12,1546.6186088048553,1571.5218500682026,1513.6969403872592,1558.1083071888793,0.006524576050825681,14,10
2015-05-13,1545.9864149975554,1611.8748266185567,1513.9323491075406,1566.2586414794603,0.00523091639584794,13,11
2015-05-14,1562.6014893809884,1665.2955433119741,1544.7524208988918,1655.497796021931,0.056976001395387055,13,11
2015-05-15,1678.0778820590353,1719.91256040738,1604.6838980743717,1622.9498914043788,-0.019660494079643653,13,11
2015-05-18,1601.3855553248422,1641.13989140095,1566.8832965471124,1593.1776344405953,-0.018344532459976803,13,11
2015-05-19,1595.7053791272513,1658.6823116621092,1578.5054639807024,1643.4146321023368,0.03153257777145546,13,11
2015-05-20,1656.627221731003,1719.577148291924,1634.7711852941984,1667.2364054218829,0.014495290996084265,13,11
2015-05-21,1686.000339877973,1754.4966094905656,1661.4502640709543,1743.9811402719963,0.04603110548722311,14,10
2015-05-22,1767.7997870133406,1830.0470434620422,1711.350160433354,1783.545196771702,0.022686057541617233,13,11
2015-05-25,1765.050220289684,1851.5694456226684,1734.0858490063051,1818.4176428971866,0.019552319833893383,13,11
2015-05-26,1824.0933376229411,1899.6248737275798,1790.8287787482486,1876.1230735251409,0.03173387084829171,13,11
2015-05-27,1880.0915823609237,1944.2806302089323,1827.4774922579945,1899.5164091688673,0.012468977101684153,13,11
2015-05-28,1887.3682251117061,1958.889845964088,1744.4491569768225,1759.0689827766298,-0.07393851704270893,13,11
2015-05-29,1763.531376382682,1827.8817645662532,1633.3509316184218,1772.1863958298309,0.007457020265627001,13,11
2015-06-01,1803.0487327215915,1893.5753134100446,1777.7279265567406,1872.5750928838463,0.05664680492426877,14,10
2015-06-02,1874.8068408458053,1930.3341218419016,1838.2578810811037,1913.410895879357,0.021807297956004446,14,10
2015-06-03,1916.7979104068932,1963.2392247844398,1836.2830273871189,1911.243311934765,-0.001132837671856124,14,10
2015-06-04,1908.856283478541,1930.768410790801,1749.3524578593187,1884.1743747577382,-0.014162999032093282,14,10
2015-06-05,1910.6136319456198,2005.8011388314926,1869.150339875249,1954.5640842171833,0.037358383811209483,14,10
2015-06-08,1950.9597368390944,2013.3515690750994,1892.4035163049462,1962.8963000440478,0.004262953511806389,13,11
2015-06-09,1976.6008907596047,2024.6849719727418,1933.1383999846284,1986.5918919820963,0.012071749250083474,14,10
2015-06-10,1981.8784782590262,2035.5280360406205,1947.912900961766,2002.4067017508385,0.00796077434553677,13,11
2015-06-11,2016.3875237602563,2078.4775468229077,1996.3311983675637,2047.590766733317,0.02256487902431159,13,11
2015-06-12,2066.7514009285296,2129.3069590175014,2031.7744751898779,2092.344661628872,0.021856855199124725,13,11
2015-06-15,2114.4918475622812,2158.1436104550644,2026.6727954386013,2043.122732010437,-0.02352477128701924,14,10
2015-06-16,2018.1037494493671,2055.040566003906,1940.6293220620996,1982.4857012527702,-0.029678604132606257,15,9
2015-06-17,2002.1118070791194,2055.7804370020845,1924.3907670640194,2029.9773054749298,0.02395558474502435,15,9
2015-06-18,2040.7568137532396,2079.0162996307813,1929.054387047275,1958.8601556339404,-0.03503347039850335,15,9
2015-06-19,1901.2048862844479,1942.852763753576,1774.4085723124917,1784.1788549835828,-0.08917497257165152,15,9
2015-06-23,1781.203188015501,1836.2703390470092,1638.691553587141,1793.0283058052207,0.004959957235744383,15,9
2015-06-24,1815.2829874532065,1854.7116474346383,1770.2382490125333,1831.7414438074727,0.021590924067908857,15,9
2015-06-25,1830.6351396354519,1851.8065484961437,1685.208651535767,1715.3135215499733,-0.063561329930654,15,9
2015-06-26,1658.2503103869474,1680.2991073586109,1543.866584313535,1547.1642072322468,-0.0980283267199954,15,9
2015-06-29,1599.127265995792,1612.4794700008301,1392.8290750307408,1416.8872547285366,-0.08420370112928421,15,9
2015-06-30,1393.830139136088,1523.0509742553065,1282.5586875660595,1505.9372625732217,0.06284904289138105,15,9
2015-07-01,1487.58103886399,1540.9434085853898,1374.0234109274347,1380.5635859140712,-0.0832529214695984,15,9
2015-07-02,1378.3585404936716,1404.3752077313804,1248.9844006658132,1256.4304274835317,-0.08991484325464882,15,9
2015-07-03,1196.5509595775534,1284.6796884143057,1132.2229823416528,1160.1415196313437,-0.0766368799624203,15,9
2015-07-06,1267.8640070584615,1271.6588696879612,1054.5575156499544,1097.5881913811743,-0.053918704909420856,14,10
2015-07-07,1026.2298561704079,1065.1839105807603,988.9826085169992,1008.5403988810116,-0.08113042140887783,14,10
2015-07-08,907.7440319875901,967.7176970064378,907.7440319875901,933.7207248655851,-0.07418609517123942,9,15
2015-07-09,898.0489414753365,1027.0817928273186,876.0972843542384,1027.0817928273186,0.09998821432947569,8,16
2015-07-10,1093.42750835151,1129.7560863542556,1075.2024187694792,1129.7560863542556,0.09996700773391987,10,14
2015-07-13,1217.0096901395814,1242.7315376439567,1188.4336662208527,1242.7315376439565,0.09999986072593336,11,13
2015-07-14,1298.0558241007088,1348.243513683296,1263.3997744869905,1310.542964551551,0.054566432776104845,14,10
2015-07-15,1326.8593763967654,1345.352923247506,1219.2828924055743,1230.5635915044656,-0.06102766197707454,15,9
2015-07-16,1201.4521537004832,1310.2483277933632,1129.8157456619417,1271.4235020312972,0.033204225128160125,15,9
2015-07-17,1285.0664918972934,1384.5263000588925,1272.9283852755918,1368.5704339189053,0.07640800388887015,15,9
2015-07-20,1372.824373060451,1435.8421743826716,1346.0127922380432,1392.3809754303372,0.017398111870099653,15,9
2015-07-21,1368.171905108141,1459.5144821521471,1341.290292159927,1429.013259090826,0.02630909521667868,15,9
2015-07-22,1431.9922627948504,1478.4781694232054,1394.5789012385844,1447.9011348297552,0.013217425113988268,15,9
2015-07-23,1453.6465470004143,1532.194371014395,1431.284529237128,1506.6346150313398,0.040564565348234494,15,9
2015-07-24,1500.8188340508646,1584.7525821767276,1451.0827372704969,1500.4278987800662,-0.004119589573577054,15,9
2015-07-27,1446.2609417434649,1501.3961849907294,1350.5110368606736,1350.5110368606736,-0.099916071969392,14,10
2015-07-28,1257.8082970033306,1354.1352175904196,1215.6015258054124,1255.9704849660484,-0.0700035388932394,14,10
2015-07-29,1289.4651842468259,1351.7979559741725,1215.2412139083474,1348.5937444180754,0.07374636630456388,14,10
2015-07-30,1342.12713277274,1403.1326598531655,1289.0827158359575,1306.4515984962036,-0.03124895551110274,14,10
2015-07-31,1279.8220323405044,1341.517414094223,1258.4397596644633,1296.8559303307647,-0.00734483250392437,14,10
2015-08-03,1275.7980849054009,1293.3702029034703,1196.1225294575418,1224.167877503555,-0.05604944321661898,14,10
2015-08-04,1235.8294846799733,1328.2464541049574,1219.7406049507802,1326.5795064261422,0.08365815735292381,14,10
2015-08-05,1329.9754689199715,1377.4666028142803,1300.7751293145723,1323.3958781294505,-0.0023998774903952746,14,10
2015-08-06,1290.1039941600018,1405.0356453055922,1272.2947723045904,1378.0730317242956,0.04131579559710308,14,10
2015-08-07,1389.9446082370068,1462.295699353833,1365.5199802619234,1441.5527721238302,0.04606413371293283,14,10
2015-08-10,1459.7329166765312,1547.0083528036023,1432.364008539554,1524.3437341358567,0.05743179411326804,14,10
2015-08-11,1529.3642894789868,1585.2767815754282,1490.9459071736524,1513.3544377357687,-0.007209198394034111,14,10
2015-08-12,1483.6643435787435,1536.0777191410143,1455.438476733723,1481.3212567933717,-0.021167004994761096,15,9
2015-08-13,1462.8480061562773,1564.6460478837964,1438.2391221179157,1556.2093532893302,0.05055493273489464,15,9
2015-08-14,1566.6389744127632,1614.1918341051328,1520.424625368431,1539.977919993606,-0.010430109073317206,15,9
2015-08-17,1534.1582495644736,1605.8742335255884,1509.0957889047666,1593.9442758759258,0.0350435906785882,13,11
2015-08-18,1598.0514445391336,1621.5917821040039,1442.6514633799313,1459.141566644088,-0.08457178288604783,13,11
2015-08-19,1392.1324541560448,1513.9571472898963,1329.9517644345774,1479.5367272580486,0.013977506418974661,13,11
2015-08-20,1447.6978710329286,1499.622994982738,1387.1171388154694,1407.9182798631339,-0.04840599498171416,13,11
2015-08-21,1365.2408748672271,1421.703894584721,1295.8312799618918,1318.451659754467,-0.06354532176211525,13,11
2015-08-24,1240.9474093933306,1265.166275390075,1186.5948515927134,1186.5948515927134,-0.10000883019579887,13,11
2015-08-25,1072.2130386487693,1115.5386828598791,1067.9411633414156,1077.0597428325507,-0.0923104534063488,13,11
2015-08-26,1081.4088876092512,1129.7017168761154,982.4135453632505,1011.9670244598864,-0.06043556896990465,13,11
2015-08-27,1044.846952366373,1085.4872533475923,990.5435924286445,1080.250823600758,0.06747630850651132,12,12
2015-08-28,1112.2197284401036,1181.105679360295,1088.438587851284,1173.1196986796413,0.08596973318597168,12,12
2015-08-31,1159.94851716935,1166.182148473174,1099.053513963641,1117.9913557834257,-0.04699293938910343,12,12
2015-09-01,1102.1807358285641,1114.9074001038011,1017.0297411124093,1041.784365985155,-0.06816420306297355,12,12
2015-09-02,988.488725180523,1090.469859154812,969.0651537121443,1016.624710149429,-0.024150540800191522,12,12
2015-09-07,1035.817845868101,1094.5573012014745,1015.8359405743228,1041.7147910838955,0.02467978663510806,12,12
2015-09-08,1028.7935866256157,1111.0130702790661,1005.7132357953674,1101.9144957987664,0.05778904670464913,13,11
2015-09-09,1114.118632460983,1167.37681485301,1096.1842803085706,1146.002418858593,0.040010294108952404,13,11
2015-09-10,1127.1734368552031,1156.5850976587121,1101.5853510013992,1113.944146701127,-0.02797400042959408,13,11
2015-09-11,1114.6559986098716,1143.0765259045868,1097.016933146555,1124.6736352584974,0.00963198073183924,13,11
2015-09-14,1140.2222919818046,1153.0933529511103,1014.1572080806802,1029.144654067266,-0.08493929100531894,13,11
2015-09-15,995.4177674707283,1031.2338537214723,932.8433350663047,959.415642832304,-0.0677543345917283,13,11
2015-09-16,966.9056841463808,1053.0555515187339,951.1430896774722,1044.903561443779,0.08910415339810895,13,11
2015-09-17,1039.569459856345,1101.2007256320635,1012.3698466965322,1022.3702744511307,-0.02156494419591526,13,11
2015-09-18,1032.5833219936549,1058.9125137774463,1008.3450292747511,1039.8039261180916,0.017052189507681392,13,11
2015-09-21,1020.8807768631947,1086.5671949193493,1009.9000559394387,1080.4912914554675,0.03912984392093444,13,11
2015-09-22,1081.8916384271517,1108.5082942688039,1058.3308743318132,1080.959407303007,0.00043324351731621746,13,11
2015-09-23,1057.964842657709,1112.691844951644,1045.859621298284,1072.1058336119527,-0.008190477488090098,13,11
2015-09-24,1076.5365343282908,1104.1286008628724,1061.4340755479,1092.086111835488,0.018636479344787515,13,11
2015-09-25,1085.8661174250906,1110.6746127953845,1028.5599262050791,1050.4185223645798,-0.03815412449561961,13,11
2015-09-28,1050.9750587793185,1080.7808856123163,1024.0391836783572,1074.6192990654204,0.023039175514882215,13,11
2015-09-29,1051.3477149772652,1067.1097912258238,1028.408156555573,1042.7938682918978,-0.029615539941634017,13,11
2015-09-30,1055.5492404952279,1073.845529758425,1033.8969732117766,1049.882631763282,0.00679785687941914,13,11
2015-10-08,1094.0938407213266,1117.3991758183631,1078.9842739886517,1101.5445533972857,0.04920733048725401,13,11
2015-10-09,1100.2403110162868,1152.1654272555852,1090.0746666039122,1138.6700904135487,0.033703164254013984,13,11
2015-10-12,1151.148481323228,1217.788809840864,1145.887898551764,1197.5907089883015,0.051745118336562035,13,11
2015-10-13,1187.2262589062086,1217.4707555879734,1173.9218124673841,1206.62597465198,0.007544535537781005,13,11
2015-10-14,1200.6947004992144,1284.3368391098672,1186.3098449934207,1228.470080712403,0.018103460823245765,13,11
2015-10-15,1214.4210649210434,1274.765374844295,1194.7774596716226,1266.753315057524,0.031163342881676215,13,11
2015-10-16,1276.8401920300798,1303.4388539704705,1242.3340501802118,1277.4782506542808,0.008466475255499706,14,10
2015-10-19,1282.858299050705,1306.5125904370423,1235.9426417168354,1268.315775236804,-0.0071723142157481545,14,10
2015-10-20,1261.1185123536973,1295.7590005435616,1237.1242616155898,1283.5145943895175,0.011983466144206645,14,10
2015-10-21,1277.8993115950068,1318.0953530371794,1179.630174836056,1209.7470105527375,-0.05747311651868381,14,10
2015-10-22,1215.067532022093,1302.385942753419,1200.620028034304,1294.4384409996676,0.070007555057511,14,10
2015-10-23,1304.2179553240305,1353.4236294113593,1273.9931201835273,1324.7389479983808,0.023408225558654516,14,10
2015-10-26,1341.875565058871,1366.3648881059578,1297.0864883861548,1325.118500507981,0.0002865111727663461,14,10
2015-10-27,1313.3504385218087,1350.846524622404,1252.133971494508,1336.1195042892132,0.008301901888031038,14,10
2015-10-28,1323.4312552250176,1361.136285954935,1277.527055009906,1296.4482261250382,-0.029691414605371724,14,10
2015-10-29,1307.588741356672,1331.906742083521,1280.5497972383164,1301.4546609993672,0.003861654305542528,14,10
2015-10-30,1292.79960245544,1314.2341996090572,1256.9043574812695,1282.3878229310078,-0.014650405150278822,14,10
2015-11-02,1248.1630192628231,1308.4135679082835,1231.8788689274363,1259.9210320315317,-0.017519498000321154,14,10
2015-11-03,1260.9128454382226,1288.811168979895,1236.9927221819846,1264.1600110152601,0.0033644798967229494,14,10
2015-11-04,1270.9784178989228,1351.2054077082726,1266.4830362982395,1343.1638172671533,0.06249509995846503,14,10
2015-11-05,1340.8056244626077,1399.5421441349201,1313.62080098673,1360.9085499211576,0.013211145525129142,14,10
2015-11-06,1355.972345201694,1413.962900963772,1350.112249516837,1390.053209013181,0.02141558967625845,14,10
2015-11-09,1374.3633022860718,1432.1295906631628,1346.9355991124758,1408.5373130215455,0.013297407529807126,13,11
2015-11-10,1400.4411739495486,1477.251307024735,1381.7336440453844,1444.9167431725557,0.025827807197361663,13,11
2015-11-11,1445.847447289271,1488.1828010017139,1423.9766314303938,1455.1520047974798,0.007083634177046605,13,11
2015-11-12,1468.824573720533,1554.7850866443946,1454.2503815027414,1513.9469510538463,0.04040467666781611,13,11
2015-11-13,1486.3363916998776,1516.678033316599,1416.914614364241,1448.277616085835,-0.043376245727962504,13,11
2015-11-16,1419.6951812186476,1494.853588604269,1407.815543042009,1480.1579283770375,0.0220125699224456,14,10
2015-11-17,1496.5780855335568,1531.8986597538483,1448.580196274866,1462.5271563830584,-0.011911412732363513,14,10
2015-11-18,1465.0747972021732,1489.536761373138,1403.5936276368902,1415.154367400808,-0.032391049134025574,14,10
2015-11-19,1420.502390526649,1463.5729139012437,1403.8768849496907,1458.6178930343483,0.03071292195025266,14,10
2015-11-20,1459.7982280667984,1492.1530035803207,1442.7455113108952,1468.4947393253485,0.00677137332413591,14,10
2015-11-23,1466.398586735748,1484.787323120357,1413.202950652532,1423.4448352648558,-0.030677606704392568,14,10
2015-11-24,1426.4099488879265,1454.9947136218843,1397.798581246036,1449.2991527674446,0.018163203000260975,15,9
2015-11-25,1460.5892131922276,1512.8414253346423,1452.4989728619107,1499.7942177078505,0.03484102287922086,15,9
2015-11-26,1513.919050510318,1555.8112517528832,1487.820294510638,1508.1071029958707,0.005542683916147428,15,9
2015-11-27,1512.0244642945488,1538.6383433685244,1386.8166501359394,1406.9848656716485,-0.0670524242763274,15,9
2015-11-30,1410.2367469672583,1449.2878785202142,1309.9003958033036,1407.3444654093707,0.00025558180936835484,15,9
2015-12-01,1392.6541551518292,1439.3635370676664,1365.8477007059985,1405.4443346922342,-0.0013501532594465404,15,9
2015-12-02,1407.6098205453022,1423.147632655385,1329.5327148175293,1390.557369516486,-0.010592354893236178,15,9
2015-12-03,1394.066709520464,1439.4489557267877,1386.675714991015,1432.970099902282,0.030500525412010537,15,9
2015-12-04,1427.8093223462038,1462.3019862101787,1395.9980384423068,1430.5512688971874,-0.0016879842819188529,15,9
2015-12-07,1431.123638992474,1468.7011951657255,1414.2985891927303,1452.7137604279985,0.015492273512081933,15,9
2015-12-08,1437.8723747338304,1465.6861690233488,1383.3003036936254,1410.2581516885723,-0.029225033792560584,15,9
2015-12-09,1403.4881528276676,1439.3668521035338,1374.2805267051322,1399.2977033542584,-0.007771944676363329,15,9
2015-12-10,1395.4559929119052,1423.2235201377036,1370.7218496088237,1386.8431107822682,-0.008900602453741802,15,9
2015-12-11,1390.9386388854136,1450.114094907867,1371.089866406692,1411.195355816348,0.01755948084159531,16,8
2015-12-14,1386.3760618399454,1440.1826044782308,1364.0233777997728,1430.4310255856296,0.01363076323203627,16,8
2015-12-15,1426.753023736479,1471.7116374482123,1413.7489157547482,1451.2543478816199,0.014557376010118972,16,8
2015-12-16,1450.405133788225,1480.4688891652554,1432.2487706068734,1453.0351970636916,0.0012271103164454011,16,8
2015-12-17,1461.1913553125414,1508.344671929193,1454.8073063732268,1490.3836055568124,0.025703719062411423,16,8
2015-12-18,1485.1133222576652,1507.879415402417,1447.4869970948198,1476.7968430214817,-0.009116285555392123,16,8
2015-12-21,1477.532786806039,1526.6819291710328,1463.848906982492,1504.7558405327657,0.018932189382312448,16,8
2015-12-22,1509.944278521651,1562.7370040084202,1488.0465513306474,1541.8646347217427,0.02466100691514095,16,8
2015-12-23,1534.846599451745,1551.2848040161643,1489.8596039319318,1501.490029627324,-0.026185570500295796,16,8
2015-12-24,1499.9193883382795,1519.8375635025002,1461.9315950362006,1495.35391737123,-0.004086681985904894,16,8
2015-12-25,1490.3274607569515,1522.4599132208746,1474.448394501402,1495.6845719860553,0.0002211213084635233,17,7
2015-12-28,1496.500200782754,1522.7584878991674,1432.9450410999177,1438.750398030568,-0.038065628958040776,17,7
2015-12-29,1431.0243648070505,1461.5253140405976,1415.6314170663431,1451.5501827126361,0.008896459524590838,17,7
2015-12-30,1457.9147108246875,1491.5539795603513,1438.624845591553,1474.3566671754404,0.015711812608630638,17,7
2015-12-31,1473.2019619031803,1497.4331844873707,1439.5126632758067,1454.0071716684554,-0.01380228811659967,17,7
2016-01-04,1449.3869857803816,1464.7385517191876,1311.0617380474446,1315.0976808424764,-0.09553562976349139,17,7
2016-01-05,1238.7649493408342,1322.147282136184,1205.4201096903698,1275.8974021972692,-0.02980788363955944,17,7
2016-01-06,1288.8393958037284,1335.77401496706,1267.746483701636,1322.4309464747976,0.036471227386615235,17,7
2016-01-07,1292.9589308713096,1296.4256017838832,1190.8818207107656,1192.195757512501,-0.09848165555219701,17,7
2016-01-08,1222.9565406704812,1245.5461246756365,1111.2577736313804,1202.610986298682,0.008736173334413122,17,7
2016-01-11,1169.5902170750023,1207.1012298994683,1103.2578285895815,1112.6919035201975,-0.0747698830319451,17,7
2016-01-12,1111.4957444176018,1145.7471233367041,1076.1554196459165,1116.9181700840898,0.003798236106977937,17,7
2016-01-13,1123.3872271890093,1140.5791042652404,1060.9573468588471,1071.1132312623226,-0.041010111616608946,17,7
2016-01-14,1032.3853443887883,1118.6026565316934,1018.1444751538066,1111.7644661475936,0.037952322591854104,17,7
2016-01-15,1102.4847555206745,1124.531740918872,1043.7202030508595,1057.819743840572,-0.048521718358157995,17,7
2016-01-18,1031.2237326139843,1096.7979924468802,1017.4438306304762,1075.311571616503,0.01653573576952172,17,7
2016-01-19,1081.2238521308025,1131.9735367016897,1072.0728614186137,1127.221962004427,0.048274743579563406,17,7
2016-01-20,1124.684529300924,1170.6715601797694,1106.2677314798334,1142.9079243122924,0.013915593234159918,17,7
2016-01-21,1121.7196168850676,1165.788974178828,1083.1532070691658,1090.2584052124728,-0.046066282313599105,17,7
2016-01-22,1106.2126674203396,1131.2249908470935,1071.5696743896276,1115.8410202541124,0.0234647262697818,17,7
2016-01-25,1131.8685341110795,1161.3483607294152,1110.6839922643592,1143.3027391111402,0.024610780889533945,17,7
2016-01-26,1128.3832150756323,1159.0110368000137,1043.25171337781,1061.2285708013142,-0.07178690779104979,17,7
2016-01-27,1073.880403137385,1095.7977289277926,990.775070650259,1058.7816439459202,-0.0023057491314490974,17,7
2016-01-28,1040.7507021222816,1064.2859881760346,979.8533302430138,989.9521269065943,-0.06500822660922645,17,7
2016-01-29,985.2431887295875,1051.52411005491,971.3259806477547,1036.6780401899907,0.04720017464824844,17,7
2016-02-01,1032.516173384845,1054.745387975473,989.6985972172374,1014.4580389280264,-0.021433849662612636,17,7
2016-02-02,1017.3645918733874,1061.9094141329847,1011.6486584764206,1050.2668106957892,0.035298425754111795,17,7
2016-02-03,1032.9968620546495,1062.9101607175885,1017.7655568410544,1053.4592213787598,0.0030396187430274946,17,7
2016-02-04,1059.7342446457872,1108.5523172083483,1055.6974394215845,1092.6462298852846,0.03719841044747518,17,7
2016-02-05,1097.7574018211128,1112.5880775975088,1059.0230570904303,1065.4400917227476,-0.02489931088252917,17,7
2016-02-15,1023.88892219388,1105.2930113764705,1010.965228723518,1090.8085444700657,0.023810304253051973,17,7
2016-02-16,1092.6577617105354,1141.7101211494216,1085.646588719219,1130.3042858364715,0.036207766767717864,17,7
2016-02-17,1123.469247752112,1155.4135647543696,1106.4700139291247,1143.76414054634,0.011908169223571186,17,7
2016-02-18,1156.5899349780123,1177.8238951805045,1132.714874167723,1146.6465901935471,0.0025201433975978738,17,7
2016-02-19,1138.9128522418603,1160.7765538256022,1126.361400020976,1144.288867849935,-0.0020561892075344756,17,7
2016-02-22,1166.426345540975,1213.9184774216774,1159.334193740082,1198.9026573571361,0.047727275027867666,17,7
2016-02-23,1205.3502703753638,1240.5601598003038,1179.1939710721972,1209.1588053813282,0.00855461280467984,17,7
2016-02-24,1196.3428779645799,1236.6507797092775,1172.9882897020132,1218.9726397707143,0.008116249367502437,17,7
2016-02-25,1217.893253379921,1237.2949771105477,1105.1336056351665,1120.0169744433847,-0.08117956227954615,17,7
2016-02-26,1130.9006949425911,1181.0104996533357,1091.4172619722967,1147.1225529627643,0.02420104260727851,17,7
2016-02-29,1133.5690831867282,1146.6874159935098,1041.6765498628165,1076.179487920651,-0.061844364282510944,17,7
2016-03-01,1072.2345429761378,1123.6747047062017,1046.6659822170013,1107.189133463775,0.028814566613827308,17,7
2016-03-02,1101.9099214024936,1197.7341269574674,1090.8243097608477,1189.237549186454,0.07410514901460008,17,7
2016-03-03,1191.772888368878,1238.501806890772,1162.66929372509,1176.4388353682218,-0.010762117145550754,17,7
2016-03-04,1169.9662070971674,1201.4571132624278,1112.2911123575784,1138.6958693201134,-0.03208238704249755,17,7
2016-03-07,1162.1528059119944,1199.8544954105075,1141.377134401945,1177.892947722109,0.03442278088301065,17,7
2016-03-08,1177.8323318796681,1193.441592922208,1109.3682306037538,1170.288487838557,-0.006455985578534773,17,7
2016-03-09,1128.5246692261148,1149.1728792001295,1098.8637301165736,1111.0724808645427,-0.05059949541448727,17,7
2016-03-10,1114.859405457794,1130.4461259688476,1079.8765122702132,1089.1668593096824,-0.0197157448610511,17,7
2016-03-11,1074.9873496663129,1099.8443050315466,1057.27030911653,1086.6661359126877,-0.002295996591908489,17,7
2016-03-14,1102.6199092292181,1150.0567545594754,1095.4451909684756,1128.7373797771743,0.03871588749671595,17,7
2016-03-15,1124.5095776339836,1142.522835394232,1101.9934926091464,1116.5516657723012,-0.01079588062129988,17,7
2016-03-16,1125.0646621163435,1140.9910598016988,1085.9153893465955,1096.6868202180954,-0.01779124617620409,17,7
2016-03-17,1108.1031952865462,1144.4306879523967,1094.383541917933,1136.8967071790016,0.03666487662622764,17,7
2016-03-18,1142.9924282696638,1196.7895999571188,1136.8584846216063,1182.5157842114645,0.040125964605577824,17,7
2016-03-21,1195.4802703150306,1231.7102924917467,1180.1343367025943,1221.0520357600383,0.0325883612405824,16,8
2016-03-22,1203.8454910453042,1235.3491156718967,1189.8731714259973,1212.8058260040718,-0.006753364733414924,16,8
2016-03-23,1206.783085433738,1268.1286237799784,1197.7892974908389,1249.7283650513496,0.03044389980292994,16,8
2016-03-24,1229.6516484889883,1253.0396940853998,1203.2908421673712,1215.2582682866075,-0.027582071215392134,15,9
2016-03-25,1211.0111928989218,1242.5385423719122,1200.6637336863673,1227.4718510392395,0.010050195148930685,15,9
2016-03-28,1230.459687035269,1273.6604184070036,1212.3131077611492,1236.1827376091528,0.007096608009819594,15,9
2016-03-29,1234.7234782554767,1269.122561359753,1196.6120217233358,1219.152649690122,-0.013776351506062823,15,9
2016-03-30,1232.2490575237757,1271.1926873299653,1211.8984544098998,1257.8791338706546,0.031765082240009956,14,10
2016-03-31,1262.896391339076,1280.3620596295862,1234.1885393904167,1247.8300495629483,-0.007988910887474776,15,9
2016-04-01,1241.7249205044068,1284.0762483789156,1221.9979543778725,1268.0344058046817,0.016191592956757317,15,9
2016-04-05,1270.3088211274198,1306.1921735382919,1247.589602212492,1288.891367139545,0.016448261371605044,15,9
2016-04-06,1278.2596463124187,1308.4473990036513,1259.4505588528943,1291.2092475118473,0.0017983520034325906,15,9
2016-04-07,1294.162976611098,1307.5475537590514,1245.7233741800146,1253.6648209970492,-0.029076949833767185,15,9
2016-04-08,1245.101819447616,1271.5094750258647,1219.7389543927811,1248.4613286418883,-0.0041506248464582285,14,10
2016-04-11,1269.3028803807533,1306.201791187958,1265.618576380344,1291.946529063295,0.03483103515005248,16,8
2016-04-12,1290.3828458346477,1303.2610398494205,1251.1653958371826,1272.0509818005448,-0.01539966772245227,16,8
2016-04-13,1283.8152240966435,1357.667408780659,1280.7474464684901,1319.685491613198,0.0374470131261786,16,8
2016-04-14,1321.4656045594247,1345.8601847970442,1299.4055725520222,1329.156710165205,0.00717687556027391,16,8
2016-04-15,1324.6408018702846,1363.2737868808872,1305.5810215931313,1336.4876970133707,0.005515517314173435,16,8
2016-04-18,1320.4068756988834,1341.8780419179034,1289.9963782504856,1313.5983167526365,-0.017126517746392178,16,8
2016-04-19,1328.4160747262529,1384.5276228179143,1320.6196321650066,1357.5627782648762,0.033468725524043785,16,8
2016-04-20,1365.8209735717037,1429.0637913521555,1296.7252858328573,1375.3690023768067,0.013116317268722533,16,8
2016-04-21,1358.1809838660731,1492.491417388236,1338.6748298132204,1430.0602207281586,0.03976476004391438,16,8
2016-04-22,1387.5156674785783,1402.493279410295,1335.0935537588823,1372.3195440579475,-0.040376395226776385,16,8
2016-04-25,1362.7168879049264,1407.0475946855943,1331.45807418573,1362.142583641795,-0.007415882445322541,17,7
2016-04-26,1351.9309672631402,1391.7709660552657,1322.370309445405,1377.6706095005102,0.011399706642457152,17,7
2016-04-27,1382.819350525096,1408.3060139603188,1350.2208013965583,1364.8095563585005,-0.009335361481415783,17,7
2016-04-28,1362.01909324966,1383.197656080457,1312.629006636808,1350.381320647545,-0.010571610994175695,17,7
2016-04-29,1345.6848055559133,1401.0409598707224,1335.6201924152358,1372.3027331303758,0.016233498011005487,17,7
2016-05-03,1373.3475530492422,1441.4404503114083,1358.369714738673,1429.7329993837031,0.04184956049917821,17,7
2016-05-04,1419.658625739496,1465.6017733801261,1404.409727106855,1434.7234553656465,0.003490481078701091,17,7
2016-05-05,1429.1481768363687,1458.4094418637626,1412.8707818465286,1447.2435475376385,0.008726484623338804,17,7
2016-05-06,1456.4493690845673,1515.5848005775333,1405.9645283035422,1412.9358701071408,-0.02370553144898746,17,7
2016-05-09,1382.732651548624,1400.4332946609354,1295.5506362432561,1305.7030424553411,-0.07589362682374845,17,7
2016-05-10,1289.0706643415886,1314.6677671457096,1248.7991945199203,1277.7281981783349,-0.02142511992956697,17,7
2016-05-11,1291.3498004239812,1312.4312913978983,1263.2686193942898,1275.4889892054184,-0.0017524924127907404,17,7
2016-05-12,1254.923776911229,1335.270726990117,1223.7616738508602,1330.6540022589534,0.043250089589484286,17,7
2016-05-13,1316.5581253822245,1378.4238184614571,1300.525102590781,1339.7321286111885,0.006822304172853233,17,7
2016-05-16,1327.521955703104,1428.7267019463984,1312.6106519685252,1411.1109730956907,0.053278444966827765,17,7
2016-05-17,1411.0540800368383,1503.007607245266,1382.5097564115674,1408.9150902960675,-0.0015561375692556556,17,7
2016-05-18,1376.589482767774,1444.5884617839338,1336.748552014864,1417.112594247869,0.005818309427063406,17,7
2016-05-19,1406.6027825585563,1524.9301756647712,1396.1909375532553,1499.3566603573295,0.05803636665378109,17,7
2016-05-20,1488.3297867541796,1580.1745963165108,1466.6413235629866,1526.6148569240318,0.018179928290181557,17,7
2016-05-23,1522.0879360673612,1565.6695044205235,1494.5380701257595,1541.5631099042134,0.009791764381424262,16,8
2016-05-24,1529.0085137699095,1580.0777843186033,1497.5257378462306,1545.816226202241,0.0027589634642279925,16,8
2016-05-25,1554.1560958880796,1573.9695731701156,1481.3283130951536,1496.493784982557,-0.03190705362231805,16,8
2016-05-26,1489.3274784326452,1601.4598019924138,1452.278358184041,1584.6714144059097,0.05892281699277535,16,8
2016-05-27,1573.6429803274696,1645.530588826092,1551.891277118086,1580.3884862955942,-0.0027027231458713885,16,8
2016-05-30,1554.3403750688494,1623.9480332904175,1525.1391505736717,1577.38534083178,-0.0019002577466591397,16,8
2016-05-31,1590.6292032231524,1720.2861855258286,1583.4439977269315,1711.7724423130064,0.08519611410257055,16,8
2016-06-01,1723.7653394599247,1807.601665003381,1695.586898432777,1735.4746535454833,0.013846590029483963,16,8
2016-06-02,1711.0385128594446,1753.676522929704,1691.3051180614561,1737.6706743989032,0.0012653718963475669,16,8
2016-06-03,1735.0319225481408,1789.9678566783718,1707.6460483690698,1726.5066137243593,-0.006424727561455623,16,8
2016-06-06,1726.1256692731365,1765.8352797888128,1697.6563565059553,1737.9796810396565,0.006645249560062627,16,8
2016-06-07,1735.1713020147804,1796.7582523338642,1705.482320574878,1729.4489148090759,-0.004908438414813587,16,8
2016-06-08,1704.491567531121,1716.9299715749733,1639.1844630525127,1671.6307725613424,-0.03343154096813339,16,8
2016-06-13,1638.0464730337426,1705.8850759736765,1589.889826921009,1603.0791279499733,-0.041008843422002395,15,9
2016-06-14,1596.6719684383693,1665.5255972646169,1571.6889097015633,1635.0110142514154,0.019919095536024223,15,9
2016-06-15,1622.1053552293195,1750.925118585881,1613.5051742671633,1732.490171406635,0.05961987797363566,15,9
2016-06-16,1739.8916135734532,1814.6791211242305,1710.7171628502508,1753.5366743378036,0.012148122557070984,15,9
2016-06-17,1751.3342493769112,1788.8811312485907,1707.019876526207,1736.1657633368047,-0.009906214825851078,15,9
2016-06-20,1736.2382078007904,1783.3193637129189,1697.9680474625013,1747.4463516717626,0.006497414344398322,15,9
2016-06-21,1755.0476343408302,1773.9988447898415,1663.6661733806047,1696.5549012400772,-0.029123326380233627,15,9
2016-06-22,1690.7889151379811,1742.0146557051048,1671.3498896198337,1730.6544609828309,0.020099296355118756,15,9
2016-06-23,1723.0283945128713,1732.9101766275933,1625.2254125195807,1647.2242506758996,-0.04820731820698143,15,9
2016-06-24,1637.0678917718415,1663.3243545327675,1533.8322110275435,1614.0567446260582,-0.020135392030703803,15,9
2016-06-27,1600.703778052018,1667.8032444029484,1592.8964598379355,1662.6506824397022,0.030106709677609533,15,9
2016-06-28,1653.4296896752533,1690.1340642979653,1632.7207429797159,1658.9559326848405,-0.00222220445574306,15,9
2016-06-29,1667.3361877754182,1744.5171509665954,1647.1255177845899,1718.3014515907407,0.03577281212639316,15,9
2016-06-30,1705.0551592132535,1725.031469438531,1651.2042201266402,1675.9853334567333,-0.024626713836988556,15,9
2016-07-01,1680.4733752963125,1719.274821666447,1657.064077731154,1685.6954085299203,0.005793651578775982,15,9
2016-07-04,1668.8519383024093,1761.223876975941,1659.2826455231097,1728.6601494928054,0.025487843619597994,15,9
2016-07-05,1728.3230092532333,1768.8136220372528,1701.3865029702429,1744.6902838822366,0.009273155509563091,15,9
2016-07-06,1731.8048919181606,1771.4882924652966,1709.295121974203,1745.5052631718265,0.0004671197502037483,15,9
2016-07-07,1743.5492797421184,1874.9803014813454,1731.5507968234015,1817.4301777137086,0.041205784972074166,15,9
2016-07-08,1807.9214240497377,1829.3577116895638,1760.8176919916098,1779.498496074777,-0.020871053041855547,15,9
2016-07-11,1783.7791793197873,1867.5487620848191,1763.5254973203835,1792.1299759206875,0.007098336904342917,15,9
2016-07-12,1782.2198763906567,1832.4381690086993,1745.0518877608315,1807.006795042317,0.008301194289207059,15,9
2016-07-13,1811.752088362146,1828.191565431236,1767.9753382601841,1794.964101178017,-0.00666444304323599,15,9
2016-07-14,1788.7768488690147,1797.493693431044,1746.920338174812,1766.5638360000455,-0.015822191184399093,15,9
2016-07-15,1761.8690669675325,1778.3103964097934,1727.580073523383,1741.094229208519,-0.01441759775247986,15,9
2016-07-18,1744.8097021284354,1779.9063525115346,1727.873500686266,1743.854433567065,0.0015853273833437154,15,9
2016-07-19,1740.9001278741498,1760.6748456804494,1706.0420743162917,1748.3869009978873,0.0025991088152645947,15,9
2016-07-20,1751.9874336246112,1787.0133998357217,1738.012571115298,1750.8156295670026,0.0013891253519051627,15,9
2016-07-21,1742.657071298211,1760.0129749992573,1718.1574460587292,1730.8337946431188,-0.011412872141668862,15,9
2016-07-22,1732.0794182764994,1758.047489319153,1708.8248840331503,1722.3262207377975,-0.004915303786910186,15,9
2016-07-25,1712.1717507696053,1735.0726850772671,1676.7313062368708,1697.65673309127,-0.014323353700066987,15,9
2016-07-26,1696.8990516867873,1724.0347890587232,1686.8131969726076,1715.7645602009131,0.01066636544165811,15,9
2016-07-27,1718.7110461956624,1730.8024011277455,1560.7321912363211,1583.208707158043,-0.07725760055758935,15,9
2016-07-28,1576.7279564614184,1599.7990060409072,1510.3477221346775,1562.2581489140875,-0.013232973106598656,15,9
2016-07-29,1558.1172611121565,1566.7788787889392,1509.025205488341,1521.2500848475256,-0.026249223980727043,15,9
2016-08-01,1515.2184645906548,1534.5280822474633,1460.388862802544,1511.7930801384907,-0.006216600941049699,15,9
2016-08-02,1511.2382401594828,1533.8608481797773,1501.3754073862685,1523.8024851960763,0.007943815337801086,15,9
2016-08-03,1521.4187480561125,1540.682275267033,1507.6804633969787,1525.251969091242,0.000951228200011256,15,9
2016-08-04,1530.3622943503708,1577.617806253882,1520.2578948374903,1561.1229001766687,0.02351803624079163,15,9
2016-08-05,1554.7932016989787,1573.2409139553708,1529.918415011271,1538.7223675692937,-0.014348987260926038,15,9
2016-08-08,1531.3319932451923,1555.398002743294,1500.3212225413704,1550.1823165346173,0.007447704151741563,15,9
2016-08-09,1561.4202390321886,1630.2719210902255,1552.8092324634379,1591.3365908425965,0.026548022041677166,15,9
2016-08-10,1576.656352672278,1614.9417992992874,1566.5294352323315,1583.8333332683728,-0.004715066326886119,15,9
2016-08-11,1574.120081938348,1588.730104214784,1533.0144072202288,1546.0772777652876,-0.023838401876018267,15,9
2016-08-12,1540.9538111487539,1562.6366766922274,1530.35137940951,1555.458334524269,0.006067650623868381,15,9
2016-08-15,1559.017736817294,1606.568605630804,1537.8886692839774,1592.8028236915347,0.024008672131155206,15,9
2016-08-16,1595.7003516953716,1620.6228750234761,1583.9721149822792,1608.729885114295,0.009999393010772684,15,9
2016-08-17,1605.1816616137344,1617.3619013961422,1582.0244988545676,1604.612972899143,-0.0025591071896197137,15,9
2016-08-18,1595.7225162236307,1612.645777074707,1574.6282464248984,1587.3838626791076,-0.010737237272179567,15,9
2016-08-19,1587.2126677178842,1647.7870835765723,1578.430378928746,1630.5303372883263,0.027180870124506873,15,9
2016-08-22,1623.6645879545695,1631.8641833944303,1574.2191096710353,1580.1245894079862,-0.030913713610608573,15,9
2016-08-23,1579.1726736828732,1605.5897964934768,1564.9508907004622,1584.5699267388513,0.0028132828010294375,15,9
2016-08-24,1584.950955176227,1599.295336762028,1569.2248655152603,1578.9551591044874,-0.003543401613029129,15,9
2016-08-25,1568.7774521593626,1577.2344014516177,1530.3104294481461,1556.2932335633311,-0.014352482026157909,15,9
2016-08-26,1559.6347735328025,1591.1976838179194,1551.50653103954,1566.3330410342562,0.006451102693505684,15,9
2016-08-29,1560.3909985418813,1580.8176006301246,1551.0694828079932,1569.4483256811802,0.0019889031038169414,15,9
2016-08-30,1571.8879998961322,1587.4591685440148,1554.5592648534882,1565.1428509910222,-0.0027433045228101305,15,9
2016-08-31,1563.3435943948434,1609.4406224339746,1550.641805947922,1588.2028583444048,0.014733484128162111,15,9
2016-09-01,1585.3900398766198,1599.585536481601,1562.19164330399,1566.5164550361349,-0.013654680946032727,15,9
2016-09-02,1564.0302721816913,1586.0873362004781,1544.98657051697,1559.1446246964526,-0.004705874819241562,15,9
2016-09-05,1560.3833546507562,1582.3334544867846,1547.008187066537,1562.9116173440354,0.00241606364663971,16,8
2016-09-06,1564.917936664183,1606.3554473570086,1545.8047513255515,1601.8269989080115,0.024899284855344428,16,8
2016-09-07,1604.6017101933492,1635.9833132820609,1587.7292527975849,1604.894154535847,0.0019147858226427061,16,8
2016-09-08,1602.9690031174523,1617.7175926588861,1583.4691070613683,1599.2554056993704,-0.0035134708544735105,16,8
2016-09-09,1600.6886373014247,1622.6919858344572,1577.672660413371,1589.4481955070166,-0.006132360195503006,16,8
2016-09-12,1554.137273303696,1561.259288603876,1490.8294060640544,1496.381649183087,-0.058552739615550964,16,8
2016-09-13,1507.8843122173887,1525.808312696274,1475.882843228859,1506.6529514559693,0.006864092645408881,16,8
2016-09-14,1491.7243875065064,1539.0189079769764,1479.8560529054619,1512.5750701065872,0.003930645504590213,16,8
2016-09-19,1521.789053816259,1559.7520316986693,1515.7418984189912,1534.6380208804678,0.014586350925594571,16,8
2016-09-20,1540.4770202288696,1548.5332442373838,1511.992620131882,1523.8148672431423,-0.007052577539500615,16,8
2016-09-21,1522.1840792443645,1550.678750284584,1514.9933287679137,1537.4522279957725,0.00894948661139039,16,8
2016-09-22,1549.0495401289666,1565.331141075914,1531.351390038806,1541.7394974327783,0.0027885545703065784,16,8
2016-09-23,1538.1735885234043,1551.356234646553,1514.4110257541752,1528.213500008984,-0.008773205490497649,16,8
2016-09-26,1524.84892742149,1537.228996403774,1475.5574339370364,1481.0718459111563,-0.0308475576858539,16,8
2016-09-27,1476.8628263229368,1494.0661012943094,1455.2807220051245,1485.866154539511,0.0032370533823800063,16,8
2016-09-28,1488.8685420939933,1496.8871179501602,1467.199550143538,1476.4132663588503,-0.006361870584225104,16,8
2016-09-29,1479.9690363712791,1501.3267491331378,1469.8610129217698,1480.305101077546,0.002636006331949048,16,8
2016-09-30,1478.680170426686,1500.680743143977,1472.4577191797903,1491.811569420648,0.007773038365352258,16,8
2016-10-10,1500.8129624514104,1536.292480563996,1492.2354463902768,1529.6651596308955,0.025374243628468296,16,8
2016-10-11,1529.4797160469095,1552.334788560977,1519.6652849125217,1537.353596915663,0.005026222396686375,16,8
2016-10-12,1528.0758720613946,1545.7566053105238,1516.6292918473325,1528.9006306170213,-0.005498387824115936,16,8
2016-10-13,1532.5526174357099,1552.519620758115,1519.1698297259088,1537.2622783246413,0.005469058969676421,16,8
2016-10-14,1533.6281619341403,1547.0913724836662,1506.5582575858334,1525.3669759043537,-0.007737978475118368,16,8
2016-10-17,1525.397492246691,1552.1319833888613,1507.662374915242,1516.683862382789,-0.005692475095323668,16,8
2016-10-18,1513.0563337895217,1553.1070884537908,1505.0819550665221,1547.9566852734326,0.020619209886965084,16,8
2016-10-19,1559.2635635297274,1582.3814328018364,1542.1644042272317,1551.5671191183378,0.0023323868679616666,16,8
2016-10-20,1550.9287450336265,1561.1743836144797,1533.381148398909,1547.9185314109623,-0.002351550031202576,16,8
2016-10-21,1549.139014344959,1562.3185520456855,1520.1553656090211,1540.771090645771,-0.004617452805268929,16,8
2016-10-24,1538.1645344849564,1570.281421617047,1529.3060992808573,1559.0980009562054,0.011894635369069206,16,8
2016-10-25,1557.9315050964994,1582.2156219947733,1545.543873781561,1572.4456646338147,0.008561144757688766,16,8
2016-10-26,1572.4359250565246,1582.1825172773786,1541.2395514956802,1553.2381842049347,-0.012215036017383163,16,8
2016-10-27,1558.453552413303,1576.1454610387937,1546.0464781839703,1560.671160433794,0.004785470962822114,16,8
2016-10-28,1555.441304656424,1567.399887383128,1528.0015645533342,1534.7882277345554,-0.016584488363355354,16,8
2016-10-31,1530.9553393615645,1554.2606870641491,1521.9529177176914,1544.0839273015822,0.0060566659289196245,16,8
2016-11-01,1545.0591445846687,1565.1667179413562,1534.6156874481437,1556.891614694842,0.008294683447448437,16,8
2016-11-02,1553.4049136423996,1573.6114066168632,1537.0360527559783,1547.260464089715,-0.006186140714114274,16,8
2016-11-03,1540.0237694707155,1568.029887423243,1529.5688447951127,1548.9644266715,0.0011012771419758316,16,8
2016-11-04,1551.1887843723835,1622.836045011011,1541.3917010222044,1594.5673317082117,0.02944089886861101,16,8
2016-11-07,1584.993091630927,1616.2082150334516,1556.184329868337,1594.7114561898427,9.038469481037481e-05,17,7
2016-11-08,1595.4136934233172,1612.478831628505,1577.039482598102,1589.281094790041,-0.0034052313217692864,17,7
2016-11-09,1593.5250202383813,1625.342001037691,1558.8713861122396,1597.7832956672307,0.005349714978087672,17,7
2016-11-10,1615.9899831714497,1651.7839998571183,1596.6329995417973,1624.6611334193697,0.016821954407099327,17,7
2016-11-11,1626.7393902138729,1672.6697226086342,1601.548352678825,1648.5733877588918,0.014718302695648777,17,7
2016-11-14,1628.718995085626,1659.6648333552941,1613.0872554301259,1636.9474823659025,-0.007052100609723944,17,7
2016-11-15,1637.3096979228326,1669.5854929906145,1620.345053771066,1641.8859950495514,0.003016903557902406,17,7
2016-11-16,1636.8520729446182,1649.694726190612,1608.315500237541,1626.1370602887423,-0.00959197825445468,17,7
2016-11-17,1619.374522192571,1653.5850548351204,1602.1044177651645,1631.9017061650366,0.0035449938489628963,17,7
2016-11-18,1626.742354798594,1645.0321854234546,1601.4970504767793,1617.1708524170638,-0.009026802099858178,17,7
2016-11-21,1619.680262792118,1636.350854054419,1599.299163005805,1615.79142183723,-0.00085299000892336,17,7
2016-11-22,1616.2496770693806,1643.70326297603,1605.6060775154851,1635.7335225519005,0.012342001848230755,17,7
2016-11-23,1635.3366804681436,1645.5268253012084,1599.1819689557424,1605.5881119797364,-0.018429291908827805,17,7
2016-11-24,1606.6503270371763,1634.3655046305996,1589.0258250776326,1602.825441200433,-0.0017206597125939416,17,7
2016-11-25,1604.4649239994437,1613.1463241524862,1557.809237444276,1591.5391695976105,-0.007041485187788021,17,7
2016-11-28,1593.9653311529003,1617.811731751911,1582.090632673893,1603.6426523505102,0.007604891531485025,17,7
2016-11-29,1598.7343321055005,1607.1127733813464,1564.955686263095,1570.3538336113209,-0.02075825227671313,17,7
2016-11-30,1565.413099942909,1581.4455387801875,1541.508317377633,1559.3568813156803,-0.007002849969392377,17,7
2016-12-01,1557.5050846002664,1578.6582566053896,1552.4660212308393,1565.7890107147937,0.004124860367875627,17,7
2016-12-02,1564.9086360987346,1578.8049237498174,1517.3645156727903,1530.0386804642274,-0.022832150440400545,17,7
2016-12-05,1514.5412608790045,1547.8238530703134,1496.9096363072665,1527.632787257776,-0.0015724394665116437,17,7
2016-12-06,1528.1222519265236,1550.9176686487463,1514.7910551920688,1535.6865833537422,0.005272075961673783,17,7
2016-12-07,1535.6608729274587,1553.1331547153002,1519.569398934053,1544.4960469791079,0.005736498398082546,17,7
2016-12-08,1544.8567421372775,1555.777276021717,1526.5587539580497,1537.4289443522969,-0.004575668963759161,16,8
2016-12-09,1535.1659443570065,1550.555308629196,1520.8639506255859,1530.093232530144,-0.004771415192292627,16,8
2016-12-12,1534.5206781165773,1544.397715582173,1421.3815135540035,1431.8827306055605,-0.06418595928444426,16,8
2016-12-13,1425.6180025813774,1446.7414450646734,1383.489371731464,1416.368917628238,-0.010834555544057434,16,8
2016-12-14,1411.7377563171997,1423.4197327839265,1362.3895016884721,1376.2793001455523,-0.028304502438402324,16,8
2016-12-15,1362.6761803495504,1400.3513411760434,1351.930824493886,1382.2858052134768,0.004364306770645587,17,7
2016-12-16,1380.9231780323894,1411.4407299046106,1370.1997481384788,1396.8000083589563,0.010500146272744093,17,7
2016-12-19,1396.7340249550268,1417.759508771002,1381.9806379867898,1400.40533454361,0.002581132705525624,17,7
2016-12-20,1399.0709912732761,1420.1244490467668,1384.310170470345,1401.6873834652472,0.0009154841744836162,17,7
2016-12-21,1402.9225781886512,1447.2109048072273,1397.9314488371124,1425.9504038887553,0.01730986574447524,17,7
2016-12-22,1419.4986227623976,1433.3444871588938,1402.2919400370565,1420.5250802406522,-0.003804707115554362,17,7
2016-12-23,1421.8660890248748,1431.6053997079714,1391.3727365273296,1398.162780170195,-0.015742277543363548,17,7
2016-12-26,1387.2232786290592,1406.1050203308266,1354.6225003591553,1395.1730549238844,-0.002138324155608551,17,7
2016-12-27,1392.9520216366777,1420.869839779398,1384.471495495991,1404.63324269458,0.006780655444361239,17,7
2016-12-28,1405.618785772072,1420.528419414534,1382.578914885581,1390.4091976014113,-0.010126518909578164,17,7
2016-12-29,1388.6200543966575,1411.051967013924,1376.7755989678496,1392.9413037256406,0.0018211229676827756,17,7
2016-12-30,1391.4583782623904,1403.4513396247282,1374.7630852937634,1386.5020393607836,-0.00462278227204127,17,7
2017-01-03,1390.0254718191875,1411.4977803653333,1382.3216209604816,1400.4324348543994,0.010047151102668295,17,7
2017-01-04,1400.48282938804,1429.2429220300023,1389.792278634705,1422.804093451369,0.015974821805163186,17,7
2017-01-05,1418.9952733046098,1438.4495297447338,1408.968912326793,1426.947346080795,0.0029120331101770702,17,7
2017-01-06,1425.510034101633,1430.9308543936588,1401.5605497202314,1407.5277958541703,-0.013609156833965574,17,7
2017-01-09,1406.2404730326489,1426.7714663212482,1395.6555388773443,1416.9868184733168,0.006720309642912703,17,7
2017-01-10,1416.2181465101398,1432.7562006974945,1401.5543384079488,1414.0500226586707,-0.0020725639620347014,17,7
2017-01-11,1415.4089672157866,1422.591489690001,1379.5008130490635,1388.4358061530384,-0.01811408089897193,17,7
2017-01-12,1388.727346275095,1398.5025534144934,1358.3758696914608,1365.3965929682356,-0.016593646665334694,17,7
2017-01-13,1366.3920331661463,1375.5822748520777,1324.8330892684808,1332.4548461262473,-0.02412613815768816,17,7
2017-01-16,1327.7984648876522,1337.5846533519539,1220.7116951819164,1258.4343693864012,-0.05555195881874775,17,7
2017-01-17,1255.0485309871744,1283.0813080563216,1231.0407208407062,1277.469772222498,0.015126257911549645,17,7
2017-01-18,1275.900132750316,1285.5691984840157,1256.9736639887492,1266.2186457201647,-0.008807352429763604,17,7
2017-01-19,1260.9323698889702,1273.231297429469,1244.1078274467466,1254.5044907495192,-0.009251289270016394,17,7
2017-01-20,1252.9650272226959,1287.1755803999552,1248.1314681429808,1277.9361270597633,0.018678001141506195,17,7
2017-01-23,1280.195757396008,1310.418889512115,1275.828654321305,1295.9176125028043,0.014070723146713204,17,7
2017-01-24,1294.6891042436846,1305.8653117643594,1280.9075277111722,1290.3457517126476,-0.004299548625931293,17,7
2017-01-25,1290.2674128413564,1307.1186197432432,1284.0078315194214,1299.3412850759205,0.006971413166845686,17,7
2017-01-26,1302.1816260964943,1364.315149371475,1295.9884475402057,1352.128664842154,0.04062626222420773,17,7
2017-02-03,1360.3874440944967,1371.1218476643355,1334.9599451481517,1346.0976167490778,-0.004460409907647511,17,7
2017-02-06,1345.140181647595,1373.1203456178384,1329.4030911284005,1363.5175265035605,0.012941044941861435,17,7
2017-02-07,1359.3968512501408,1380.594956679198,1345.9369421571794,1365.0836665147447,0.0011486027724192382,17,7
2017-02-08,1361.3376554698189,1376.43629015444,1348.5868071397167,1371.6786529381247,0.004831195761222595,17,7
2017-02-09,1371.9698222493982,1410.530142801441,1362.873241832885,1399.096576452021,0.019988590953987195,17,7
2017-02-10,1393.2874149007478,1402.22305593488,1373.9359277881222,1385.0795594734773,-0.010018620025566638,17,7
2017-02-13,1389.2980006880748,1420.56401252328,1384.3135423597123,1398.2700239856995,0.009523254041259976,17,7
2017-02-14,1395.468444924262,1416.6841268080143,1383.193739855018,1402.7685414516345,0.003217202249041984,17,7
2017-02-15,1401.307815832404,1412.5275131476676,1368.5451458224131,1373.857685740945,-0.020609854624178747,17,7
2017-02-16,1377.5043662258074,1443.0440511635907,1374.9705240841151,1424.5358533823062,0.036887494365204,17,7
2017-02-17,1421.660846523293,1430.585292512331,1390.8464189948024,1399.5055561092508,-0.017570844014648923,17,7
2017-02-20,1395.6051260355737,1416.4130430846792,1385.301989782011,1406.5655787153107,0.005044654932051307,17,7
2017-02-21,1410.2838361964664,1435.3856842811574,1398.598004559524,1420.408891807606,0.009841925113039718,17,7
2017-02-22,1417.744130087935,1437.280422636707,1408.4568274463363,1423.8401538068952,0.002415686088054869,17,7
2017-02-23,1421.8978949484697,1452.7479277820237,1412.4849530168572,1436.453488887916,0.008858673529677175,17,7
2017-02-24,1429.5032214004134,1441.220953164243,1411.8517572751593,1427.8327543571402,-0.00600140178395181,17,7
2017-02-27,1433.4458011475856,1449.412158062253,1408.4522615185817,1413.3867766134595,-0.010117415852520129,17,7
2017-02-28,1410.6192601846674,1431.7925112865955,1403.7885673965102,1421.1665888780565,0.005504376008977241,17,7
2017-03-01,1418.0868373907178,1448.9779491789063,1409.8568030575814,1432.541527735635,0.00800394474975552,17,7
2017-03-02,1432.0387293485821,1464.4381614923338,1424.7831267790832,1440.4400742540897,0.005513659719826425,16,8
2017-03-03,1431.0677327371955,1449.4301356009682,1414.175651243834,1442.0982870571052,0.0011511848584704332,16,8
2017-03-06,1444.724360735502,1476.0357205751739,1435.9725557284362,1466.3230153670295,0.016798250526571135,16,8
2017-03-07,1467.1177552239656,1477.4993757365785,1445.910378131582,1461.245508020441,-0.0034627481757949496,16,8
2017-03-08,1461.5913489374555,1466.580368905187,1434.4262174088467,1444.4541676802444,-0.01149111511243861,16,8
2017-03-09,1439.680270361053,1449.0219547151066,1409.109854689703,1417.2489798561562,-0.01883423401919282,17,7
2017-03-10,1416.709800405037,1432.106068976179,1407.2314507272936,1415.372984230019,-0.0013236881118288135,17,7
2017-03-13,1413.1242819294132,1443.5889289434217,1399.5255571583584,1438.7017455611085,0.016482412474320585,17,7
2017-03-14,1441.5383191564622,1458.7574341148606,1425.1390882466653,1435.4679487674289,-0.0022477186836373786,17,7
2017-03-15,1433.511912419439,1463.8784883118262,1424.5617642694858,1446.748324968853,0.007858326764530021,17,7
2017-03-16,1451.2152661967286,1473.4964370340897,1443.2334862750226,1465.7222136027806,0.013114850942948841,17,7
2017-03-17,1468.3091683903046,1499.225139895142,1450.87087433315,1463.0497621613472,-0.00182330008826459,17,7
2017-03-20,1465.0717433247987,1513.9747632730425,1457.7242621999983,1495.3520310736433,0.022078721959925884,17,7
2017-03-21,1479.8303880300325,1494.621819785895,1459.1681063030946,1474.2432745088984,-0.014116245623840729,17,7
2017-03-22,1463.2010215602425,1481.086332116736,1443.836150326634,1459.642812669768,-0.009903699132691735,17,7
2017-03-23,1458.2913281987403,1474.434649350032,1430.5416213265835,1455.3060944339072,-0.0029710818278403384,17,7
2017-03-24,1460.8863019699725,1476.1080966819925,1441.6380790835426,1459.6399205042733,0.0029779481354073045,18,6
2017-03-27,1466.9745373567403,1475.8471693895574,1447.3223834392522,1460.0607539372927,0.00028831318403099715,18,6
2017-03-28,1463.7732950249952,1477.0816255166433,1453.357200392351,1460.5682083349855,0.00034755704262590115,18,6
2017-03-29,1468.131540780803,1485.4034744331116,1448.9359929910158,1456.9306542965182,-0.0024905061042057586,18,6
2017-03-30,1464.348842554481,1475.2298026681383,1406.9280071592193,1420.7765438822253,-0.024815258233241044,18,6
2017-03-31,1426.9559455418946,1443.1728601467614,1412.6972722916148,1426.840184088247,0.004267835242727891,18,6
2017-04-05,1443.1416464626463,1485.3179838806925,1436.3483762562053,1471.9143453788136,0.03159019615036218,18,6
2017-04-06,1480.2865558948913,1490.8954991173866,1467.4050989582345,1480.0371879678867,0.005518556575371036,18,6
2017-04-07,1487.375956621233,1502.238160330847,1476.0691862743654,1485.8918471960246,0.003955751433635468,18,6
2017-04-10,1491.8093181117688,1506.5287836976388,1458.2223547087588,1471.739032898199,-0.009524794368131695,18,6
2017-04-11,1479.0325890606134,1501.6102191458983,1448.3485106890964,1488.303192967672,0.011254821472563847,18,6
2017-04-12,1492.0288507743596,1508.7127708669045,1467.6573914585827,1486.5038993999433,-0.0012089563310959672,18,6
2017-04-13,1491.4632036102478,1514.6944469199893,1477.4152838563602,1500.3040239999568,0.009283611435922934,18,6
2017-04-14,1496.7382600276123,1514.952201787435,1465.9377060745014,1481.3927237353507,-0.012604978699041647,18,6
2017-04-17,1467.8904931782406,1479.3768450275552,1434.219054430243,1449.6776989295668,-0.02140892438422015,18,6
2017-04-18,1449.033808438827,1464.9935284797689,1408.8752916754809,1415.0189783316878,-0.02390788009187894,18,6
2017-04-19,1409.3457647792643,1419.6015180342793,1359.682296729183,1388.0194157846365,-0.01908070701559339,18,6
2017-04-20,1386.1272237392184,1402.131620582254,1359.2844174824831,1375.6579821787004,-0.008905807415487965,18,6
2017-04-21,1376.5149353941463,1390.2763155538455,1353.9261557151578,1361.2453551896529,-0.010476897001841734,18,6
2017-04-24,1357.671035639763,1362.8069491252036,1282.9990123556906,1302.1042066705534,-0.043446354688100985,18,6
2017-04-25,1302.9815840274744,1326.5041949266351,1291.8462027262176,1303.7385812344537,0.0012551795436399615,18,6
2017-04-26,1307.2842692974127,1325.4753941377803,1293.2601741145138,1309.8739006977673,0.004705943010065994,18,6
2017-04-27,1304.7507695229622,1347.0657761910097,1268.9412870900767,1338.3746487582641,0.021758390670517658,18,6
2017-04-28,1331.5499968482343,1356.4475184986225,1323.927518796571,1345.573996615011,0.005379172314289082,18,6
2017-05-02,1346.7577143150343,1360.5534380060103,1328.723063346812,1343.326585093503,-0.0016702251434419502,17,7
2017-05-03,1346.0787500435958,1376.9057773970123,1332.3829083260741,1353.1006138355401,0.007275988468103511,18,6
2017-05-04,1346.256287757953,1364.5075189582626,1324.3493699783212,1342.1429974675327,-0.008098153423304222,18,6
2017-05-05,1340.359518368221,1376.901465287793,1317.697807488339,1338.974213367652,-0.0023609884385342728,18,6
2017-05-08,1329.751851269769,1347.4874250381658,1301.7840522042854,1310.5900178867219,-0.021198463120168043,18,6
2017-05-09,1308.967558323848,1362.3957345613198,1301.1454797772249,1351.043930779821,0.03086694720773897,18,6
2017-05-10,1352.7948874833464,1366.6947756798006,1307.1094045901784,1313.527546589184,-0.027768441377759245,18,6
2017-05-11,1303.5853718405597,1328.7553611066403,1265.2482172614846,1317.339071684015,0.0029017473632191315,18,6
2017-05-12,1312.8278137669495,1332.4367425993491,1288.3031984353254,1308.9738365848139,-0.006350100197443864,18,6
2017-05-15,1310.9044742047074,1323.0886603864171,1295.955289266273,1302.9912355733952,-0.004570451176493795,18,6
2017-05-16,1303.2466624347182,1350.1311971952655,1282.9291661592463,1347.25034652745,0.033967312861147514,18,6
2017-05-17,1343.3263518392414,1365.90872353562,1333.0939534660765,1343.7935625193122,-0.0025658067315013078,18,6
2017-05-18,1328.5666293248287,1352.5506083235061,1315.5701388582481,1330.4771581510565,-0.009909561066277495,18,6
2017-05-19,1329.6558601525853,1354.8214033591416,1316.6283384871656,1334.582319704847,0.0030854806703297655,18,6
2017-05-22,1331.504566126352,1351.0462900760026,1292.8897566843052,1298.9285052481805,-0.026715335525013928,18,6
2017-05-23,1293.9364376980257,1305.8964125373877,1240.7115591920126,1251.282864828933,-0.036680725865003594,18,6
2017-05-24,1246.729300336641,1273.1393663702927,1222.8202764792925,1263.7098648246606,0.009931407473901865,18,6
2017-05-25,1262.7261131095029,1280.4061021347572,1227.2526983226016,1272.168403206853,0.006693418020730757,18,6
2017-05-26,1269.4314812575255,1282.3331566149354,1255.2379477065708,1263.299962257448,-0.006971121847587081,18,6
2017-05-31,1278.1361579450495,1290.8594635001755,1247.639692807257,1250.4068624488766,-0.010205889490831566,18,6
2017-06-01,1247.0337283462607,1254.9594757628156,1196.2508112388252,1202.5469020514442,-0.038275510023753734,18,6
2017-06-02,1199.0565886947954,1218.9416739639162,1163.6460949304203,1207.2713582215022,0.00392870844538229,18,6
2017-06-05,1210.5000709320966,1227.2450761351893,1200.87219346823,1218.372397657987,0.009195148514778317,18,6
2017-06-06,1216.9225824414525,1227.7897976961785,1206.5331255479314,1221.1388208705648,0.0022705892040033593,18,6
2017-06-07,1221.6837150729186,1259.658493401565,1216.067377442286,1254.5037056134904,0.02732276148516788,18,6
2017-06-08,1253.4101372716298,1267.071079513892,1240.8741929524845,1246.1577991983593,-0.006652755490307527,18,6
2017-06-09,1244.9882105673282,1265.6523183451054,1233.1755218882126,1256.6954211369675,0.008456089546112766,18,6
2017-06-12,1247.6577972699256,1251.5522793797165,1210.4852085475168,1217.8982950804505,-0.030872338200624738,18,6
2017-06-13,1216.6788394012394,1275.271593382112,1209.7642696666128,1263.8881961562527,0.03776169263194862,18,6
2017-06-14,1262.2046415830166,1307.210139933029,1253.9369741356816,1276.3962856085268,0.009896515760107416,18,6
2017-06-15,1273.1161646533953,1296.2827043290165,1264.5380348694803,1286.4508405404147,0.007877298802303034,18,6
2017-06-16,1284.3643998778207,1306.8540310959665,1274.497942813171,1290.2458979071491,0.002950021288913085,18,6
2017-06-19,1289.089542218955,1308.9790022859877,1277.4209411842578,1300.8140847533798,0.00819083157975764,18,6
2017-06-20,1303.2935144973912,1358.5302053367798,1296.102879062005,1330.7060568875852,0.02297943455914586,18,6
2017-06-21,1328.6850437135402,1338.3569881036153,1302.4020245427218,1323.965650129246,-0.005065285998701152,18,6
2017-06-22,1320.2071407926576,1338.5684471739141,1291.894840446114,1300.8849576708258,-0.017432999455965548,18,6
2017-06-23,1301.593550976052,1334.608007906641,1279.0932001496685,1316.5173736075924,0.012016755090131781,18,6
2017-06-26,1313.744906371856,1335.7076856868023,1300.6834217988367,1330.3236063200534,0.010486935447443724,18,6
2017-06-27,1329.88669376463,1341.9894721160888,1312.5294206507313,1324.2845613148681,-0.00453953081528069,18,6
2017-06-28,1321.0030909930074,1343.636554620595,1309.7282863608175,1324.5630465109073,0.00021029105388237213,18,6
2017-06-29,1325.960681791694,1338.1359943203954,1315.039894474423,1325.3340734825406,0.0005820991108458351,18,6
2017-06-30,1322.8095518551659,1331.8209416905365,1306.926287508004,1324.466927249126,-0.0006542850219913854,18,6
2017-07-03,1327.3376509161299,1353.012815093069,1318.9174345182284,1346.9440950723842,0.016970727891214787,18,6
2017-07-04,1351.4079642678096,1361.7318012847447,1330.2316896929804,1336.47787166298,-0.007770347297778368,18,6
2017-07-05,1336.611347134614,1383.0537893941391,1325.7666434655616,1375.5842596901305,0.029260782281782305,18,6
2017-07-06,1370.7300851001846,1431.8397358700274,1358.923796372357,1419.7266854960574,0.03208994686800981,18,6
2017-07-07,1410.274371194636,1505.8121509046305,1399.2499269287266,1494.1504726651508,0.05242120749677226,18,6
2017-07-10,1501.969787673007,1542.6150186722275,1473.3444384475886,1494.6366679433484,0.0003253991395726352,18,6
2017-07-11,1490.9995732558937,1505.2744718502336,1428.7893469163964,1443.7994793213363,-0.03401307469056347,18,6
2017-07-12,1449.4244453427543,1480.2851079885093,1421.674301875983,1471.2824873720087,0.019035197369368095,18,6
2017-07-13,1479.4634916967366,1541.181479210711,1451.8351938552432,1485.3112195622768,0.009535036480537551,18,6
2017-07-14,1464.697511020128,1487.4489373451515,1441.6138138730435,1464.7787325704944,-0.013823693459902198,18,6
2017-07-17,1460.9918369656016,1473.3356569200591,1341.8592802095482,1367.5208177443396,-0.0663976835979041,18,6
2017-07-18,1364.841211003628,1409.0008841664853,1354.0739968707865,1399.5898886343907,0.023450517516031333,18,6
2017-07-19,1400.094707585913,1462.603959756206,1386.7320733272393,1446.4059698700298,0.0334498567157544,18,6
2017-07-20,1437.5285840170457,1499.2282722873422,1425.5136195833943,1463.5973309217766,0.011885571139679252,18,6
2017-07-21,1457.7678248678806,1476.0140545338431,1432.8152739797472,1442.6830190305513,-0.014289662497576128,18,6
2017-07-24,1437.5826775690753,1471.1897246700094,1424.7625786429087,1455.132967272135,0.0086297184325006,18,6
2017-07-25,1456.3512903695341,1516.9381647503808,1437.1781451891366,1474.7881840796606,0.01350750567102632,18,6
2017-07-26,1486.5448944296807,1545.7897298234664,1457.515120651163,1531.7818170115831,0.03864530076058981,18,6
2017-07-27,1517.7989413433947,1577.6775510069322,1494.3976329544141,1528.9823737344889,-0.0018275731217097801,18,6
2017-07-28,1518.9634006931162,1625.6846041770875,1500.2465205297308,1590.3030863619967,0.04010557196793174,18,6
2017-07-31,1592.4979789765475,1678.1621542199916,1581.5064109419727,1663.5184883608856,0.04603864673769675,18,6
2017-08-01,1654.6976039044946,1661.6792430401824,1599.164573582146,1622.894115025372,-0.024420752531306045,18,6
2017-08-02,1620.517507151572,1676.5095110088519,1583.1774488332537,1600.1305999420597,-0.014026494318119087,18,6
2017-08-03,1588.5770448599883,1641.7758916109062,1577.666293817541,1626.193871482441,0.016288215187763466,18,6
2017-08-04,1623.7979438288826,1665.8057209133576,1555.1935586037712,1563.2055527926443,-0.03873358508747571,18,6
2017-08-07,1561.9020208445854,1651.1948096725262,1551.7340647753215,1642.9226578484613,0.05099591983498497,18,6
2017-08-08,1653.7048215515185,1723.5333571536598,1626.4946739052384,1666.3859370756616,0.014281426526752794,18,6
2017-08-09,1653.8793340685224,1757.4750697196387,1632.5018152762495,1737.7080014718495,0.042800447849044465,18,6
2017-08-10,1724.2539039084947,1792.5776285980135,1683.5156107154382,1748.4843240698556,0.006201457660825804,17,7
2017-08-11,1706.746373009556,1734.8701209281007,1617.4264073991403,1637.1962170471172,-0.06364832986531943,17,7
2017-08-14,1633.2968847822065,1718.0326401519276,1596.0023826059166,1701.9205890005633,0.039533668157494484,18,6
2017-08-15,1692.094294485363,1726.4612891088577,1660.7929487816173,1684.9684348940193,-0.009960602284328046,18,6
2017-08-16,1672.2986954777357,1688.7355213102637,1597.2644706356002,1629.9839026399027,-0.032632381186164405,18,6
2017-08-17,1644.3670261098514,1661.7357495668127,1607.4539763680418,1641.5594181393583,0.007101613384468353,18,6
2017-08-18,1613.3028254177,1626.4512296913458,1575.4670171913976,1596.092344177213,-0.02769748902155511,18,6
2017-08-21,1607.8316161381322,1653.8050840418664,1600.3611987002746,1639.6113433830735,0.027265965759828648,18,6
2017-08-22,1641.5783051379872,1684.2215477266134,1615.693798411092,1656.8585472293391,0.010519080583255125,18,6
2017-08-23,1640.8552704089045,1654.5628649804942,1589.386460897185,1608.0710905318624,-0.02944575852842768,18,6
2017-08-24,1606.6077730016991,1622.2299675634633,1567.4193797184882,1581.4457310426492,-0.01655732737562432,18,6
2017-08-25,1581.232650206356,1627.2992954111135,1573.0016813650695,1608.5928445101015,0.01716601014791319,18,6
2017-08-28,1602.751436364416,1654.0412942925452,1593.5942973153183,1637.1504418154004,0.0177531545056675,18,6
2017-08-29,1631.6740921644769,1660.8221916364935,1604.8557817311055,1613.0577876128766,-0.014716212748174806,18,6
2017-08-30,1605.5794303515625,1650.498080953959,1601.054701604599,1638.6145362161706,0.01584366586216035,18,6
2017-08-31,1639.1100810170735,1669.6050162808683,1622.8861944178625,1649.889931192548,0.006881053919132185,18,6
2017-09-01,1652.7252490652909,1728.613751626834,1642.9538065804365,1698.122939972774,0.02923407669102085,18,6
2017-09-04,1698.1136030485031,1754.500287560158,1675.576766097012,1739.6262549758528,0.02444070097995632,18,6
2017-09-05,1736.5981762345423,1748.1624278782438,1692.2511177971571,1713.773344970288,-0.014861186379325764,18,6
2017-09-06,1698.538132606431,1796.880720624465,1685.6314153180595,1754.626462566559,0.023838110048898686,18,6
2017-09-07,1745.919611963048,1781.4798021837348,1713.2618870215983,1734.1355471994846,-0.011678220865939504,18,6
2017-09-08,1729.4895639310284,1796.0709632714081,1714.638866921459,1771.32639391575,0.021446332021926473,18,6
2017-09-11,1782.3129468802324,1860.0055944625606,1756.3657507498574,1828.6713815176226,0.032374037782559206,18,6
2017-09-12,1819.7090267863416,1946.4211239904048,1792.8376206899643,1839.9387989060938,0.0061615320840862076,18,6
2017-09-13,1828.2778964003799,1877.9641697421605,1797.9369130363284,1862.2338426527815,0.012117274639755982,18,6
2017-09-14,1850.6143223063434,1879.2048021476355,1795.4144084608843,1814.7715626835566,-0.02548674547854546,18,6
2017-09-15,1806.913556301078,1834.8247587011417,1736.9138468444814,1777.176318911636,-0.020716240294358368,18,6
2017-09-18,1772.7780588799126,1817.4926549492698,1756.9432945217568,1799.9974421720294,0.012841226285509766,18,6
2017-09-19,1804.1399680802951,1832.9673519801045,1754.8133971264003,1792.2877415936712,-0.004283173074432378,18,6
2017-09-20,1797.0159241917167,1853.2581372538277,1774.7574058356195,1841.7294065083352,0.02758578534421119,18,6
2017-09-21,1846.591056558023,1861.9343241762979,1774.3382777289626,1790.8035780289385,-0.027651091576989528,18,6
2017-09-22,1781.0741365813694,1858.5642109162718,1760.3631657776273,1813.365666031154,0.012598862476614237,18,6
2017-09-25,1798.9420882752377,1809.4257148282086,1695.1857055729054,1705.064833634326,-0.059723658843647276,18,6
2017-09-26,1703.571430472841,1736.5394907309553,1686.3387268180354,1718.447260163031,0.007848632066488781,18,6
2017-09-27,1712.2648807661035,1758.3136910635064,1699.4606299530153,1737.2826639046928,0.010960710973390464,18,6
2017-09-28,1729.5522164736858,1773.7796300857874,1710.5149412126932,1729.449862450729,-0.004508651134731867,18,6
2017-09-29,1735.6358476693722,1759.8828948375544,1701.8724285774902,1729.8203534002778,0.0002142247414007592,18,6
2017-10-09,1756.635118233526,1771.5584013415125,1722.2517557740755,1744.3354457665819,0.00839109814945349,18,6
2017-10-10,1739.8972274239568,1750.961409494723,1697.3690393677155,1720.0734709437004,-0.013909007514445682,18,6
2017-10-11,1715.6949411770413,1734.3754868655226,1669.4406082829864,1693.6906705540587,-0.01533818225518424,18,6
2017-10-12,1686.3124219755384,1691.758878869729,1622.9734844088118,1657.0465394290352,-0.02163566922939708,18,6
2017-10-13,1657.7774230812663,1689.3019733665387,1646.6067571818703,1677.5063179407437,0.01234713571699575,18,6
2017-10-16,1686.5597341993239,1703.7154580902343,1634.6579045608637,1662.8984709669496,-0.008708072701464564,18,6
2017-10-17,1647.6470703291052,1658.5528621915128,1612.5585307064957,1626.5199468510423,-0.021876575600405568,18,6
2017-10-18,1626.6310568854499,1655.6593174494164,1588.2229237418674,1598.7626685236655,-0.017065439855880715,18,6
2017-10-19,1592.9747906087055,1621.4520303942668,1564.222304842471,1590.6926296183137,-0.005047677847521914,18,6
2017-10-20,1581.798217376526,1631.2546451234953,1575.2388365706722,1624.9971099802444,0.02156575049333198,18,6
2017-10-23,1623.9675905291285,1645.0415146204095,1604.1691389174102,1625.3462238097177,0.00021483966176250036,18,6
2017-10-24,1621.7612063090203,1644.7104919537999,1593.89458932526,1623.5464553381248,-0.0011073139034797341,18,6
2017-10-25,1619.5450076122445,1641.5417503249473,1605.0427976737235,1634.3698465258135,0.006666511544589193,18,6
2017-10-26,1628.7618994621575,1660.1713236228857,1615.8261949834716,1646.5757302184995,0.00746825066470258,18,6
2017-10-27,1641.5032501297492,1647.0596262420077,1590.1849727946437,1594.4212539535213,-0.03167450807625927,18,6
2017-10-30,1589.6770843205934,1601.077604783534,1498.2641394011057,1513.4186896462597,-0.05080374092254958,18,6
2017-10-31,1512.7024819521282,1544.6334962098701,1505.7803156350074,1536.3797402821776,0.015171644696210684,18,6
2017-11-01,1538.8205263796408,1559.9674778153378,1524.380840970481,1538.4174634662697,0.0013263147974846845,18,6
2017-11-02,1537.4661787441414,1546.309746396566,1497.7172945522377,1504.5310506138455,-0.022026799394277097,18,6
2017-11-03,1501.5220135421048,1524.4041437134636,1464.0978797561515,1485.632566633574,-0.01256104616289655,18,6
2017-11-06,1490.31957947001,1527.5965968804787,1481.7430047135801,1520.1492843846668,0.02323368410623039,18,6
2017-11-07,1519.9343041439035,1545.7618876988222,1499.7117355846865,1537.1481417375746,0.011182360527037805,18,6
2017-11-08,1530.4596226334215,1575.7503941150944,1522.7865720905852,1553.6724579115316,0.010749982858046625,18,6
2017-11-09,1552.4122310433588,1571.4249825932318,1537.26551405526,1555.9334603379464,0.0014552632473474603,18,6
2017-11-10,1552.8191532890069,1584.0308200833465,1534.420889070713,1562.8156319838072,0.004423178639249681,18,6
2017-11-13,1563.8252327767423,1612.2624016723248,1539.617733687393,1602.1923324907414,0.025195998620099802,18,6
2017-11-14,1594.8938010416161,1610.7630703546363,1558.210262623421,1572.7904209908745,-0.018351049935533714,18,6
2017-11-15,1563.015690423145,1578.5030941288449,1512.3537758222487,1520.8798318288611,-0.03300540775757588,18,6
2017-11-16,1519.4113375024554,1553.6392368611087,1504.502887045379,1528.1616940305805,0.004787927388689717,18,6
2017-11-17,1524.9411245104532,1540.1899154627033,1431.843078658187,1441.8205253149192,-0.05650002159649303,18,6
2017-11-20,1434.8131987844401,1466.8770348453768,1387.126560167371,1459.0773160136775,0.011968750892202173,18,6
2017-11-21,1454.9218349747953,1486.0637545446652,1434.2325622053258,1465.9030821515648,0.004678138754521832,18,6
2017-11-22,1467.131232115174,1497.241992723068,1452.4214695057485,1480.1398058424904,0.009711913334699895,17,7
2017-11-23,1475.08868355228,1505.9028192021972,1432.5694994587534,1437.8934489628236,-0.028542139541757883,17,7
2017-11-24,1427.9264456057242,1519.9321036219553,1415.7918790926722,1497.0610993757462,0.04114884204778946,17,7
2017-11-27,1487.223307037567,1511.4993334660808,1446.7678092980352,1460.8388964577691,-0.024195540805302507,17,7
2017-11-28,1453.2592094743097,1496.4349836692581,1438.7016973605585,1490.2573228863866,0.020138036096896794,17,7
2017-11-29,1486.5481995112525,1542.8202778961397,1473.5889954199856,1528.4742658722942,0.025644526216376695,17,7
2017-11-30,1515.8797292320698,1531.817995052934,1485.7300110786964,1497.6288708597124,-0.020180513143921552,17,7
2017-12-01,1488.5964375368258,1523.2667835234406,1475.7057366042818,1507.415411219086,0.006534689968787699,17,7
2017-12-04,1501.7956557551774,1531.2320742311315,1475.3696646964765,1484.1813358167458,-0.015413186855739003,17,7
2017-12-05,1476.0610735321422,1484.3181540446262,1379.5961514529658,1396.2562275879548,-0.059241486270547816,17,7
2017-12-06,1381.0873778871837,1426.4700581044413,1367.5549484136843,1421.6798627208002,0.018208430967405764,18,6
2017-12-07,1417.7798893412578,1468.9861534201943,1409.0828757358415,1434.7072820400042,0.009163398639038256,18,6
2017-12-08,1431.2616789561707,1467.5714260792936,1420.658568957711,1450.4112721616486,0.010945779894080632,18,6
2017-12-11,1447.0658789709937,1471.2868991767118,1434.4094416168348,1463.5527870449953,0.009060543816486577,18,6
2017-12-12,1459.8160291174738,1494.8965517771014,1442.6729403352763,1455.983728679429,-0.0051717016513279646,18,6
2017-12-13,1451.6175535474092,1484.3890384978124,1435.9401975854034,1477.135765394791,0.014527660095863038,18,6
2017-12-14,1471.953471448429,1485.7237079919182,1447.0680669577928,1464.0255574545015,-0.00887542516228046,18,6
2017-12-15,1458.6264046226922,1470.1533152173436,1427.7020489895674,1448.4262361175454,-0.010655088128433188,18,6
2017-12-18,1446.7764483269202,1467.7121782123454,1424.7148864909836,1450.7736694507114,0.0016206785507133503,18,6
2017-12-19,1449.0534329200073,1471.3214104853928,1431.1839225948152,1458.7587058056854,0.005503984889660529,18,6
2017-12-20,1456.2088573065314,1463.0508089420293,1412.8199159623819,1418.8224630780414,-0.027376866762612972,18,6
2017-12-21,1414.6910111633185,1448.7187091194105,1403.1233012854484,1432.7670553188077,0.009828285499874578,18,6
2017-12-22,1427.5337370906743,1470.2415843860888,1420.2954981169264,1444.0315697283193,0.007862069669800631,18,6
2017-12-25,1443.5862294239244,1460.1822841293072,1409.4547616919838,1425.87612674906,-0.012572746579685212,18,6
2017-12-26,1424.723049203825,1442.9486265326343,1397.5990738432113,1431.6453083567642,0.004046060874066004,18,6
2017-12-27,1428.9231331602375,1474.9788834246472,1412.4764289100892,1435.9559743285417,0.003010987390951847,18,6
2017-12-28,1430.9908409027648,1501.3551842824395,1423.3778268745443,1486.8265717880065,0.03542629326310087,18,6
2017-12-29,1481.151586673049,1504.694384345979,1462.2932856225634,1491.33358378195,0.0030312963727325837,18,6
2018-01-02,1492.9825955727536,1513.7211313554471,1471.2570888703165,1504.2838537584971,0.008683684265800462,18,6
2018-01-03,1500.4661412501769,1526.701813939945,1490.4111958488593,1503.8148255499013,-0.0003117950162290217,18,6
2018-01-04,1499.6513834674702,1522.769510015836,1479.4227664095833,1510.6573935697213,0.004550140019611737,18,6
2018-01-05,1505.2168533437064,1514.9840075789737,1480.3099429490123,1490.0040728402666,-0.01367174371725044,18,6
2018-01-08,1484.566336240957,1524.494732191084,1471.4502808190346,1512.1816081868296,0.014884211225200117,18,6
2018-01-09,1513.0981051540498,1564.1093354800635,1490.437334538264,1532.3072643423232,0.013309020587563669,18,6
2018-01-10,1539.7158220620368,1570.6158905955701,1506.5000333659248,1531.9888218163799,-0.00020781897557597961,18,6
2018-01-11,1521.8067086048786,1555.1039462700537,1503.053713400684,1533.64682834043,0.001082257585981683,18,6
2018-01-12,1529.2486203920353,1542.2440802043993,1495.662744070411,1500.8284176190377,-0.02139893625764222,18,6
2018-01-15,1494.8720904801019,1507.717949886504,1410.2477482056715,1424.573833710498,-0.05080832892910736,18,6
2018-01-16,1420.6128144773982,1453.4100288447569,1404.9321482918026,1432.4731233450889,0.005545019463130352,18,6
2018-01-17,1427.7032369459123,1452.2487451478448,1386.9030438958766,1437.391763791783,0.0034336703192086038,18,6
2018-01-18,1432.56065518888,1470.449930867398,1423.3424314500264,1445.0237358984732,0.0053095977721184795,17,7
2018-01-19,1455.9064296791898,1472.3047226521212,1428.5312682845008,1444.9815480882858,-2.919523682520797e-05,18,6
2018-01-22,1439.8763418028407,1465.1955586943066,1411.8954622821664,1451.7311410198447,0.004671058215579782,18,6
2018-01-23,1449.5296370367703,1477.8041603343515,1436.366411332748,1462.1402030310564,0.007170103139000794,18,6
2018-01-24,1456.3282041135537,1468.479684215163,1432.1318696991812,1456.436403524519,-0.0039009935536368223,18,6
2018-01-25,1457.2030784762655,1483.5101838487847,1447.259153293632,1454.673665167391,-0.0012103091853941095,18,6
2018-01-26,1452.3528326492321,1464.7622733465612,1427.7457854044421,1439.2271826383842,-0.010618520771274897,18,6
2018-01-29,1433.4890330663557,1451.2784308172224,1404.4813628796687,1412.7593487065494,-0.018390309918489778,18,6
2018-01-30,1408.2689046012927,1430.1584562709056,1400.19942443581,1416.79850089385,0.0028590518201125903,18,6
2018-01-31,1408.3473936818768,1411.5224778181685,1347.264823889745,1360.5546661344047,-0.03969783615945488,18,6
2018-02-01,1356.5642635321399,1373.2962819000509,1274.5110543035976,1286.4968806253833,-0.05443205433224796,18,6
2018-02-02,1282.6696292929544,1318.5143542567089,1246.9809468575977,1305.699813692422,0.014926529054391402,18,6
2018-02-05,1279.4585178584096,1317.9521733079603,1270.3463847362505,1299.862696541855,-0.004470489379990061,18,6
2018-02-06,1270.0374774280815,1296.4931854316487,1196.0089664748398,1200.9873476262405,-0.07606599464594355,18,6
2018-02-07,1229.6611780827866,1246.4441371764565,1181.9277792570697,1217.1322105688314,0.01344299169720764,18,6
2018-02-08,1215.9289144259194,1256.2483081498183,1210.0102041878606,1242.4030669322942,0.02076262228870962,18,6
2018-02-09,1213.5405752136703,1228.0143722967268,1166.5890060135077,1188.8006559923626,-0.04314413926253835,18,6
2018-02-12,1197.010975397917,1245.1142508138414,1191.5870760541277,1232.8462613230117,0.03705045510248439,18,6
2018-02-13,1239.9730452618578,1257.4272668680885,1224.6422539247808,1231.986068951004,-0.0006977288239367052,18,6
2018-02-14,1233.5589020076352,1245.5352087412286,1219.4886870798273,1232.4764034496673,0.0003980032818722279,18,6
2018-02-22,1244.1306828876668,1297.9132793001752,1237.7837247016444,1277.2276186430408,0.03630999755298858,18,6
2018-02-23,1274.2726251332867,1292.7745817977905,1256.0439619738102,1282.4241479815284,0.004068600821526491,18,6
2018-02-26,1293.504675412866,1330.5333325441861,1280.2071725741382,1319.6799784101922,0.02905109864571931,18,6
2018-02-27,1317.438626664638,1335.774031841115,1300.8897169495776,1313.184779115218,-0.004921798770334496,18,6
2018-02-28,1304.7472702696246,1384.780005331269,1289.9473743622582,1362.1398040560355,0.037279616486114,18,6
2018-03-01,1345.2754007494302,1386.4977743512775,1336.9623023881004,1372.4367901513544,0.007559419425713587,18,6
2018-03-02,1365.9047651995022,1449.183083592322,1357.1626223732012,1395.525370723156,0.016823055704631162,18,6
2018-03-05,1389.9478148675835,1412.9178685024433,1373.1779833615308,1395.4336175122824,-6.57481496205703e-05,18,6
2018-03-06,1398.3952864995993,1434.3809609560255,1385.5910149799017,1411.2807991998636,0.011356456866671305,18,6
2018-03-07,1403.5937040487793,1416.9439276367586,1375.8951853084493,1383.1594581816646,-0.019926113239932652,18,6
2018-03-08,1380.9082224919323,1407.4933891338503,1370.8475006022516,1388.1048152969927,0.003575406353963917,18,6
2018-03-09,1387.5002764870007,1410.7144207454292,1373.4494995362493,1402.7062456705967,0.010518968173509391,18,6
2018-03-12,1408.2714179105828,1447.049627906281,1399.7799017744983,1432.696750937009,0.02138046034868446,18,6
2018-03-13,1430.8137388590733,1444.1098821737537,1403.6586227796986,1415.0766055381696,-0.012298586834454284,18,6
2018-03-14,1416.9550323659125,1476.3340980681035,1409.0746389842504,1436.0457686307514,0.014818394290821324,18,6
2018-03-15,1422.5754746956752,1444.7600176666992,1394.8066820225924,1428.4486767980136,-0.005290285308929499,18,6
2018-03-16,1423.6943580230345,1440.1763541778014,1395.2907801368115,1403.2064615581419,-0.017671069076457324,18,6
2018-03-19,1396.461974496053,1419.0357702084991,1376.662167136294,1402.525775892107,-0.0004850930242147333,18,6
2018-03-20,1387.1147405424551,1417.449952230439,1373.5604625190529,1406.6769580600526,0.0029597902864246795,18,6
2018-03-21,1414.0425744834204,1438.016646111862,1386.8235968593697,1393.4410892655314,-0.00940931655891697,18,6
2018-03-22,1402.0281527856887,1424.6082949939153,1389.1746546894478,1403.6767125971448,0.007345573064024169,18,6
2018-03-23,1343.8486755000647,1375.2738604883323,1276.517072183283,1297.3426577226248,-0.0757539495527969,18,6
2018-03-26,1260.6834570733592,1356.3429294660343,1242.6252848648976,1336.1791969227413,0.029935452263853524,18,6
2018-03-27,1353.0260890512916,1388.9064078789822,1343.895689453912,1379.8976237238167,0.032718984775216065,18,6
2018-03-28,1366.2648868608096,1394.5979255272002,1343.3251790686365,1358.6347735452762,-0.01540900557619651,18,6
2018-03-29,1362.5832701884578,1399.4839536322388,1354.4082787983143,1381.450941193324,0.016793451847629592,18,6
2018-03-30,1388.427757669063,1418.7334479020794,1376.8150245876104,1414.7725950555687,0.024120765253857535,18,6
2018-04-02,1418.3303883979468,1460.1933081643676,1401.8193281002266,1437.9291320570608,0.01636767426964658,18,6
2018-04-03,1411.7085302811347,1423.820823656155,1379.5136485468242,1398.4408598240123,-0.027461904312737317,18,6
2018-04-04,1403.5089452766551,1424.788403220016,1370.9119047555976,1375.8949035403768,-0.01612220933423869,18,6
2018-04-09,1371.1125345066378,1450.557278488553,1364.1207603113535,1430.4984105625178,0.03968581239863456,18,6
2018-04-10,1428.382422707282,1453.3935441733367,1401.5428984098507,1435.366681550026,0.0034031991588119315,18,6
2018-04-11,1438.7553281929795,1464.8945301918843,1422.8447957844005,1450.8284546075367,0.010772002204213038,18,6
2018-04-12,1440.3071724529746,1451.43629668492,1412.0540681855962,1417.7822909916558,-0.022777443819035237,18,6
2018-04-13,1423.7842950593522,1439.7177093093223,1397.810498762535,1412.503358911733,-0.003723372843252637,18,6
2018-04-16,1410.4234332148515,1440.1932384575573,1378.5099171689315,1401.2808461390168,-0.007945122892565881,18,6
2018-04-17,1401.7787303823122,1423.5079101351014,1355.944586910584,1361.6499797923618,-0.028281886857906446,18,6
2018-04-18,1372.2513304899576,1397.0655579201623,1317.3337971878764,1379.543144283077,0.01314079591397177,18,6
2018-04-19,1374.446209815582,1421.4732522378295,1364.7911687079911,1406.1326512273613,0.019274139452958083,18,6
2018-04-20,1394.6274180474534,1404.788321518967,1343.2286159743185,1352.4893180558654,-0.03814955375986229,18,6
2018-04-23,1343.0867504842336,1363.2767094850453,1308.0357119074488,1334.1815772812333,-0.01353632929312043,18,6
2018-04-24,1333.7382771697532,1369.6022231574923,1329.5828890056741,1363.942553615642,0.022306541209371922,18,6
2018-04-25,1357.543159245206,1379.356172275075,1343.1282885091564,1361.3170885330824,-0.0019249088428247019,18,6
2018-04-26,1360.2379113237985,1378.5583552322646,1323.809296104557,1335.746178192243,-0.018783948689275576,18,6
2018-04-27,1338.9650814827837,1355.3669352825136,1315.601588433255,1333.2257899527244,-0.0018868766242172708,18,6
2018-05-02,1335.0613847104005,1347.750210313153,1308.5856802955116,1328.5627113354403,-0.0034975910700387747,18,6
2018-05-03,1324.8353764454316,1338.8275271082236,1290.8689855650862,1333.3481992257066,0.0036020037665034366,18,6
2018-05-04,1329.673966020376,1355.3609248243292,1322.4840057387394,1330.5510564546398,-0.002097833688672557,18,6
2018-05-07,1331.6791534747024,1368.1447837175394,1324.8832424150235,1362.0078860323654,0.023641956034024636,18,6
2018-05-08,1360.7417894424955,1374.0354650868153,1347.6033546911135,1366.2332525487557,0.00310230693942537,18,6
2018-05-09,1362.895650893274,1381.5316640049398,1351.3468934748096,1367.8295969368671,0.001168427415401574,18,6
2018-05-10,1369.408681421906,1381.6105451802368,1356.1124142481233,1369.7180256887784,0.0013806023470617212,18,6
2018-05-11,1369.8106316390072,1406.2251175438134,1357.6491549827997,1386.5947345143197,0.012321301544567564,18,6
2018-05-14,1379.8549958320136,1402.6314653545285,1359.031867994941,1374.6552183464732,-0.00861067467707377,18,6
2018-05-15,1377.6387102505876,1391.63839657147,1350.5926668873506,1376.9428221490698,0.001664129137303405,18,6
2018-05-16,1370.264416527052,1382.1631148885058,1349.315475404862,1355.721069551167,-0.015412225007848113,18,6
2018-05-17,1356.4247842198736,1372.5465115199618,1336.6470064404155,1347.3971975236789,-0.00613981165775046,18,6
2018-05-18,1348.002434747953,1363.6299257318014,1332.3729301045832,1355.5210541028282,0.006029296033923659,18,6
2018-05-21,1366.8816878524344,1394.1197610243564,1359.107791575269,1383.4061892763714,0.02057152494174974,18,6
2018-05-22,1388.7233229978665,1406.3052528838198,1368.5661017836303,1393.371966169671,0.007203796665469886,18,6
2018-05-23,1391.1087678049698,1399.3939649007375,1363.6743600350278,1367.9464579419657,-0.018247466466257967,18,6
2018-05-24,1363.679762278886,1383.4286358894083,1354.5128629689061,1362.612212497199,-0.003899454846202133,18,6
2018-05-25,1361.5403996070324,1375.8395372413054,1333.0221062899811,1340.847150852256,-0.01597304166609148,18,6
2018-05-28,1338.777632466469,1349.6451927894693,1308.409336492554,1319.1867564632948,-0.01615426066661918,18,6
2018-05-29,1318.8448522241154,1333.4956010008186,1294.9281122788714,1313.2591599764755,-0.0044933717366227865,18,6
2018-05-30,1293.3522162244108,1349.601664081232,1264.77355415638,1294.7195107794566,-0.01411728146434632,18,6
2018-05-31,1291.2381917674693,1319.3319460932871,1273.9727979320178,1306.0019992004243,0.008714233721692555,18,6
2018-06-01,1298.248424346935,1318.3954681003872,1265.8611791026149,1280.3204306209354,-0.019664264369588902,18,6
2018-06-04,1283.518820620026,1295.2099786671877,1253.3059086491385,1263.8919813492037,-0.012831513798279626,18,6
2018-06-05,1264.6030597347062,1289.6165036362213,1257.301195868109,1286.6749528302248,0.01802604321984891,18,6
2018-06-06,1283.7738458801673,1300.8385797856854,1272.7646073520139,1286.4755871195,-0.00015494644570979155,18,6
2018-06-07,1296.8649492253232,1309.2464445041023,1274.1869085751428,1282.7711795029861,-0.002879500904333754,18,6
2018-06-08,1279.304918165252,1285.437950637485,1239.5303590264004,1254.5771072532898,-0.02197903468693463,18,6
2018-06-11,1250.1738834097753,1264.4631241089533,1238.192673333687,1246.4681217186123,-0.0064635210444983215,18,6
2018-06-12,1248.1189790191584,1272.7723882195314,1232.1896327405489,1265.2911733377287,0.015101109519883416,18,6
2018-06-13,1261.068521560766,1280.451898195671,1240.285822128791,1247.0399759850636,-0.014424503811656053,18,6
2018-06-14,1258.050687820164,1301.4240029854464,1251.4607080235119,1275.9475713889553,0.023180969303776333,18,6
2018-06-15,1269.1198520578296,1293.4730080954469,1232.0107953007346,1260.1498336880743,-0.012381180900469246,18,6
2018-06-19,1235.9657624475028,1258.0870014911486,1139.7639212708357,1160.0518943758318,-0.079433363109914,18,6
2018-06-20,1147.9863495597317,1177.0078838652653,1119.9816899056057,1159.9574252973744,-8.143521761005967e-05,18,6
2018-06-21,1159.2051322359528,1190.51299724199,1118.644907954708,1125.7896550719595,-0.029456055438117024,18,6
2018-06-22,1111.075594241228,1149.2498229702571,1085.4424614788259,1140.8837788029766,0.013407587876664628,18,6
2018-06-25,1159.5535724834008,1168.461522955562,1127.296819733588,1131.2817732739973,-0.00841628718663523,18,6
2018-06-26,1108.9719038398505,1156.7077092456764,1095.7544789111776,1147.64751773204,0.014466550106857268,18,6
2018-06-27,1146.8247454547322,1191.4469994998256,1133.152002474011,1176.4820423552665,0.025124896083257964,18,6
2018-06-28,1166.8845205774835,1193.6154438551805,1145.9805937042627,1158.3245617084633,-0.01543370828716839,18,6
2018-06-29,1155.6894516935397,1194.9783410263797,1147.7913494888346,1188.4267909534522,0.02598773283421507,18,6
2018-07-02,1186.5510592067167,1202.4216534406378,1151.665247634311,1164.9225978828829,-0.019777569177578225,18,6
2018-07-03,1160.6060514124943,1185.9109390860067,1132.269026525101,1173.2743239125246,0.007169339872726388,18,6
2018-07-04,1165.6041344349312,1199.399738883738,1146.1320135005149,1163.146410640009,-0.008632178396900447,18,6
2018-07-05,1154.996108476246,1169.7553363091993,1110.6949799610823,1117.941012989152,-0.03886475274078627,18,6
2018-07-06,1121.3201784453543,1144.8732356787943,1086.5821322018705,1120.4529853978297,0.0022469632829387187,18,6
2018-07-09,1122.0511526752769,1155.7184865446734,1118.2572251290787,1152.2445729670194,0.028373870196706008,18,6
2018-07-10,1154.0472066153945,1181.3450604437915,1145.4929691247235,1167.5537861864204,0.013286426839034693,18,6
2018-07-11,1149.644601727915,1162.8882969023387,1113.6795444029287,1137.6906063161216,-0.025577562441762125,18,6
2018-07-12,1134.7263981690226,1179.50857912287,1131.8675210998952,1170.4758597871228,0.028817372042088785,18,6
2018-07-13,1169.3549500869433,1192.5609682385075,1160.5481859222893,1180.786781651442,0.008809170883878226,18,6
2018-07-16,1177.4369945731282,1185.4193468832816,1158.6492270350975,1170.031797543404,-0.009108320210864829,18,6
2018-07-17,1167.9869862812427,1179.780775525918,1155.1310025217424,1173.2522482613288,0.002752447176808781,18,6
2018-07-18,1174.0568717123915,1188.2100166577832,1155.5490501448653,1159.4596774594343,-0.011755844339811916,18,6
2018-07-19,1157.8064610106796,1193.0376977203416,1130.0398316160813,1174.6728118197198,0.01312088264563016,18,6
2018-07-20,1168.2894232271665,1184.7811269062179,1147.183608290864,1171.1103276898068,-0.0030327458795904594,18,6
2018-07-23,1163.1866271948775,1192.622437766658,1155.895879794105,1187.1330357442832,0.013681638420936615,18,6
2018-07-24,1184.793653228495,1229.0997366537529,1178.2860639899745,1210.9435914667627,0.020057192416982117,18,6
2018-07-25,1206.1918959028596,1223.97848508797,1196.081678546059,1209.576422073574,-0.00112901162599377,18,6
2018-07-26,1210.5441576145763,1220.5978438829532,1189.6295127895062,1201.328739434402,-0.006818653611842862,18,6
2018-07-27,1196.601962940919,1212.661076700293,1180.4291221561266,1189.8362466222306,-0.009566484539096143,18,6
2018-07-30,1191.3273113224368,1208.7027299259307,1173.3107435075253,1184.109949885125,-0.004812676326983678,18,6
2018-07-31,1180.266256473258,1193.099686025033,1164.0718616756822,1178.3367305377017,-0.004875577093143457,18,6
2018-08-01,1180.4076020610537,1188.1887469056387,1144.8896058204002,1147.5382396365837,-0.02613725779986842,18,6
2018-08-02,1144.571234791902,1150.5082724705173,1080.1654590426501,1109.0127384984023,-0.0335723026976269,18,6
2018-08-03,1108.141175920004,1122.4089684206451,1090.4298246218798,1094.8571565840973,-0.01276412923215986,18,6
2018-08-06,1093.7889248608717,1106.6884780110897,1062.2420288440403,1071.421351138103,-0.021405354392634024,18,6
2018-08-07,1073.4981522019093,1105.4029339601107,1065.6166102923935,1103.303761405539,0.029757116780965154,18,6
2018-08-08,1101.5584202755806,1112.369080713117,1082.1157301171804,1085.8148593584453,-0.015851393477362752,18,6
2018-08-09,1082.7264169294324,1118.778735717572,1078.1710211813472,1109.4662475216446,0.02178215554829821,18,6
2018-08-10,1109.6851685581028,1120.299725507674,1096.2221930323187,1113.0370033556148,0.0032184447629179935,18,6
2018-08-13,1098.5842428499486,1113.1147107095856,1082.3547439939796,1109.2205772761665,-0.003428840252338916,18,6
2018-08-14,1104.9313202071003,1142.1782802233702,1095.6536330491472,1123.6059800937223,0.01296892891482515,18,6
2018-08-15,1121.1878947905755,1130.695241430338,1091.5508506738302,1096.3193094550466,-0.024284910477603394,18,6
2018-08-16,1080.3320849878453,1096.865564659017,1065.1309235889983,1078.558174786262,-0.016200694921275405,18,6
2018-08-17,1087.7992085697665,1094.1298103263575,1055.4923646944924,1057.6311292896148,-0.019402797165571917,18,6
2018-08-20,1057.5360284502644,1072.8106449370946,1036.8972812519537,1063.0787364165124,0.005150762847304424,18,6
2018-08-21,1062.9896674849247,1079.4394314928215,1055.507464409963,1070.9153842763726,0.007371653285321411,18,6
2018-08-22,1068.6075006065105,1074.9135693144387,1047.5113099780215,1051.7705370189742,-0.01787708677874178,18,6
2018-08-23,1055.430947050782,1070.6197658086055,1047.2589877151465,1057.1376863172206,0.005102966007641152,18,6
2018-08-24,1055.2613046657063,1072.766778648401,1045.2691911188992,1057.5758348708398,0.00041446687530877213,18,6
2018-08-27,1058.2636240267746,1084.1566369354246,1054.670664443789,1080.275281347707,0.021463658423737986,18,6
2018-08-28,1081.081982844354,1094.4481976672678,1072.804135783929,1086.3193650889993,0.0055949477375358825,18,6
2018-08-29,1082.2225439390118,1087.8083441969732,1064.7475751863865,1071.6803409890304,-0.01347580147277383,18,6
2018-08-30,1071.5045738895126,1077.933713146217,1048.354765579219,1050.2447352014108,-0.020001865265007135,18,6
2018-08-31,1050.53298788202,1063.3060138075027,1037.754700548965,1044.8157742140781,-0.00516923418453652,18,6
2018-09-03,1045.3415923362522,1054.619858558107,1021.8637818851988,1046.2944738798988,0.0014152731058572066,18,6
2018-09-04,1044.8017706683227,1062.5498506759232,1037.794991178542,1057.4376348930598,0.01065011934148874,18,6
2018-09-05,1055.1859626535318,1058.5637005148003,1031.5835467656116,1036.7596084518777,-0.019554842535251082,18,6
2018-09-06,1034.2065154767133,1046.3319394729294,1021.3520336313961,1030.5932150300116,-0.005947756231624357,18,6
2018-09-07,1030.353661997694,1044.6801832054316,1020.3329392124889,1029.6443111599344,-0.0009207356076466056,18,6
2018-09-10,1029.1726184625861,1032.4011019597203,983.7368845329538,989.1549458510082,-0.039323642999895214,18,6
2018-09-11,989.2804779025778,1000.0834053701258,975.9260997386771,985.2097256999568,-0.003988475382546985,18,6
2018-09-12,985.9915217139329,999.4275977929713,980.1243596101708,990.3191349862237,0.00518611332489316,18,6
2018-09-13,996.1717028761904,1005.2059883452375,986.4693188706988,999.6864517013927,0.009458886922647736,18,6
2018-09-14,1000.884720616583,1037.8670974300005,995.8795123622839,1010.3259013720705,0.010642786698339401,18,6
2018-09-17,999.4345067247597,1006.0030533093374,978.1894620444363,988.5280758401236,-0.021575043758003565,18,6
2018-09-18,987.1467702974547,1005.8713453092598,978.4599084039871,1003.094488418903,0.014735456619580312,18,6
2018-09-19,1001.4599192601286,1029.477273368165,996.7533439799143,1016.641737266991,0.013505456369759639,18,6
2018-09-20,1034.938952923087,1080.3493956582581,1028.4585600560697,1053.311663676975,0.036069664529574386,18,6
2018-09-21,1047.6763582312174,1064.0838973702903,1029.1150458516784,1054.6379658362864,0.0012591735238944857,18,6
2018-09-25,1051.5784699395274,1063.6097478588838,1041.9790350218852,1049.8971104379204,-0.004495244389013275,19,5
2018-09-26,1056.9099889539732,1068.6730514299895,1046.4773302778779,1056.3284858618472,0.006125719710995403,19,5
2018-09-27,1058.799501316417,1064.4203593535733,1035.9208494808472,1038.0704477664979,-0.017284432200512678,19,5
2018-09-28,1045.434011447793,1077.3764399302531,1041.0345170818862,1072.5242323480861,0.03319021811642808,19,5
2018-10-08,1060.6161117484014,1097.5420783657796,1045.3381023566474,1057.044138176796,-0.014433328128539813,19,5
2018-10-09,1068.11707255581,1083.3671087690957,1055.6656377111144,1072.4441841874818,0.014568971582632484,19,5
2018-10-10,1075.1321338250355,1087.3711179601034,1053.5335258445566,1070.4234787538917,-0.0018842056895680415,19,5
2018-10-11,1035.7637838700389,1049.9125775962855,977.7843719178886,987.4382401096539,-0.0775256151339685,19,5
2018-10-12,980.1749954068916,997.1046029271982,931.9668344471892,974.1667522244601,-0.013440321982790548,19,5
2018-10-15,986.71943334725,1001.5127877527336,956.3279516041354,966.6501392667849,-0.007715940767339169,19,5
2018-10-16,968.553272384574,991.8066882263136,939.6305027005063,953.2301823058597,-0.013882951458636716,19,5
2018-10-17,972.7751578749342,984.0394537079051,935.1417194447589,967.8875953262748,0.015376572513638775,19,5
2018-10-18,965.7331410901231,969.7751041289183,926.6190781196707,934.6757493788223,-0.03431374274019583,19,5
2018-10-19,913.8633735549455,958.0286413686512,900.460632582506,949.8437819579233,0.016228122521828148,19,5
2018-10-22,956.6791458085739,1013.2732466348949,953.1752631847038,995.633945260088,0.0482080992389895,19,5
2018-10-23,993.7885041656822,1014.0683959569539,968.2685830395839,976.947097482412,-0.01876879335687409,19,5
2018-10-24,971.4654495668971,998.5660958369874,965.3598572389479,981.2832529809458,0.00443847523546359,19,5
2018-10-25,947.1713493875814,989.9052009510436,933.5141055597196,985.2725312517052,0.004065368749176956,19,5
2018-10-26,996.64516071857,1016.2358771107814,978.6079724535618,987.4110405264728,0.002170474875667905,19,5
2018-10-29,977.0443125668792,1000.8579610628758,960.8405588567329,977.980246301288,-0.00955103177715777,19,5
2018-10-30,973.3285476350723,1010.3024520739033,959.0184658402651,996.5215674781671,0.018958789042009982,19,5
2018-10-31,1006.6025723835735,1073.2216059753232,1002.1719929097522,1053.8809721765501,0.057559621959350826,19,5
2018-11-01,1057.6801896902125,1081.4742598316345,1041.0020586295625,1055.2771419167454,0.001324788830100898,19,5
2018-11-02,1066.4233222025432,1087.3253975961845,1055.5770506823667,1079.494781782673,0.022949080297465674,19,5
2018-11-05,1081.4236521992902,1098.5765277880425,1052.3289590266872,1074.0015332203996,-0.005088721738146673,19,5
2018-11-06,1065.9208362778709,1098.9855415065572,1049.58585878182,1082.6928961204733,0.008092505114040804,19,5
2018-11-07,1081.856484953853,1103.3547916063835,1062.8410953913321,1070.5471278220452,-0.01121811027111097,19,5
2018-11-08,1074.66077481723,1084.584630627995,1052.700348202327,1058.7172971648943,-0.011050266120668728,19,5
2018-11-09,1056.6003046658598,1073.4270049118431,1045.1989812166435,1051.051378897144,-0.007240760388328882,19,5
2018-11-12,1048.9951725988258,1084.5061317227223,1043.161768414557,1082.7779083824269,0.03018551720903795,19,5
2018-11-13,1069.69631719367,1103.624715160865,1061.2589644095026,1093.6318422798,0.010024155289229952,19,5
2018-11-14,1092.2342652257728,1114.3371255126149,1076.651154786554,1089.2989993241488,-0.003961884418634765,19,5
2018-11-15,1084.7250175201816,1112.4935033305862,1079.185055804857,1110.6268579888178,0.019579434735459866,19,5
2018-11-16,1111.3673192940462,1134.6449292508435,1098.0385983590713,1121.3489839410752,0.00965412089139761,19,5
2018-11-19,1120.11916911733,1156.0845969910488,1103.7624559666524,1144.1910442457686,0.020370161860238323,19,5
2018-11-20,1130.9369613882272,1141.0310186932966,1094.730932853632,1098.8671014473712,-0.03961221600740128,19,5
2018-11-21,1086.6774505937894,1109.345785766886,1075.7696136829363,1101.5784240458581,0.0024673798996399654,19,5
2018-11-22,1103.2377425857705,1117.5292744446538,1089.1952783536863,1100.2743461670993,-0.0011838266348475068,19,5
2018-11-23,1098.329039357772,1105.2925036876788,1026.9787844225357,1033.6497038445873,-0.06055275446038055,19,5
2018-11-26,1027.5835870826286,1059.7786275958645,1021.4843506051665,1038.2556439896891,0.00445599716032441,19,5
2018-11-27,1045.0922247183805,1068.8594244928938,1034.9642892059771,1058.1343437895096,0.019146247761710145,19,5
2018-11-28,1059.0224304326798,1078.398823348392,1036.614967971589,1070.208654224731,0.011410942765527565,19,5
2018-11-29,1078.6590542031954,1100.9000796658925,1046.550597357627,1051.0347998965105,-0.017915996336349993,19,5
2018-11-30,1043.8467262183053,1073.0182923778748,1028.134692830904,1060.3338732084876,0.008847540835843715,19,5
2018-12-03,1084.6308685250142,1112.6389507235751,1070.4080790165838,1102.3454853966962,0.0396211167536169,19,5
2018-12-04,1094.577255722485,1106.8652399053153,1082.034011168375,1098.1732823999257,-0.003784841551075946,19,5
2018-12-05,1073.3643542809411,1114.3715612762255,1064.1872627689609,1090.678040023756,-0.006825190975134565,19,5
2018-12-06,1083.6727333447668,1095.012352196452,1064.2793485396141,1069.4748984123405,-0.019440330540581363,19,5
2018-12-07,1073.0209086650336,1083.3410710688781,1060.6201208620773,1068.2608764054273,-0.0011351570838319391,19,5
2018-12-10,1060.1666973533434,1071.2932830985033,1038.4682351973167,1048.0997936516296,-0.018872808317793477,19,5
2018-12-11,1051.6329452992097,1062.982465711144,1043.394762889714,1054.9011827423199,0.006489257160326112,19,5
2018-12-12,1059.0909082798128,1079.0168555062837,1052.583043491487,1061.751511699043,0.006493811049595344,19,5
2018-12-13,1063.109083146612,1076.6321495695909,1046.2731007881916,1064.886009822087,0.0029521955829647784,19,5
2018-12-14,1061.9596096955925,1073.0495813314114,1025.1796258550178,1033.9215075832951,-0.02907776227050396,19,5
2018-12-17,1033.6577489823062,1051.2487713969924,1019.3421058196672,1043.1783895130582,0.008953176679146857,19,5
2018-12-18,1033.4901304794416,1044.708792198558,1018.3995739615557,1031.8300965503674,-0.010878573671362024,19,5
2018-12-19,1032.8752233947212,1038.4656145161618,1005.6530538908024,1008.1150918743571,-0.022983439575270048,19,5
2018-12-20,1004.0364406011039,1020.1465736317282,998.4306639669047,1013.9363049377506,0.005774353652984399,19,5
2018-12-21,1011.8311320245068,1019.5934913852825,992.1547991677162,1004.6655846862437,-0.00914329648357537,19,5
2018-12-24,1004.3236044902136,1019.9348454993215,997.3132984153805,1014.2644715657796,0.00955431043508237,19,5
2018-12-25,1003.5124293284888,1005.9101726597565,962.1000071665902,992.5890116072682,-0.021370619366218868,19,5
2018-12-26,993.2679875802762,1007.9325801846227,983.1726114612355,995.7420474388634,0.003176577409908621,19,5
2018-12-27,1014.90052383592,1021.7187269737918,973.042090524484,975.876450691079,-0.019950545222912397,19,5
2018-12-28,977.4008657953522,991.8658665920113,968.2761103219467,977.4589795596279,0.0016216487931728363,19,5
2019-01-02,979.156518014962,990.1664594195429,966.7615116858403,974.7442935357022,-0.00277728895093754,19,5
2019-01-03,978.1065680319371,995.2206615716796,970.413232908793,979.2928101403415,0.004666369051662178,19,5
2019-01-04,968.9754276244557,1025.9827171002703,959.7254973274809,1017.0544986681987,0.0385601611048747,19,5
2019-01-07,1021.9284924041873,1050.6282541631076,1014.2225154280457,1041.971533722816,0.024499213254791652,19,5
2019-01-08,1037.5040169306933,1071.4227058994852,1028.0912602328324,1040.9808528723033,-0.0009507753508133376,19,5
2019-01-09,1043.9051909008183,1058.5256844257292,1031.8403522628873,1036.2001416741966,-0.004592506370232896,19,5
2019-01-10,1034.0719580549485,1051.3855165246796,1024.5467140528144,1035.3016066528487,-0.0008671442757151038,19,5
2019-01-11,1038.1945511406252,1061.3060526321976,1033.8549118270805,1054.3817600731259,0.01842956033069787,19,5
2019-01-14,1055.6183069891479,1075.0003166895322,1038.8367144532442,1048.9676532578626,-0.005134863879746598,19,5
2019-01-15,1043.2322930487019,1059.9362090552354,1034.5402208783826,1054.7178890627404,0.005481804693422854,19,5
2019-01-16,1057.127915919888,1063.820392747199,1038.6650482007292,1044.121071497839,-0.010047063461034234,19,5
2019-01-17,1045.655173646135,1068.3712011509165,1028.8666856665823,1044.9539164154714,0.0007976516712162596,19,5
2019-01-18,1041.6006293826701,1065.118110220602,1034.7111675204976,1054.7576645087615,0.009381990860343414,19,5
2019-01-21,1055.7794389325413,1071.6219016329678,1044.9361360278647,1057.4910837735881,0.0025915140100920553,19,5
2019-01-22,1054.4807682155997,1065.0992962889825,1031.8366307731392,1042.1420847723984,-0.014514542237479278,19,5
2019-01-23,1039.1299809209615,1063.7940740206286,1028.6572808006756,1056.5895124045858,0.013863203341742514,19,5
2019-01-24,1055.488542555151,1070.737867719419,1043.420617239783,1056.5076195921204,-7.750674363504739e-05,19,5
2019-01-25,1054.1346511261597,1066.2379620332629,1039.4947086353964,1044.5691340873273,-0.011299952109575906,19,5
2019-01-28,1052.860154378981,1062.2937918226312,1031.3685523766005,1038.7151312338367,-0.005604227295692987,19,5
2019-01-29,1029.9883413192567,1039.2127409340187,986.092060378145,1006.6978493448846,-0.030823929416451623,19,5
2019-01-30,1000.7056395006316,1017.2157272619806,988.1981713241923,995.3706395101091,-0.01125184666098844,19,5
2019-01-31,998.3655828793101,1007.0438142214728,960.4712060265829,973.3855262921167,-0.022087363586304698,19,5
2019-02-01,979.0325644727592,1008.7224101094041,975.3726788474169,1003.8853679687547,0.031333773569471646,19,5
2019-02-11,1007.7462064241314,1037.026766171526,1003.666649156543,1033.365215985357,0.02936575126725005,19,5
2019-02-12,1033.2569040534643,1052.04240950376,1027.3252421145883,1043.349923111649,0.009662321676631391,19,5
2019-02-13,1046.098179517449,1083.97559688297,1039.1510117769678,1071.0420659098495,0.026541567871699367,19,5
2019-02-14,1070.644783938799,1089.3078147948704,1060.2439030435664,1077.9525013631614,0.006452067265389383,19,5
2019-02-15,1074.9126214321489,1091.058957219027,1064.9879194946407,1072.8590454476548,-0.0047251209205095845,19,5
2019-02-18,1079.1051233836176,1117.0286445735057,1073.7353545093133,1112.1160243269296,0.0365909939855098,19,5
2019-02-19,1114.7903671600245,1127.963737932239,1089.6872102803977,1108.094617502128,-0.003615995756589774,19,5
2019-02-20,1111.233603712042,1142.6574904008364,1097.2705607971232,1118.9788556075985,0.009822480800426359,19,5
2019-02-21,1116.7213481707681,1135.2931349851779,1097.1905367437562,1104.3724097249828,-0.013053370766943018,19,5
2019-02-22,1105.0014165295133,1138.057109502454,1094.5879521825857,1130.4833023639387,0.023643195365101732,19,5
2019-02-25,1141.7664321819357,1213.1111518769542,1133.064456082476,1206.3348982010164,0.06709660874996137,19,5
2019-02-26,1205.6397494762975,1255.6149339656924,1180.547269463242,1210.9201478463642,0.003800975709304266,19,5
2019-02-27,1200.7577458173473,1226.9001444917988,1173.086072925074,1190.6482261091542,-0.01674092364658719,19,5
2019-02-28,1192.2593004136259,1210.0752792933824,1176.5553594041794,1189.3334027230082,-0.0011042920631920694,19,5
2019-03-01,1196.5589940179107,1204.9278240982655,1169.482234163412,1190.8118312063723,0.001243073203845979,19,5
2019-03-04,1199.4979684711423,1232.8805917670504,1187.5119984825692,1207.0029743791151,0.013596726828234651,19,5
2019-03-05,1202.6150393048092,1245.9009429049227,1194.97416993947,1241.5184480151913,0.028596013737108628,19,5
2019-03-06,1254.1543859012618,1309.7497255159494,1239.7650034642727,1287.8795839601908,0.037342285182404567,19,5
2019-03-07,1279.7176584109375,1360.2195197551723,1265.780010345746,1333.8551099164551,0.035698621617163084,19,5
2019-03-08,1297.9560536681395,1348.7922213858462,1250.899415638362,1260.8901818584657,-0.05470228926330645,19,5
2019-03-11,1268.0018718464132,1329.8007078583628,1258.524497722872,1321.3774338343105,0.04797186372463513,19,5
2019-03-12,1327.3920277176992,1358.5207558743773,1299.05391995018,1329.2001466173779,0.00592011985581431,19,5
2019-03-13,1328.0472209950362,1362.7137321242574,1293.7980368155513,1319.3645619582624,-0.0073996265228721825,19,5
2019-03-14,1309.0368151113719,1358.4181688380174,1256.6688097519311,1296.0829548560016,-0.017646075825854424,19,5
2019-03-15,1300.6463649783273,1341.1883367883659,1280.03857498375,1328.949257826666,0.025358178539055087,19,5
2019-03-18,1374.4064768187347,1419.0081586749463,1339.4618522831895,1373.6904946529742,0.033666625390556204,19,5
2019-03-19,1366.2123607219003,1399.6224777572313,1342.5186968027056,1375.1238581352045,0.001043439907176813,19,5
2019-03-20,1363.4422170338937,1382.5525540839465,1315.903757436037,1347.6069671874025,-0.020010481808611424,19,5
2019-03-21,1350.5046392183592,1385.1406872897053,1336.345536344043,1363.2834417308363,0.011632823905735945,19,5
2019-03-22,1360.5865642201663,1385.70693357286,1336.2374871237462,1370.1682285118375,0.0050501506658513495,19,5
2019-03-25,1344.3348506990678,1376.065452866481,1326.1685339404787,1349.899686315434,-0.01479273988013663,19,5
2019-03-26,1356.2051613404926,1368.1052326452748,1293.9389569712705,1308.7805126777637,-0.030460910580626832,19,5
2019-03-27,1316.7267220007993,1326.8258100980527,1272.7664142450385,1299.8269876708102,-0.006841120356105068,19,5
2019-03-28,1288.7484739875874,1315.2675584452675,1271.2354159318593,1279.9747255401633,-0.01527300349888916,19,5
2019-03-29,1279.8983424187863,1317.9388462725003,1262.489427167127,1313.9303261018172,0.026528336758621762,19,5
2019-04-01,1317.836263866161,1374.179372672189,1315.1716702359247,1358.1792583979434,0.03367677221318455,19,5
2019-04-02,1364.0106549340385,1417.486496489963,1348.8707207897698,1398.2789751688758,0.029524612839569198,19,5
2019-04-03,1383.515977852717,1405.7786193050079,1366.3700022474663,1392.2858262483542,-0.004286089562204776,19,5
2019-04-04,1398.0027482945889,1443.0707750856923,1373.928503246041,1411.8860897354296,0.014077758401010332,19,5
2019-04-08,1420.2198918000877,1455.6769104127195,1383.130542890726,1417.2729037832155,0.003815331907403019,19,5
2019-04-09,1410.7798178833204,1417.654236980412,1369.2911510489084,1386.13094739722,-0.021973154431208064,19,5
2019-04-10,1377.6655021814368,1393.1761978396428,1350.2956814364932,1372.1186759343686,-0.010108908894331137,19,5
2019-04-11,1373.0459118071853,1394.6065164469549,1343.845045450057,1352.4986228181838,-0.014299093409558261,19,5
2019-04-12,1352.7614665753679,1380.1443767845578,1332.7825899034485,1358.5735779110669,0.004491653440818144,19,5
2019-04-15,1373.0988499401694,1401.9030951918726,1338.480704877635,1351.113839719046,-0.005490860644802975,19,5
2019-04-16,1348.0867922378027,1419.713852149178,1336.25031324293,1413.6332293030973,0.046272481079056904,19,5
2019-04-17,1416.0226829998799,1442.1951819566295,1399.056442131434,1419.394858120056,0.004075759325351314,19,5
2019-04-18,1424.7712485123282,1455.3296905582467,1402.756161925438,1414.032941879948,-0.0037776072031213692,19,5
2019-04-19,1414.757217717886,1444.9700537888282,1382.3818030084706,1432.0183858592611,0.012719253877778502,19,5
2019-04-22,1438.406840557278,1465.5803760006272,1404.6036069877828,1416.1561938175414,-0.011076807531491317,19,5
2019-04-23,1409.121005739882,1439.6290185373557,1365.3865940064227,1397.5229863640955,-0.01315759344540679,19,5
2019-04-24,1395.2601219106934,1409.7535348173658,1362.0382818245464,1394.9657760520795,-0.0018298162799231799,19,5
2019-04-25,1385.9083428330657,1411.7498848364582,1329.1821956079818,1334.8710585981225,-0.04307970739184175,19,5
2019-04-26,1332.0517774506754,1360.0667256704373,1302.020617976789,1319.4503739578286,-0.011552190408928853,19,5
2019-04-29,1321.0291552713675,1340.7076892053879,1250.426702112752,1264.691744195012,-0.04150109079022224,19,5
2019-04-30,1264.5072595525103,1298.4572832722656,1254.4068602577725,1282.3555374632276,0.013966876394420291,19,5
2019-05-06,1245.2687095157264,1258.6332027891037,1160.3327636631805,1168.309519744234,-0.0889347878862059,19,5
2019-05-07,1178.1901383989698,1207.5644634916025,1157.1640844622445,1192.4816232225749,0.0206898112784637,19,5
2019-05-08,1163.7583432057293,1214.8235438631439,1150.3373765759159,1185.1917561901462,-0.006113190250033762,19,5
2019-05-09,1172.3604734882288,1226.0287724060822,1165.4849635207945,1199.994583961246,0.012489816684756683,19,5
2019-05-10,1208.060254911304,1257.7561237658117,1185.0265607685853,1252.8713090074161,0.044064136416033906,19,5
2019-05-13,1241.6753504850446,1270.9978122239702,1222.6875077859524,1247.7002305870817,-0.004127381945102759,19,5
2019-05-14,1249.5808738979483,1301.6910656405043,1236.3694457315166,1252.5039897766535,0.003850090808520168,19,5
2019-05-15,1263.9806244383028,1295.9723700986958,1255.3806837305167,1285.489519162703,0.026335668113864896,19,5
2019-05-16,1300.737326022379,1398.6096979775023,1296.5099411147303,1396.8572302952462,0.08663447618389153,19,5
2019-05-17,1444.4697781350471,1458.190049605563,1352.1113076357574,1364.7874249738577,-0.022958541951069833,19,5
2019-05-20,1338.0198613989241,1475.4871471348974,1307.057206439458,1463.3647968737237,0.0722291032991853,19,5
2019-05-21,1478.0269629541137,1593.3731860328298,1430.4058679052323,1579.5044814474268,0.07936482059826755,19,5
2019-05-22,1590.4011627040827,1639.2756935861337,1523.0426956965475,1536.6779808766419,-0.027113883546274864,19,5
2019-05-23,1541.8759810215095,1601.0877704747988,1492.6451401335376,1544.7398525920487,0.005246298714326247,19,5
2019-05-24,1498.183637601115,1594.5406915863425,1456.2861085839343,1489.0244694991788,-0.03606780973468149,19,5
2019-05-27,1502.2798945940106,1586.9031533001641,1487.3823657135897,1566.9678434126859,0.05234526061195144,19,5
2019-05-28,1570.311175118284,1645.7465873361734,1548.720269361912,1608.4440658822757,0.026469096123414415,19,5
2019-05-29,1672.8241424054318,1743.0461340058303,1651.261845084862,1722.5388134497823,0.07093485560837487,19,5
2019-05-30,1735.7223103147678,1774.7367113103921,1617.0752897908458,1703.5804097290725,-0.011006082169342402,19,5
2019-05-31,1660.5168374133718,1784.1135776245355,1641.2351203429766,1710.2250916058504,0.0039004216289588722,19,5
2019-06-03,1714.4634639178676,1740.5096345001496,1608.1756497075655,1632.1203967990728,-0.04566924856273724,19,5
2019-06-04,1622.6284801769614,1671.8948849902176,1551.8788006442935,1600.5835055484547,-0.019322650040075717,19,5
2019-06-05,1642.742117367879,1699.2900291578092,1598.633041095417,1620.6349699470168,0.01252759654779223,19,5
2019-06-06,1606.6370643381622,1721.5947347410881,1581.888229167051,1681.7496959429768,0.03771035867377215,19,5
2019-06-10,1735.742725055201,1770.2137139725812,1631.8882130718705,1728.37260941758,0.027722861248065334,19,5
2019-06-11,1724.8894129189625,1884.8695191169688,1710.594964847712,1865.9155324632754,0.07957943923448552,19,5
2019-06-12,1927.6187131408046,2033.1602338787482,1857.8169156675476,1884.4151287321233,0.00991448752475188,19,5
2019-06-13,1871.5036214181953,1951.1348218974674,1811.6562612407242,1885.8760257795345,0.0007752522388175809,19,5
2019-06-14,1879.735685360712,1900.7802696366575,1771.8277118260528,1802.3499896802473,-0.044290311217441536,19,5
2019-06-17,1787.3605994041393,1869.0352762788866,1762.9468837916922,1804.372283392731,0.0011220316387288154,19,5
2019-06-18,1766.5610387461861,1815.752011142113,1713.958633830868,1761.4137402187941,-0.02380802651942915,19,5
2019-06-19,1758.8480427476372,1835.1765529984855,1736.4351228899513,1792.3966680814128,0.017589807070978125,19,5
2019-06-20,1794.9544358710682,1816.2138771514512,1722.8023554339125,1782.3781150228385,-0.005589473154565705,19,5
2019-06-21,1780.9782162136444,1855.7132902316498,1763.5880986589666,1809.3313454292138,0.015122060902341028,18,6
2019-06-24,1815.1235573579656,1911.384492914818,1790.5063609136282,1866.6883341268563,0.03170065496435437,18,6
2019-06-25,1837.455684060373,1842.7172089573894,1723.3975577415865,1745.357511731359,-0.06499790038718478,18,6
2019-06-26,1710.0775932889198,1748.5658457088684,1675.6309177430755,1696.2016227626718,-0.028163793743280374,18,6
2019-06-27,1699.7299715649835,1721.107978113517,1676.195913420355,1693.676264071535,-0.0014888316679145808,18,6
2019-06-28,1693.7042756808692,1779.2394616326137,1674.0603630233895,1752.731031880071,0.034867801516312635,18,6
2019-07-01,1706.0405855699523,1753.42997424179,1654.6975103575628,1738.5845440241665,-0.00807111165295582,18,6
2019-07-02,1721.6344656685094,1769.6513622416765,1700.9009351747388,1728.5839019331206,-0.005752174736293303,18,6
2019-07-03,1718.7830434013324,1748.6612070447331,1667.8219109809527,1681.2433903465394,-0.027386875195146265,18,6
2019-07-04,1679.491536038091,1704.8882513774408,1628.969773515364,1660.5058914748645,-0.012334620311816091,18,6
2019-07-05,1672.0080469276847,1688.453332504715,1647.520639830001,1667.9034356402256,0.0044549942299756395,19,5
2019-07-08,1665.2835296928538,1673.4581633647076,1561.7122481941328,1600.333893223114,-0.04051166330931799,19,5
2019-07-09,1597.692948228695,1659.4860663727122,1580.2206733681019,1616.90734211968,0.010356244385467894,19,5
2019-07-10,1606.9047496722442,1639.7171896181417,1560.6080531283424,1582.330151991465,-0.021384769075812438,19,5
2019-07-11,1597.1882411944541,1620.6042609126876,1557.9707649120082,1579.0942475809961,-0.0020450248049663777,19,5
2019-07-12,1589.9498954397952,1601.1606992967243,1549.8698282483986,1562.1936993203594,-0.010702684964198128,19,5
2019-07-15,1570.06308184099,1629.2089549326747,1556.2607998722208,1610.6358987914919,0.031009086448247514,19,5
2019-07-16,1605.955816115449,1635.3248920927876,1587.2343331583736,1606.2056666005278,-0.002750610609317916,19,5
2019-07-17,1597.7495156129314,1644.3910818388078,1581.2281270521698,1612.8276632696,0.004122757631086715,19,5
2019-07-18,1618.9500557743183,1694.3201082604025,1614.064774777798,1641.7212448182934,0.017914859849389675,19,5
2019-07-19,1628.6110807710513,1649.5831663284146,1599.427111319705,1606.946850192308,-0.021181668164277467,19,5
2019-07-22,1591.7460808806823,1595.8703351742854,1472.9220782671212,1482.8635095720238,-0.07721682929677154,19,5
2019-07-23,1480.14371945475,1501.6563236461657,1459.005447249172,1491.165490908457,0.005598614628280485,19,5
2019-07-24,1490.8987348016515,1523.9550409101546,1486.3222856851694,1506.0568609800982,0.009986396655792262,19,5
2019-07-25,1505.0941406014613,1528.5348661921614,1489.253020804898,1512.6779826338804,0.004396329132934307,19,5
2019-07-26,1505.0680608694204,1513.1745991361881,1482.3537274886055,1499.7395594463478,-0.008553322872462354,19,5
2019-07-29,1503.7013674259279,1518.2361443768048,1479.652168461576,1489.0236480501674,-0.007145181527475675,19,5
2019-07-30,1490.4279155785591,1511.5202994835154,1483.7307871465218,1494.8617339947357,0.003920747633668009,19,5
2019-07-31,1492.7640727651872,1510.1378343209544,1460.7654973875183,1494.2017719201367,-0.00044148703494817365,19,5
2019-08-01,1484.109016333205,1496.1078745388884,1460.8271044116523,1472.2784132417262,-0.014672287966997821,19,5
2019-08-02,1538.730527962766,1597.6495642854268,1513.6789286150688,1580.4599557874278,0.07347899797532387,19,5
2019-08-05,1578.8641438334867,1651.6088020739344,1552.7051066618853,1604.8912884078466,0.015458368641960485,19,5
2019-08-06,1567.9603175020693,1644.860411014552,1528.402730182779,1587.2036417440572,-0.011021087092657034,19,5
2019-08-07,1593.2764183774832,1682.5364368155088,1557.1673538731056,1658.7225078018555,0.04505966605470468,19,5
2019-08-08,1638.8500018761933,1658.8290808714103,1575.1301267900888,1606.027912947706,-0.031768179792761475,19,5
2019-08-09,1607.942405365428,1651.3033112026556,1574.0720823212462,1591.4253148635707,-0.009092368797833372,19,5
2019-08-12,1582.9940313399572,1600.2526747011266,1508.4387285915486,1552.5680785834104,-0.024416625723646668,19,5
2019-08-13,1540.3769742030643,1582.891859347249,1528.0533452974005,1556.0139425116122,0.002219460760358949,19,5
2019-08-14,1520.0457646124264,1544.7748612201578,1501.6901554654526,1525.5788646960088,-0.01955964338370708,19,5
2019-08-15,1498.5898305254777,1535.2186611639784,1481.088901276878,1508.5612448482063,-0.011154860782102816,19,5
2019-08-16,1539.8844402505713,1593.9436648386863,1535.3897555034116,1578.4557406742663,0.04633189143944416,19,5
2019-08-19,1551.0745506898088,1611.556962442928,1535.9534241094084,1600.6491281781027,0.01406018992610858,19,5
2019-08-20,1589.7731788957217,1637.1076782211512,1575.957072538319,1614.0178773572666,0.00835207975553054,19,5
2019-08-21,1603.669240271824,1613.048457800551,1573.2032160836657,1582.3772925895064,-0.019603614812227166,19,5
2019-08-22,1581.2809258131763,1596.0888563416675,1560.1168932275616,1577.0177495801472,-0.00338701966620647,19,5
2019-08-23,1580.0460690909451,1649.6808412363357,1572.2853059591973,1613.0739079178957,0.022863508256230958,19,5
2019-08-26,1653.6971512586942,1684.0964904182833,1608.399129004195,1621.4615548068782,0.00519979081417854,19,5
2019-08-27,1613.5541418328658,1635.3208313106031,1569.7953655128586,1618.5791253927935,-0.0017776736090594492,19,5
2019-08-28,1605.5777173904125,1616.1856625684113,1580.2489204254782,1585.6172039948249,-0.020364726617841056,19,5
2019-08-29,1583.5212606526777,1606.3803165155223,1564.4185310279095,1589.2974968929132,0.0023210475320374346,19,5
2019-08-30,1578.8635515399794,1651.8745700735544,1552.0681208444273,1611.0746342246587,0.01370236684718873,19,5
2019-09-02,1589.5054582386417,1620.9290943102872,1565.7406102750347,1607.0989220046295,-0.0024677393185713603,19,5
2019-09-03,1612.2101963067682,1642.851082016591,1596.2163490285266,1613.1557365937888,0.0037687876621834704,19,5
2019-09-04,1613.184710171244,1632.9426152720348,1591.8912066457192,1618.0396508692916,0.0030275528671617202,19,5
2019-09-05,1617.7980490583705,1653.9533878946104,1603.140887618927,1632.2746259261019,0.008797667627713945,19,5
2019-09-06,1632.6841680357247,1649.4699327978242,1601.7358346634248,1616.0267141365873,-0.009954153260390175,19,5
2019-09-09,1626.7999558237805,1657.263437349305,1611.9665198217244,1651.1860046470133,0.021756627042648136,19,5
2019-09-10,1648.7280684980774,1685.698563815906,1635.0664986539134,1661.444718585379,0.006212936585880735,19,5
2019-09-11,1662.526996282238,1699.78968126335,1634.2717259493863,1675.0396736838936,0.008182610559615888,19,5
2019-09-12,1672.8584584370376,1694.0927701434337,1644.0369772937365,1663.3569836129411,-0.0069745751426048,19,5
2019-09-16,1659.5115023240603,1670.7790777232865,1634.3959962311233,1648.2590387370076,-0.009076791707778642,19,5
2019-09-17,1645.2488490891196,1683.4983485303885,1612.1634327868753,1629.0023941225127,-0.011683020788559095,19,5
2019-09-18,1624.1094595139452,1645.6283557044194,1600.8582078757147,1615.3639979083941,-0.008372238287264744,19,5
2019-09-19,1615.7668431640539,1647.8086594042388,1600.558107843928,1635.0217511426524,0.012169240653940205,19,5
2019-09-20,1631.5292758504816,1649.3543497752662,1612.9455561999039,1629.6125232168297,-0.0033083522724038916,19,5
2019-09-23,1611.366031827899,1620.9529555711351,1561.5422032521153,1582.0291869527114,-0.029199171941922453,19,5
2019-09-24,1574.1251245889528,1592.777673655275,1552.1424297170186,1572.5015305438162,-0.006022427707068623,19,5
2019-09-25,1557.1280299449172,1568.9262597779389,1522.2442034917854,1537.780762651959,-0.022079958090628793,19,5
2019-09-26,1528.757095587482,1539.0567881284715,1452.3705675738947,1460.0737895144368,-0.05053189311818007,19,5
2019-09-27,1454.1640956077158,1479.8576771488213,1446.9006414908356,1463.1368237252864,0.002097862609990564,19,5
2019-09-30,1465.5885775582376,1496.0871208620688,1445.9479780430572,1458.5919182300067,-0.0031062751080982443,19,5
2019-10-08,1456.9516708671697,1502.7797917669902,1440.7497613654325,1494.8650076666,0.024868566034981443,19,5
2019-10-09,1487.195201088368,1540.072307592865,1467.7754326039276,1523.2598813860145,0.018994941733058157,19,5
2019-10-10,1517.270842512393,1534.5143735514803,1497.7084391079843,1517.1635005669673,-0.004002193515068586,19,5
2019-10-11,1510.0603693130145,1519.8383214207304,1490.4458280207139,1498.3473015057166,-0.012402222340716196,19,5
2019-10-14,1488.9803647609447,1513.653811971319,1483.0632548603226,1501.1986321551617,0.001902983805276648,19,5
2019-10-15,1499.5932108916854,1511.4858326633866,1467.5695829287279,1472.7729488026694,-0.01893532457572511,19,5
2019-10-16,1470.2445555632157,1484.8112915190827,1448.8364064272218,1453.8472857595318,-0.01285036030742115,19,5
2019-10-17,1455.5331965139906,1466.371981668472,1438.2377486702255,1444.6125871705196,-0.006351904137020692,19,5
2019-10-18,1445.9839599019963,1453.144495021207,1400.0038224299326,1410.4675759963225,-0.02363610249380077,19,5
2019-10-21,1412.4301862007667,1424.5421980145577,1372.6969831712838,1407.6750112719142,-0.0019798857995270147,19,5
2019-10-22,1407.1072862660774,1430.297429418876,1399.6372419269126,1417.5978956454726,0.007049130157246175,19,5
2019-10-23,1419.748588015645,1425.9456423352565,1395.090417339412,1401.469025746277,-0.011377605700981674,19,5
2019-10-24,1401.1831300364809,1411.8649502527892,1385.3062798285737,1398.4819350967148,-0.0021313996918138622,19,5
2019-10-25,1397.940185863507,1406.9891819643635,1377.3760434911137,1400.1548602917312,0.0011962436932735354,19,5
2019-10-28,1398.8715295054062,1430.4054705913888,1393.977732349359,1425.0642952967064,0.017790485689407998,19,5
2019-10-29,1425.6730327727762,1429.8200406145822,1389.7514518359872,1392.3055684494616,-0.02298754305708295,19,5
2019-10-30,1391.3517604258004,1394.6897539369322,1348.7874001137325,1354.812183255703,-0.026928991769754385,19,5
2019-10-31,1358.1456139783145,1368.4976940923355,1329.8364860314796,1334.6835102074701,-0.014857168614960559,19,5
2019-11-01,1334.7858420588389,1400.6650457734893,1325.8853268457024,1382.2482658377355,0.03563747904765213,19,5
2019-11-04,1379.8663873377338,1388.5416721488095,1362.9119341255887,1367.4202929186663,-0.010727431016223754,19,5
2019-11-05,1368.3059041756117,1383.437112441303,1352.520372907334,1373.0745786511395,0.004135002063194948,19,5
2019-11-06,1371.977602797356,1401.02381731947,1359.5481011219272,1375.4621309032598,0.0017388365419055418,19,5
2019-11-07,1370.4982321751384,1385.650087987197,1357.629707864854,1373.3989005569165,-0.0015000270090957946,19,5
2019-11-08,1375.4391592105096,1389.293079509602,1361.9666553332281,1371.4733012216254,-0.001402068499188558,19,5
2019-11-11,1370.0346951802032,1396.6049223940392,1341.784533116123,1350.4392580620176,-0.015336822919463255,19,5
2019-11-12,1343.94327196238,1359.9578357710946,1310.2219603913375,1329.7784817578927,-0.015299300713291553,19,5
2019-11-13,1328.5198470085395,1338.5108204133141,1308.910855516781,1323.6764737438864,-0.004588740228327115,19,5
2019-11-14,1319.8772653049446,1338.5886419515641,1307.0027172540713,1328.0487977101695,0.003303166637023125,19,5
2019-11-15,1327.221565162755,1390.155417841569,1321.1115337178858,1346.9082628593721,0.014200882664643144,19,5
2019-11-18,1338.4854093588863,1355.6116523481705,1315.8503754696371,1345.7380507150099,-0.0008688135462751045,19,5
2019-11-19,1345.3851868781805,1368.7601671590041,1338.4168816391268,1361.4577156325395,0.011681073377673767,19,5
2019-11-20,1357.6317966163401,1429.2612816951532,1344.8480064306602,1411.4555667250222,0.036723763447367386,19,5
2019-11-21,1394.9663862142786,1410.200745793586,1370.1205349285515,1375.2942519743788,-0.025619874690457345,19,5
2019-11-22,1374.7034172370927,1403.8252244868233,1357.7416176047564,1366.890088530827,-0.006110811145678019,19,5
2019-11-25,1357.3110292311983,1377.7940701566877,1336.6943708036804,1353.7678085707148,-0.009600098844974703,19,5
2019-11-26,1354.776007610575,1368.394204911388,1337.8187146506632,1351.4370236389939,-0.0017217021389965836,19,5
2019-11-27,1346.7995712900697,1371.5832289861453,1338.4458530028226,1356.3621142765833,0.003644336030048878,19,5
2019-11-28,1357.8299890865499,1381.7468298332644,1349.5021061721125,1359.3917822448773,0.002233671920208291,19,5
2019-11-29,1351.2859668604883,1361.515148696043,1330.5024409407604,1343.7035048491553,-0.011540659286474964,19,5
2019-12-02,1341.4158970887495,1353.6345790269365,1322.9003997959983,1333.5699722219144,-0.007541494526635328,19,5
2019-12-03,1332.6011411758068,1372.452551277607,1328.7826260128572,1356.9910782374616,0.017562712496086208,19,5
2019-12-04,1358.9497814045221,1414.040368374188,1350.3831798361884,1399.5892847924365,0.03139166295058016,19,5
2019-12-05,1386.888749198428,1403.5085418644317,1376.7372181275614,1394.3547668046365,-0.003740038627529363,19,5
2019-12-06,1391.6199811981687,1421.466353918365,1382.6906368366494,1401.459216698664,0.005095152297796002,19,5
2019-12-09,1402.338080598704,1421.9360259919602,1388.6658228451945,1407.5935632656656,0.004377113863828219,19,5
2019-12-10,1401.5639900350136,1429.1712696091508,1392.8533720477733,1420.6524731608458,0.009277472017478638,19,5
2019-12-11,1417.2874414627506,1422.7545140508848,1390.924889067865,1394.9657584787983,-0.018080927719709372,19,5
2019-12-12,1399.0751871789475,1432.6647628066582,1395.3047459750624,1417.1944325811824,0.01593492454368506,19,5
2019-12-13,1412.8859357344745,1431.6163908106014,1402.9543286015723,1422.6187729201606,0.003827520214780167,19,5
2019-12-16,1419.6663664795926,1440.3599379169557,1403.75738223609,1434.7319575136348,0.008514708806077298,19,5
2019-12-17,1436.601698433099,1490.1450939162391,1431.3172336165155,1476.670978863012,0.02923125893289269,19,5
2019-12-18,1477.7582970657554,1524.3259365857139,1462.256109663751,1493.0605314247882,0.011098987382006875,19,5
2019-12-19,1490.852492281843,1514.5070935360595,1474.5950741118022,1497.0922444954451,0.002700301150422524,19,5
2019-12-20,1500.0415180880539,1515.1075091249054,1457.7112167094695,1463.2763656042819,-0.02258770561099266,19,5
2019-12-23,1457.901485642188,1476.880437500884,1424.905747987141,1429.2978068522505,-0.023220875803593888,19,5
2019-12-24,1433.1981734313065,1493.3040177242667,1426.3959034755744,1483.745630602817,0.038094107112972786,19,5
2019-12-25,1485.7282075930286,1530.915697119315,1467.8949768756304,1502.08449043424,0.012359840833345626,19,5
2019-12-26,1497.8396119158804,1530.5669219742767,1482.3585387265396,1517.726914598045,0.010413811116099625,19,5
2019-12-27,1518.396268038582,1587.3637447339045,1505.8203811436551,1535.120027509872,0.0114599752725828,19,5
2019-12-30,1529.5010526430879,1559.4684472650406,1505.2271266866453,1543.230087421089,0.005283013553260885,19,5
2019-12-31,1538.9742816033095,1559.4689064147174,1514.632586783333,1533.1384147106876,-0.006539318273184769,19,5
2020-01-02,1542.454204961288,1567.2890840911316,1526.1752181358331,1555.5284124638874,0.014604028924175783,19,5
2020-01-03,1553.2198466998448,1586.1724623271211,1535.4422320817698,1559.5327219008038,0.002574243842048407,19,5
2020-01-06,1553.9260438058411,1628.385006159511,1546.2343958920223,1609.3039459817205,0.03191419030968068,19,5
2020-01-07,1608.375469835191,1625.383677732414,1579.8919186525434,1599.5333634834017,-0.006071309601094921,19,5
2020-01-08,1594.414065390783,1629.3480138631985,1566.6178365524056,1579.8627942459318,-0.012297692368624435,19,5
2020-01-09,1597.6216946658417,1610.8802602989292,1567.945106964522,1587.144289674376,0.004608941646682574,19,5
2020-01-10,1589.4419713148648,1616.9215412977462,1567.1191618059786,1589.3750000576974,0.0014054868217299177,19,5
2020-01-13,1588.8459943011571,1626.359901111845,1572.057545156846,1616.0037018615574,0.01675419696603586,19,5
2020-01-14,1619.436439067199,1668.4915092401352,1601.5768931165949,1626.5509724545516,0.0065267614058335255,19,5
2020-01-15,1617.039616205301,1628.2976154788103,1577.2693632736582,1593.977446016064,-0.020026133204625207,18,6
2020-01-16,1594.6958959517171,1633.2729096735543,1571.9964781121885,1592.7378266130497,-0.0007776894247234489,19,5
2020-01-17,1592.9815442326617,1610.6247018851657,1558.0756095341328,1568.9737760810733,-0.01492025249535911,19,5
2020-01-20,1564.4571022063114,1589.4168941348646,1545.9675961869336,1578.483949970543,0.006061397605525265,19,5
2020-01-21,1571.9074665716626,1586.8191660904065,1533.3295258542246,1546.4490747702484,-0.020294710757681522,19,5
2020-01-22,1541.3043099796841,1576.9069328855924,1506.3356883518454,1557.1476395730022,0.006918148794743395,19,5
2020-01-23,1540.8582558096257,1566.440074459872,1464.1183817880728,1488.4390596589321,-0.04412464057223964,19,5
2020-02-03,1339.690728101344,1340.6914074537844,1339.690728101344,1339.690728101344,-0.09993578883348642,19,5
2020-02-04,1218.571920184183,1323.43313603031,1218.571920184183,1298.9813448130103,-0.030387150134291274,19,5
2020-02-05,1304.8101720879104,1375.8325918893322,1302.193585251026,1340.3855029514339,0.031874328529624574,19,5
2020-02-06,1332.8027429829947,1366.202901444276,1315.7520165958101,1356.6226460666664,0.012113785981331171,19,5
2020-02-07,1352.6405853163365,1381.3999615895532,1332.2352030869706,1366.824440936429,0.007519994524152418,19,5
2020-02-10,1360.619992451893,1414.1979265309867,1350.7975591843647,1405.3031770918255,0.028151922809511953,19,5
2020-02-11,1409.1107975322695,1428.4887475043238,1382.7296134189198,1397.030734191021,-0.005886589481654658,19,5
2020-02-12,1395.6594711391106,1454.1361346955393,1386.994203327645,1445.863428533552,0.03495463138168442,19,5
2020-02-13,1443.7254194583315,1496.7979156867486,1419.5260353917038,1447.520748392155,0.001146249241730679,19,5
2020-02-14,1437.7278657262193,1481.1941872924956,1426.137242948218,1453.6288389736994,0.004219691212253185,19,5
2020-02-17,1473.7507785134742,1522.8586197630636,1458.4280615179375,1514.6879997505257,0.04200464323474473,19,5
2020-02-18,1535.298985758548,1619.9916428482034,1520.2049060156676,1590.2143708751003,0.0498626589350506,19,5
2020-02-19,1589.8570882273211,1619.3424021992437,1531.205728770368,1548.1920050812628,-0.026425598059909627,19,5
2020-02-20,1547.2213674572822,1577.2401173549918,1519.5223522407389,1566.6006540002738,0.011890417247081064,19,5
2020-02-21,1562.1934763175398,1621.613933552605,1549.9311624923982,1600.720186160242,0.02177934247176827,19,5
2020-02-24,1594.6950993149494,1639.9688677754027,1564.6144585018722,1620.101476013928,0.012107856214506274,19,5
2020-02-25,1575.5702922492894,1614.5339706419018,1514.5081569836648,1599.850133152778,-0.012500045929824233,19,5
2020-02-26,1569.7648161358818,1625.2701997956653,1541.1126702409001,1561.3469955132807,-0.02406671527639903,19,5
2020-02-27,1564.6308275975587,1602.4749708184852,1537.6391182063082,1565.171374269794,0.002449409879740294,19,5
2020-02-28,1503.9085055046064,1536.3370744392184,1427.482603995263,1439.5298638476138,-0.08027332500940754,19,5
2020-03-02,1455.9535815710467,1519.9948209982565,1444.2672252577815,1505.1287792030369,0.04556968007602746,19,5
2020-03-03,1536.5082723827422,1570.2483806312607,1498.6750506549286,1520.0530941847371,0.009915639902655204,19,5
2020-03-04,1506.5345635328881,1540.706936562616,1489.6443719547558,1526.391550154698,0.004169891166440065,19,5
2020-03-05,1547.6818706057466,1567.808948879425,1516.2912849699792,1549.8830938070719,0.015390247443385574,19,5
2020-03-06,1527.0298670125596,1554.237112509427,1514.7792550516424,1532.5271949468113,-0.011198198709057472,19,5
2020-03-09,1502.2282596584605,1515.2812689141122,1444.6320140865023,1449.7172502560911,-0.05403489410417561,19,5
2020-03-10,1431.5630076092777,1494.7326096081404,1405.5125889893936,1490.240802656231,0.027952728294418305,19,5
2020-03-11,1495.9996250830409,1521.439535866418,1467.296832451878,1472.6967614776754,-0.011772621677841988,19,5
2020-03-12,1449.4316018570128,1465.830597501669,1417.1573697676465,1438.2606989372398,-0.02338299603910532,19,5
2020-03-13,1363.5784544440035,1445.400125974756,1348.2194194570047,1426.743274458182,-0.008007883749843292,19,5
2020-03-16,1442.9638287228565,1471.160141871449,1368.7990439752473,1380.8579262065414,-0.032160900333709996,19,5
2020-03-17,1393.9446374896004,1417.0515518933526,1315.8742026413565,1373.0803492851505,-0.005632423708322731,19,5
2020-03-18,1388.318253784893,1417.0330218829354,1343.9381283366488,1354.1442061004711,-0.01379099423754615,19,5
2020-03-19,1347.7058218421064,1381.5710092345173,1321.0110039849176,1371.4854002430081,0.012806017309245465,19,5
2020-03-20,1384.5026019413938,1394.629360265732,1344.4165414813733,1372.4682091138798,0.0007166017740309893,19,5
2020-03-23,1333.881038371217,1345.0628782089886,1288.6423535200674,1295.0701218025138,-0.05639335526856193,19,5
2020-03-24,1324.5860885566553,1348.0954778800624,1287.2103530372206,1332.5410518659025,0.028933514434906105,19,5
2020-03-25,1359.6293124735926,1379.118961413644,1344.0501565744391,1363.018119550125,0.022871391197702096,19,5
2020-03-26,1353.8629830810287,1411.3208112171205,1339.7148592543597,1377.5608864228545,0.010669533048855984,19,5
2020-03-27,1389.0762603629616,1399.798033590178,1345.2994970291272,1352.8378103537596,-0.017946993350903107,19,5
2020-03-30,1333.5533075803608,1353.01703367647,1292.7952179967212,1329.7894118432102,-0.017037074462401436,19,5
2020-03-31,1350.8996776637687,1409.8575573657865,1319.076934896569,1375.7097732062582,0.03453205519165481,19,5
2020-04-01,1361.6775664540958,1413.14545837414,1346.8109799648537,1372.1123167909168,-0.002614982088087636,19,5
2020-04-02,1360.721231410476,1392.6536832168867,1344.2174127160572,1387.427102133809,0.011161466270276144,19,5
2020-04-03,1386.3542164791018,1427.1258076337294,1363.4764315661746,1385.4103257646266,-0.001453608889491087,19,5
2020-04-07,1401.946586499146,1430.501086118053,1391.3537411482916,1414.8771997870563,0.021269419950487478,19,5
2020-04-08,1417.5124778144773,1447.314512919103,1402.6926638143361,1424.049144805785,0.006482502523971201,19,5
2020-04-09,1425.5668264732383,1441.378246425007,1403.5534075403325,1419.3795751628156,-0.003279078998082219,19,5
2020-04-10,1415.2014987481411,1440.9168532233987,1374.011151694839,1384.2695864541051,-0.024736151853307353,19,5
2020-04-13,1372.5853466498745,1397.7804915640213,1352.158356326668,1372.3162481805766,-0.008635123093434394,19,5
2020-04-14,1380.1161072122131,1408.4814467307724,1367.9955560482279,1401.8193475728526,0.02149876125957939,19,5
2020-04-15,1398.4818473721746,1416.218609233763,1376.4075476792773,1380.5281394800945,-0.015188268110025938,19,5
2020-04-16,1371.2601506798107,1387.1169125059978,1352.509966344189,1374.2394784313199,-0.004555257418470959,19,5
2020-04-17,1380.907899012435,1422.7894229933388,1371.9813105840342,1398.1574906893097,0.017404544574204817,19,5
2020-04-20,1398.390085465954,1410.7484921575362,1376.3699581722399,1400.3183387150177,0.0015454968700576721,19,5
2020-04-21,1392.8025621174727,1401.712579545931,1356.7904128700952,1379.6041090872322,-0.014792514712614335,19,5
2020-04-22,1372.1519240779767,1426.9056355783637,1363.7848337181845,1416.5751282252913,0.026798281401553492,19,5
2020-04-23,1414.4442670260125,1424.3152879267263,1383.147742889568,1389.7119112561475,-0.01896349613507531,19,5
2020-04-24,1387.6673772886288,1401.260486431421,1349.0533312238751,1359.9438147241515,-0.021420336323582978,19,5
2020-04-27,1359.568318689239,1373.7848136039806,1328.29728843028,1338.7069672453267,-0.015615974166647728,19,5
2020-04-28,1339.1395739378258,1356.0649676289768,1266.1034616633244,1312.8437342859495,-0.019319562527261747,19,5
2020-04-29,1308.6712237968027,1339.873029221505,1301.022643311801,1322.4592638776573,0.007324199629088035,19,5
2020-04-30,1325.3171959324427,1377.9579059384544,1321.2517720696162,1365.9897492652226,0.032916314760370824,19,5
2020-05-06,1365.2894821573066,1454.2311213697762,1355.9206008476513,1437.7952704032746,0.05256666177522695,19,5
2020-05-07,1424.413331260045,1449.592453195912,1407.015124457092,1419.574759162846,-0.012672535245798922,19,5
2020-05-08,1428.5422231067928,1459.0385890552914,1413.9213882819415,1432.296984175991,0.008961997197419524,19,5
2020-05-11,1430.5245417059537,1458.7967385516224,1410.0166807052155,1426.0262862859477,-0.004378071000163963,19,5
2020-05-12,1425.5576847225846,1437.3451377407064,1394.158454023101,1416.4485150398332,-0.006716405818198101,19,5
2020-05-13,1416.8358411540778,1436.9083233953031,1406.4915389971804,1419.1583428400577,0.0019131142229678044,19,5
2020-05-14,1428.8236244933937,1476.572091861998,1420.3356765053843,1437.6242152997625,0.013011847869456528,19,5
2020-05-15,1430.7457081428256,1464.8474713272337,1414.6862203472517,1439.4457914756504,0.001267073938030494,19,5
2020-05-18,1470.8744283796689,1526.7894587881226,1438.0462414697972,1489.7448944567943,0.0349433811811557,19,5
2020-05-19,1484.0375916437126,1510.5017209347745,1463.4790157685266,1488.3509445637299,-0.0009356970433335166,19,5
2020-05-20,1482.9154850315156,1504.336952927551,1442.8099069084167,1451.429565344297,-0.024806904147365194,19,5
2020-05-21,1455.6955811813054,1496.8333677560522,1430.5698986407488,1452.7045056579143,0.0008784031578650264,19,5
2020-05-22,1445.6933669555808,1506.5190523702154,1414.7674560903392,1481.9591253354422,0.02013803878461773,19,5
2020-05-25,1483.373555653374,1524.2050460253802,1455.636415186567,1475.8951798514834,-0.004091843951894547,19,5
2020-05-26,1477.6678556268314,1518.1510958688682,1463.7365782857196,1510.3818227499048,0.023366593623465715,20,4
2020-05-27,1509.4757963393745,1564.9807514340366,1492.8423183766724,1540.5037008021482,0.019943220713158016,20,4
2020-05-28,1542.1980734169545,1612.998333986051,1516.313313717563,1565.625197015463,0.016307326103945252,20,4
2020-05-29,1571.6608813885503,1607.7932287612093,1545.706066308419,1589.9420760914481,0.015531737175883631,20,4
2020-06-01,1569.4098841143298,1629.5811684458763,1559.8092328429086,1614.8347501035562,0.015656340181462225,20,4
2020-06-02,1617.7175017021423,1646.034082038762,1597.6235290309635,1621.8693570807122,0.004356239532685935,20,4
2020-06-03,1621.5438118570949,1633.291663590136,1582.87199931703,1598.1613038153118,-0.014617733026335733,20,4
2020-06-04,1608.141668452108,1633.4089655217924,1586.1224688472998,1597.0801267922336,-0.0006765130781836159,20,4
2020-06-05,1598.9219928466891,1630.1251180240183,1579.6294173903818,1604.8163611283194,0.004843986351282359,20,4
2020-06-08,1611.8769711182192,1633.4781536379803,1594.9853144501221,1609.13569692316,0.0026914829007622654,20,4
2020-06-09,1619.2322003817007,1629.8571165010399,1586.725185726052,1597.0598335248762,-0.007504564979432082,20,4
2020-06-10,1603.8502963334565,1620.3891195668157,1571.880916672647,1590.2415818151237,-0.004269252514293109,20,4
2020-06-11,1585.2867617322527,1632.4279808020838,1572.400644138861,1616.7697451856054,0.016681844867999285,20,4
2020-06-12,1579.3014000667347,1611.5211907968603,1561.0493596432077,1590.3341866757903,-0.01635084933308195,20,4
2020-06-15,1574.9640653181168,1590.3362517816745,1533.643277704345,1543.8379897847574,-0.029236746138383674,20,4
2020-06-16,1551.2702992840016,1579.4593247625828,1539.830673908442,1567.8107168354481,0.015528006960130014,20,4
2020-06-17,1566.049584373041,1579.7664667450695,1541.1850384113657,1557.539181844359,-0.006551514721000018,20,4
2020-06-18,1554.1934304829267,1575.9797021037687,1538.2392391510978,1556.64659423838,-0.0005730755388908548,20,4
2020-06-19,1554.1601447281084,1566.5941527538014,1537.444153154992,1555.4039677251512,-0.0007982714367077426,20,4
2020-06-22,1559.2511074750078,1589.7389498668815,1549.920877988373,1572.076050612977,0.010718812111691678,20,4
2020-06-23,1570.038557342641,1601.3117412541715,1556.9498735672694,1576.2289485621425,0.002641664789401421,20,4
2020-06-24,1566.7878702031016,1572.8600221405152,1524.2166985277297,1536.6886418971415,-0.025085382869709627,20,4
2020-06-29,1530.4162670735386,1540.04715647291,1499.7258118874086,1507.0317321519167,-0.01929923143611667,20,4
2020-06-30,1515.2932735153404,1545.3429105198732,1511.7133919689797,1534.619523158201,0.018306045199785625,20,4
2020-07-01,1540.1338835794306,1577.364172085406,1525.3170966387995,1557.9269265700013,0.015187740713629383,20,4
2020-07-02,1557.0177055914323,1596.4786387144634,1539.6427163339458,1582.2268048533408,0.015597572561916628,20,4
2020-07-03,1583.4228074621499,1624.0677015136234,1573.8452819447907,1604.905335370679,0.014333299402951472,20,4
2020-07-06,1611.8848906916278,1693.0409926062234,1607.64764376082,1683.0875042225282,0.04871450491738294,20,4
2020-07-07,1698.4919041120402,1745.0022170869659,1660.825345860723,1690.248726397276,0.004254812751435466,20,4
2020-07-08,1687.4956198238776,1813.290119742471,1677.9929479353752,1795.2560651745569,0.06212537666045259,20,4
2020-07-09,1790.5760588563933,1849.1757879672707,1768.1625418112412,1825.9424347788934,0.017093032130406804,20,4
2020-07-10,1812.7631388263776,1873.9367356130292,1777.9772736497098,1801.9925461085666,-0.013116453297842723,20,4
2020-07-13,1800.3292874202257,1872.9591283028603,1784.4784873339568,1858.0108186816456,0.031086850328016835,20,4
2020-07-14,1859.6693314705576,1910.8521434229901,1806.83811163894,1859.3108618478034,0.000699696230552771,20,4
2020-07-15,1885.3203576044232,1911.181180889441,1772.1011226167582,1788.8561860506775,-0.03789289744002633,20,4
2020-07-16,1830.5233661167701,1887.4714096052944,1731.2292990371743,1747.1303295270982,-0.023325439377940738,20,4
2020-07-17,1729.9720802791053,1757.341482246164,1646.1002911529424,1689.6992038197168,-0.032871689499504364,20,4
2020-07-20,1700.575274486001,1808.1689585744982,1687.9036323941941,1796.0402639917443,0.06293490576999394,20,4
2020-07-21,1795.331663022218,1822.2254081864446,1749.513700642298,1771.2735624574757,-0.01378961375800336,20,4
2020-07-22,1780.6021843361407,1820.5359642329677,1749.5418039945087,1791.160512084692,0.011227486283725163,20,4
2020-07-23,1801.9923310375186,1914.5591768656857,1767.9851247079607,1853.994721082829,0.035080166503339116,21,3
2020-07-24,1828.7878925773753,1890.2622943589267,1745.2156921295539,1769.9885863198488,-0.04531088131357597,21,3
2020-07-27,1758.219268536251,1797.8316965086403,1691.9075440410063,1742.3216011474399,-0.01563116586527491,21,3
2020-07-28,1756.6879173572368,1856.8390430159873,1745.0171028745779,1795.7989670742425,0.03069316588371751,21,3
2020-07-29,1784.1429632542902,1832.2908145900976,1747.0871743345087,1823.157741629029,0.01523487598356299,21,3
2020-07-30,1819.0936976717533,1847.7931582796325,1778.0803387757503,1798.2758528749646,-0.013647688395756696,21,3
2020-07-31,1788.1706809084883,1818.0728009604459,1758.3633206877794,1790.1142738584938,-0.0045385578655368075,21,3
2020-08-03,1797.6277046468947,1868.89002828852,1786.000793337104,1859.6838206197194,0.03886318755018481,21,3
2020-08-04,1876.3943430979928,1900.3302284337535,1814.427074429822,1849.9756662867096,-0.005220325210860244,21,3
2020-08-05,1856.5614909911067,1962.4582717553667,1824.7936064473326,1919.5113476816157,0.03758734920793794,21,3
2020-08-06,1910.2190275811088,1973.7772708307407,1874.9006986022732,1926.8968046155392,0.0038475713846879422,21,3
2020-08-07,1920.0698520864669,1992.1368470372267,1868.0466849644463,1945.2624914693674,0.009531224925920512,21,3
2020-08-10,1930.071010814287,1968.704991602867,1869.4343988858368,1890.5711336675324,-0.028115155688075544,21,3
2020-08-11,1888.1712069072466,1936.2170283680643,1841.0328702802954,1858.5230669184018,-0.01695152654053289,21,3
2020-08-12,1838.7446435358893,1862.0765301872666,1768.6389722607237,1819.0099798270894,-0.021260477093151597,21,3
2020-08-13,1820.263018643821,1848.0444839845368,1787.780312826417,1809.694568780624,-0.005121143451533361,21,3
2020-08-14,1812.211806245147,1840.3104611559895,1788.1576385455996,1825.0041998837758,0.008459787285247433,21,3
2020-08-17,1820.8942936160877,1870.2030996193885,1802.242732674477,1860.2990761986719,0.019339613748365014,21,3
2020-08-18,1860.532695273673,1880.4806433358947,1828.9980633854211,1842.011489849472,-0.00983045499682167,21,3
2020-08-19,1849.6421187078042,1880.9745909817996,1801.4288807327202,1814.1042105935014,-0.01515043712254538,21,3
2020-08-20,1791.3008378752236,1811.5809915678167,1734.3884176235738,1753.4445904450479,-0.03343778146494025,21,3
2020-08-21,1760.76706353807,1786.472067384384,1730.153594450159,1756.9317505011416,0.0019887483614229318,21,3
2020-08-24,1767.4038765839853,1785.6482736740777,1717.7513236631266,1767.814900621837,0.006194406878691439,21,3
2020-08-25,1771.114575646595,1801.0831079390705,1737.4826353774063,1763.9732802131603,-0.0021730897320333398,21,3
2020-08-26,1757.73579809724,1774.7345614219125,1689.411955323284,1703.0499182630265,-0.034537576409758075,21,3
2020-08-27,1703.8006411623235,1743.3326788108052,1684.310706193428,1727.892110808089,0.014586884552626245,21,3
2020-08-28,1724.3829767492016,1781.2670681504464,1702.768923170955,1760.4054514681982,0.018816765501003196,21,3
2020-08-31,1758.5602907319524,1784.4193833379027,1738.2876228644145,1745.7023880085235,-0.0083520892572857,21,3
2020-09-01,1743.7914007263666,1780.7356412136282,1729.856562398434,1766.2318055150129,0.011759975610681872,21,3
2020-09-02,1765.9735617204624,1791.0768603431118,1732.2574397352907,1762.615965892766,-0.0020472055881659568,21,3
2020-09-03,1758.7726255717569,1766.2170137714954,1708.1427156178415,1721.3175997310368,-0.023430155496640737,21,3
2020-09-04,1689.4283259469228,1739.7870967791744,1679.865002351117,1729.7081916140828,0.0048745169888213535,21,3
2020-09-07,1735.3046476040524,1780.9625770569912,1706.6184798272784,1725.766769068576,-0.0022786632824053354,21,3
2020-09-08,1730.4755615059826,1795.8949335344107,1715.5711325145028,1769.7855450507093,0.02550679313745907,21,3
2020-09-09,1745.6462394768198,1782.4930249987417,1705.5208899932925,1720.5969337370163,-0.027793543376626206,21,3
2020-09-10,1732.1061394158846,1749.9535179871666,1632.3588132348214,1652.2524861892118,-0.039721358447015964,21,3
2020-09-11,1644.7491434358903,1678.4489813688658,1622.446683395157,1669.5829418556589,0.010488987495136604,21,3
2020-09-14,1675.0983840303004,1746.6095268883855,1665.5150660657212,1733.4565840762766,0.038257244141237656,21,3
2020-09-15,1733.4341574019134,1745.1998149103931,1693.5694259347104,1715.666472083402,-0.010262796401304008,21,3
2020-09-16,1709.5800934338442,1731.4572124546758,1675.9694910511416,1703.6638073243626,-0.006995919634929959,21,3
2020-09-17,1700.792435254838,1733.0203287961538,1675.3096614859019,1706.574336291291,0.0017083939650626156,21,3
2020-09-18,1702.8531197470197,1740.1048364966782,1685.0096242142022,1730.2184327573189,0.01385471231063451,21,3
2020-09-21,1729.5618964845273,1759.5384604734238,1710.6840347658942,1733.2047661852698,0.0017259863676239995,21,3
2020-09-22,1712.6576866542607,1720.8638981802167,1672.353293615526,1682.5643392729091,-0.029217798093077563,21,3
2020-09-23,1714.4521560976375,1768.6379180741149,1699.0803455466728,1720.7950440906382,0.022721689700287984,21,3
2020-09-24,1694.1520916257928,1733.507844096095,1657.01468599847,1666.7028787886584,-0.03143440323572344,21,3
2020-09-25,1668.9611996618712,1681.6284282735437,1616.9007262302302,1633.7013572330152,-0.01980048272288837,21,3
2020-09-28,1637.297774589233,1652.4731893002572,1598.2676712447242,1612.0519460149503,-0.01325175566648995,21,3
2020-09-29,1618.8983888609432,1648.5728449055,1609.3824387921761,1624.6997361616857,0.007845770837596966,21,3
2020-09-30,1632.1183928018506,1643.5602316488548,1601.0677379772048,1614.237841347402,-0.0064392789519370774,21,3
2020-10-09,1638.8275251190273,1676.7453683054396,1632.1533287022387,1665.1523539685434,0.031540898941287976,21,3
2020-10-12,1677.138777071398,1717.00338778426,1667.9541109342836,1712.4289920144856,0.028391779246666804,21,3
2020-10-13,1708.1389222965431,1730.1544375573087,1687.2106407638166,1717.4551143014423,0.0029350836212156395,21,3
2020-10-14,1716.2982529642259,1726.1189996037008,1684.8981052756478,1694.3975019458067,-0.013425452673337612,21,3
2020-10-15,1697.7947197315227,1728.5123372201488,1681.0332742099952,1695.0132322019406,0.00036339185782963135,21,3
2020-10-16,1690.8697010272942,1700.9155773575578,1662.18508298795,1676.2337419647745,-0.011079258781225065,21,3
2020-10-19,1679.1015440754777,1703.6961801030438,1662.1462659044823,1672.2751601016287,-0.002361592995083206,21,3
2020-10-20,1668.8283248797093,1692.9526471568288,1645.324129877343,1687.5549441577223,0.00913712313658066,21,3
2020-10-21,1686.7446544295124,1706.1887943903853,1652.8706052167947,1669.3723415112813,-0.010774524829184728,21,3
2020-10-22,1662.0976049982228,1683.8256102901432,1637.233684361047,1664.3629785626094,-0.0030007463428660675,21,3
2020-10-23,1667.768805082146,1688.4683528446285,1631.2686956416428,1640.0855936013845,-0.01458659275285712,21,3
2020-10-26,1639.308138807612,1662.3390340404735,1611.874676475003,1642.3030973840334,0.001352065886865983,21,3
2020-10-27,1636.8041423304737,1673.4032604829974,1624.7629362182015,1659.1622282208882,0.010265541643140752,21,3
2020-10-28,1654.9330983679824,1706.2602667049862,1626.0189192911062,1682.8687258067002,0.014288233653457993,21,3
2020-10-29,1653.2510441080715,1688.9270251047267,1639.865642847468,1669.261902140562,-0.008085493216124617,21,3
2020-10-30,1669.290937368901,1686.2192880783832,1607.1206051614663,1612.3047569413752,-0.034121155659365465,21,3
2020-11-02,1611.639557218165,1634.9222655269807,1577.7462890440645,1609.253803297617,-0.0018922933959124588,21,3
2020-11-03,1615.2718502930043,1727.0610008333442,1608.165713828438,1704.0047373757088,0.05887880077333496,21,3
2020-11-04,1708.1565105753261,1727.7436312910065,1678.022930618182,1699.258055985892,-0.0027856033998632235,21,3
2020-11-05,1706.5476955285008,1724.8216279042408,1680.2549681639762,1710.686513219063,0.006725557188275388,21,3
2020-11-06,1726.5502824512444,1786.2301969773707,1699.299925462209,1729.3679388638725,0.01092042609820787,21,3
2020-11-09,1726.720719992506,1789.5796247528963,1712.1225224734976,1771.1481831802025,0.024159256903870885,21,3
2020-11-10,1771.8913808245034,1783.0177918628447,1723.6216669551434,1741.7496441755648,-0.016598576722051006,21,3
2020-11-11,1733.1078984459036,1777.4297573801032,1706.9954738074955,1734.425406588647,-0.004205103535637189,21,3
2020-11-12,1727.2812561978592,1750.52152512517,1700.3250779791647,1724.5412484302897,-0.0056988084473450495,21,3
2020-11-13,1723.9638766392113,1799.8231857975313,1709.5084074566498,1760.9531407635552,0.02111395848977704,21,3
2020-11-16,1757.6968278800048,1823.8698082661392,1733.8166390931171,1802.8671453405934,0.023801885244296717,21,3
2020-11-17,1792.868965589795,1816.4752157484234,1739.7399203392026,1765.1421096061474,-0.020925022585243758,21,3
2020-11-18,1760.9344721079187,1809.656187361433,1738.3584147638521,1782.8851609129683,0.010051910953945642,21,3
2020-11-19,1771.015326802223,1793.406869790186,1732.296640902404,1752.0135804852482,-0.01731551818621435,21,3
2020-11-20,1750.9044289992498,1802.164569439264,1731.1947630249038,1789.1155263555552,0.021176745593507906,21,3
2020-11-23,1788.0994511167382,1856.7045810598763,1771.9183757188432,1823.632809666723,0.019292931508721356,21,3
2020-11-24,1819.8452506691785,1925.4198777991364,1802.443108769221,1889.513173041259,0.03612589279229739,21,3
2020-11-25,1886.8825995089849,1933.782807535152,1842.1722480920955,1853.6774406952393,-0.018965590109298103,21,3
2020-11-26,1871.5131843648962,1912.473977264277,1825.404223703691,1874.8089315632164,0.011399766973509529,21,3
2020-11-27,1860.9082985319856,1872.1753075680856,1783.0924183556813,1818.0654079034348,-0.030266296850030905,21,3
2020-11-30,1813.384311595081,1859.6412843545322,1780.497504552474,1792.482372334558,-0.014071570504374131,21,3
2020-12-01,1787.3876039251254,1824.2973812047305,1762.8792361922003,1808.3832729452163,0.008870882557103554,21,3
2020-12-02,1804.2524880372266,1837.0354872408552,1779.3629069547517,1800.2060369528176,-0.004521848943604079,21,3
2020-12-03,1797.443230437022,1807.763745504074,1744.6186939518034,1761.1456998594117,-0.02169770364703516,21,3
2020-12-04,1760.6795780679706,1803.8604975733629,1745.9429753866661,1785.6528802029823,0.013915475786885123,21,3
2020-12-07,1795.0827256333432,1831.1780303307153,1771.8301259305806,1792.876290784099,0.004045249029752895,21,3
2020-12-08,1794.060481455747,1806.281503549792,1755.510057946975,1768.5869169933026,-0.013547713200096845,21,3
2020-12-09,1768.355225113289,1787.3172910578432,1714.3904271957738,1720.209658365294,-0.027353622354197138,21,3
2020-12-10,1718.5575098970382,1741.3519408698323,1690.0047137353436,1715.9896299334898,-0.0024532058701579595,21,3
2020-12-11,1728.8235395708273,1744.6000870131525,1651.2871257371653,1673.0332271464772,-0.02503302003560337,21,3
2020-12-14,1665.0544096196268,1690.0572379048185,1638.2170719098908,1680.2826097273798,0.004333077468680724,21,3
2020-12-15,1672.3443184033154,1687.659073532317,1650.9911038827104,1671.4692582546027,-0.005245160202072774,21,3
2020-12-16,1678.111215336618,1698.1067603511387,1642.2273853619495,1664.7157128441008,-0.004040484368557307,21,3
2020-12-17,1657.0531153088289,1726.0959678464847,1628.370919183571,1714.7351661972166,0.0300468440149817,21,3
2020-12-18,1709.5654886395062,1757.9655020417974,1694.8823076581123,1727.276907355945,0.007314098063634145,21,3
2020-12-21,1726.999719782999,1767.4156665325788,1710.9675222973444,1754.4921869883717,0.01575617639333049,21,3
2020-12-22,1741.5826832154592,1753.3621236236136,1669.1239801620845,1677.2114264373301,-0.04404736659653974,21,3
2020-12-23,1676.9838176004778,1749.2624495504324,1666.3933801484027,1724.8624957714678,0.028410889994564537,21,3
2020-12-24,1723.6107203967993,1743.8584221139204,1682.7449610063861,1695.2567667794606,-0.017164109640383507,21,3
2020-12-25,1687.8801107516433,1748.0803565108981,1670.0543916846432,1736.0097251294237,0.024039401669744054,21,3
2020-12-28,1736.8795765537113,1747.6710133696185,1667.7086462720617,1687.383381799953,-0.028010409518786195,21,3
2020-12-29,1688.6655795613763,1704.970335301659,1635.150406454327,1642.6642487413817,-0.026502058477587354,21,3
2020-12-30,1645.6075043491978,1703.7019559720077,1631.3351028208058,1672.0922238083047,0.017914783918546284,21,3
2020-12-31,1674.8641119396384,1719.6670921244206,1663.656536056938,1700.2009936434035,0.016810537980422646,21,3
2021-01-04,1710.449051689004,1768.4267347385667,1701.5933066789937,1746.9786709164564,0.027513027840791793,21,3
2021-01-05,1738.6818383236653,1780.4485572865294,1708.5074175710693,1761.3484033364243,0.00822547673832208,21,3
2021-01-06,1759.2920414494013,1771.0524197219463,1703.8451326905308,1723.3938989575104,-0.02154855013750767,21,3
2021-01-07,1715.8718513455142,1755.3038358327885,1675.0069167708407,1709.1291440828657,-0.008277129728307298,21,3
2021-01-08,1713.4819271655347,1730.5401526295962,1643.871849667605,1685.1820491494066,-0.014011284645379707,21,3
2021-01-11,1684.8684090436523,1758.351224379944,1654.0015920991475,1692.6299622583047,0.004419648970660273,21,3
2021-01-12,1677.1791333630858,1719.8759223927946,1649.5913847807735,1695.0489573999841,0.001429134066876614,21,3
2021-01-13,1691.6487195422676,1780.882463149866,1673.1626695324073,1739.312255059843,0.026113285676275577,21,3
2021-01-14,1730.0385499257627,1761.735172693896,1674.168460030531,1714.7439628246123,-0.014125291283240915,21,3
2021-01-15,1716.4585162612525,1770.8569551457524,1669.1985562180419,1709.7136922069762,-0.0029335403574477503,21,3
2021-01-18,1772.0243286593773,1845.2051698425475,1741.3961905703595,1805.4762885956918,0.0560108963420074,21,3
2021-01-19,1789.1506734305945,1811.9953181020635,1724.3730496402704,1741.3233673649897,-0.03553240861479301,21,3
2021-01-20,1738.1178974156646,1854.0550119917243,1715.4834816455893,1846.2511327440245,0.06025748424763511,21,3
2021-01-21,1857.095228295497,1999.0521902270448,1836.935077129049,1960.9542960109914,0.06212760617050361,21,3
2021-01-22,1975.5778970369802,2016.2581205788313,1894.0338425236175,1934.8203315072283,-0.013327166551981962,21,3
2021-01-25,1925.3543453736797,1997.5319411005732,1876.9610641621643,1899.3360647276213,-0.018339825254970687,21,3
2021-01-26,1877.5268529927012,1983.5293483000821,1846.9614309224326,1936.6621662148889,0.01965218382383549,21,3
2021-01-27,1929.2887373669696,1940.439735512774,1816.417453346857,1864.8143335692753,-0.0370987949777718,21,3
2021-01-28,1834.8995102489632,1922.2130959097944,1814.6812112697653,1843.085292346471,-0.011652120445264091,21,3
2021-01-29,1875.9443861170314,1905.6334735041396,1777.5402664213213,1823.1216457368414,-0.010831645552449531,21,3
2021-02-01,1804.308300159986,1835.2950537516197,1752.3354704883452,1800.6051708957996,-0.012350506009126683,21,3
2021-02-02,1819.8656844661791,1884.1271522846937,1769.7090302055806,1863.9962848701227,0.03520544925614444,21,3
2021-02-03,1845.4111453886624,1974.894469532934,1819.5977540196975,1897.8170158928003,0.018144205166714666,21,3
2021-02-04,1864.2521029863924,1887.699239630821,1749.0382001552434,1786.946737976639,-0.05841989875088349,21,3
2021-02-05,1782.9107715065281,1804.7254635136387,1661.5099071740474,1670.1408770722917,-0.06536616812463403,21,3
2021-02-08,1663.4815581992616,1708.7242035716083,1625.5964839853684,1677.3760583591745,0.0043320784409313084,21,3
2021-02-09,1679.2252232996107,1772.4084145201173,1672.7414332742337,1752.8524925110787,0.0449967279405048,21,3
2021-02-10,1764.3757798906156,1811.3232539449887,1731.6485283268344,1786.0821066156227,0.018957450353931593,21,3
2021-02-18,1863.278841476158,1896.6213417777315,1828.91092521958,1860.3333442782202,0.04157213007597571,21,3
2021-02-19,1850.7268282377383,1910.590565085697,1821.1066132880026,1895.148813398175,0.018714640162224683,21,3
2021-02-22,1923.2798906761013,2087.4743914047494,1911.1266299124588,2009.0190473020791,0.06008511474079126,21,3
2021-02-23,1978.2699572687225,2083.2722078338325,1952.2554279835051,2031.8416197685872,0.011360057783999844,21,3
2021-02-24,2012.4440610547895,2032.1163525505833,1933.4266654412268,1960.6648424939958,-0.03503067196876197,21,3
2021-02-25,1993.2151677816755,2014.3058718274772,1903.0001225259848,1920.7410236869987,-0.020362388278566512,21,3
2021-02-26,1868.9004297971703,1982.2448539992008,1851.9845776028394,1928.1670897363754,0.003866250555278894,21,3
2021-03-01,1933.1556540397173,2098.8160823098015,1911.113937595295,2073.464191984089,0.07535503692658652,21,3
2021-03-02,2073.653527757009,2164.2144410694004,2016.7116444119847,2062.512078284041,-0.005282036575499416,21,3
2021-03-03,2039.2501870847898,2171.4667607201277,2027.5827303253084,2149.9587432781723,0.04239813473814169,21,3
2021-03-04,2132.141560642119,2297.2615184913834,2107.9245188085515,2193.6499913666016,0.020321900699271422,21,3
2021-03-05,2135.6415178350376,2189.6678453926206,2065.312915086273,2104.09628939637,-0.04082406141484807,21,3
2021-03-08,2130.669186491331,2187.7228751396638,2053.249252925861,2065.6120282510283,-0.01829016159540031,21,3
2021-03-09,2029.6676298404268,2049.204491421142,1907.193807442178,1933.4860955779359,-0.06396454458341083,21,3
2021-03-10,1947.8258631402846,1992.1608517062634,1892.8897571506152,1940.3275798222696,0.003538419159041739,21,3
2021-03-11,1950.9454873175291,2039.346676103162,1919.2491938216476,2026.3160433951596,0.04431646721259619,21,3
2021-03-12,2021.5191230383555,2074.0202747050153,1977.131542604007,2019.9472485712602,-0.0031430412075443837,21,3
2021-03-15,2004.3481746621628,2080.142914918016,1979.8744038453387,2029.3964063881353,0.004677923061386258,21,3
2021-03-16,2031.439428745239,2051.6440932934674,1941.2436695451972,1972.1353657165994,-0.02821579879184255,21,3
2021-03-17,1956.9912194432573,2004.7209000139492,1922.4498474102188,1981.2840171189887,0.004638957123039633,21,3
2021-03-18,1978.0974446508549,1993.4766835600633,1921.1846116277154,1932.8605763939988,-0.02444043373216276,21,3
2021-03-19,1908.1686720093098,1996.009010803213,1896.6285514036906,1946.7209715727251,0.0071709234220012075,21,3
2021-03-22,1945.204763471127,1998.779758593024,1917.8947807544437,1970.4056455512784,0.012166445178539709,21,3
2021-03-23,1967.1963307831816,1985.0809031346591,1863.931094084922,1877.2580144693911,-0.04727332734363254,21,3
2021-03-24,1861.3400643070286,1890.1482760349127,1812.2929737545473,1828.3027777016828,-0.026078054476462387,21,3
2021-03-25,1832.513650454732,1890.5139504345545,1822.283280214651,1846.5879427230404,0.010001168977243236,21,3
2021-03-26,1842.922675801055,1910.8947441503576,1831.2890173756175,1890.2437562994087,0.02364134009885932,21,3
2021-03-29,1886.4059509482563,1916.5295723930237,1851.488360144645,1879.0241018451043,-0.005935559589557604,21,3
2021-03-30,1874.8198471237813,1958.2379293642182,1847.6192262648035,1931.554177589785,0.027956041486162375,21,3
2021-03-31,1908.500259802642,1925.0174971979468,1854.8654130087862,1877.3138529210553,-0.028081182137180027,21,3
2021-04-01,1871.955785555636,1896.9424282050325,1849.7360541386993,1869.689450913542,-0.004061335825999435,21,3
2021-04-02,1870.859688366344,1888.4887474615068,1835.6069704708102,1858.8458781357433,-0.005799665164982537,21,3
2021-04-06,1861.9085487279294,1905.770100551076,1853.6132689435087,1885.7617849865983,0.014479902377839471,21,3
2021-04-07,1881.6025396194914,1932.1429382079552,1848.7470304439253,1917.5483941638233,0.016856110581035644,21,3
2021-04-08,1907.5877080808016,1946.2882962531453,1878.8697681859578,1917.389271038974,-8.298258616767917e-05,21,3
2021-04-09,1914.716776202501,1955.7499028870818,1890.8867982590252,1930.5009435428547,0.006838294498631381,21,3
2021-04-12,1934.47036959913,1960.005601368149,1861.1552589649411,1874.9069077650688,-0.02879772525558033,21,3
2021-04-13,1868.260094920805,1894.932216341914,1816.1679632382438,1845.7093059926303,-0.015572827456933669,21,3
2021-04-14,1843.8057557347377,1892.218488738192,1831.0947128230225,1878.5684280449966,0.017802977936817843,21,3
2021-04-15,1870.3157796940877,1897.7739278749686,1832.5317977344196,1882.400270158385,0.0020397671206346946,21,3
2021-04-16,1884.5451496038168,1900.8753713633287,1852.746308518004,1877.1836608245612,-0.0027712540295082855,21,3
2021-04-19,1872.5199345446558,1936.5931163465632,1855.0727227674217,1921.0360345620093,0.023360726311769442,21,3
2021-04-20,1912.4905672956227,1985.423436427279,1899.0951998218463,1941.0467679566714,0.010416636145622604,21,3
2021-04-21,1921.578761522783,1953.824751200727,1893.7618857547034,1914.5523809217896,-0.013649535638325938,21,3
2021-04-22,1918.8870650043013,1948.1482959851442,1898.492135247406,1919.1396560140356,0.0023960039630974705,21,3
2021-04-23,1914.041885834122,1932.5252179094841,1871.9308864773898,1907.2445550807665,-0.006198142431163456,21,3
2021-04-26,1907.7269942069227,1941.4630488470718,1879.5772365429073,1889.0008306131588,-0.009565487770830439,21,3
2021-04-27,1888.344264563054,1911.0165821993396,1841.094582656016,1870.8591378843082,-0.009603856406437794,21,3
2021-04-28,1873.809271380376,1904.5188149088083,1842.581025573896,1892.117630205647,0.011362957205521829,21,3
2021-04-29,1880.6362307462248,1892.003550043137,1839.0987373806254,1855.0277841394643,-0.019602293998049025,21,3
2021-04-30,1858.0042583991928,1882.526739697266,1815.4358558443946,1843.6171037266515,-0.006151218062809827,21,3
2021-05-06,1849.7716192081339,1897.1229285841985,1834.2223281605986,1877.8736786516324,0.01858117656629199,21,3
2021-05-07,1875.0857862771502,1953.8179583300089,1863.6099514944974,1913.552084767466,0.01899936429241178,21,3
2021-05-10,1925.5283261572804,1966.2362728892185,1892.6576489953022,1952.971455103937,0.02060010315384808,21,3
2021-05-11,1927.2817727569015,1936.802125131004,1856.2703564361752,1890.631305516654,-0.03192066603142707,21,3
2021-05-12,1878.082702072088,1933.1759811531522,1868.0411415730437,1914.3841581850702,0.012563450419501576,21,3
2021-05-13,1888.4131688403925,1912.3223773159116,1855.6413392065078,1862.8754472047,-0.026906151913209997,21,3
2021-05-14,1870.3290919356293,1900.3309641916283,1838.5200726593307,1884.0272443775705,0.011354380779782902,21,3
2021-05-17,1879.614025247882,1912.5895100252437,1858.355208459719,1896.763143627558,0.006759933694162168,21,3
2021-05-18,1895.1944654728916,1936.5378713669838,1876.55204294483,1911.331124642009,0.007680442897361361,21,3
2021-05-19,1903.2940972198105,1944.5076190706393,1876.5625648984305,1920.7228927891258,0.0049137316009939536,21,3
2021-05-20,1899.6244130357604,1912.4664841337592,1850.3240520901104,1865.9752241420304,-0.028503678928715748,21,3
2021-05-21,1861.634299106817,1890.9485538424615,1846.408841318147,1862.0510116736132,-0.002103035676811693,21,3
2021-05-24,1855.9373776298967,1881.0592168862427,1834.4073031258959,1854.6183121726365,-0.0039916734044230795,21,3
2021-05-25,1843.479692129255,1873.0922444601572,1825.031137095442,1864.380366277681,0.0052636459162362925,21,3
2021-05-26,1863.4664021230246,1926.0482777410461,1850.7878160511475,1903.3505538665177,0.02090248765419167,21,3
2021-05-27,1893.8153219350943,1927.2481324458788,1882.516671829096,1911.4104463187552,0.004234581189400233,21,3
2021-05-28,1921.9183534300403,1946.2778982272932,1886.4776254102849,1898.573905354297,-0.006715742811378211,21,3
2021-05-31,1900.5900675395062,1997.6408766387135,1894.3006927339482,1975.031673068824,0.04027115694516992,21,3
2021-06-01,1977.2620940071977,2005.8604484180535,1946.759811571368,1984.0274214706824,0.00455473627310532,21,3
2021-06-02,1979.4295967363091,2021.7242550414235,1952.283790041591,1972.9287864060889,-0.005593992776756318,21,3
2021-06-03,1968.3897970429957,2051.393945561835,1952.3417492341641,2004.3480431897676,0.015925185440125444,21,3
2021-06-04,1985.8029065842754,2034.4926334699846,1965.0867469962952,2011.0436006843688,0.0033405163925253056,21,3
2021-06-07,2017.2736614866612,2050.622739507423,1980.0462399356652,2012.3298055536777,0.0006395708521045318,21,3
2021-06-08,2007.5994397638763,2031.0586977510552,1950.9407706540499,1967.2358418350673,-0.022408833578948628,21,3
2021-06-09,1960.9658703798966,2001.3925996369785,1941.1300314038917,1966.1983968640636,-0.0005273617676850861,21,3
2021-06-10,1968.0152152511132,2003.1693021090784,1943.405399463111,1972.0771621151484,0.0029899145785394765,21,3
2021-06-11,1968.7540599775682,1986.8114161752765,1912.305548406996,1927.6111298352728,-0.02254781564032915,21,3
2021-06-15,1925.5838308535735,1940.1368903644204,1867.3524831902719,1883.7504116746168,-0.022753924524395175,21,3
2021-06-16,1881.8002990312937,1902.6239208080785,1836.1618407164428,1846.3332936580957,-0.01986309745952919,21,3
2021-06-17,1847.4718968521656,1885.5982027237017,1834.8717505406107,1873.3656855527845,0.014641122481808377,21,3
2021-06-18,1867.6778328203088,1926.8971288170997,1839.9678425554946,1916.075696725638,0.022798544620641348,21,3
2021-06-21,1907.0966941068152,1940.8720791103192,1891.5964286446797,1921.7921773204805,0.0029834315025294433,21,3
2021-06-22,1923.8121780357285,1986.8980583946764,1899.8550825347897,1963.0166485926156,0.02145105582103768,21,3
2021-06-23,1954.4217353552613,1997.0628689924474,1931.2359761982325,1971.8868421471748,0.0045186542665944796,21,3
2021-06-24,1970.2968211772475,2024.6152728709553,1946.573968592581,1988.4248950957247,0.00838691784693979,21,3
2021-06-25,1982.3920647662478,2008.6082902516828,1948.8765692127129,1981.8436721472492,-0.003309766923914159,21,3
2021-06-28,1978.9303218831233,2019.2368535930264,1955.1680713884323,1982.1315110143262,0.00014523792725040785,21,3
2021-06-29,1975.932911194397,2058.292538338964,1959.570762955271,2014.5372552261117,0.016348937510812345,21,3
2021-06-30,2010.1689075727807,2076.5285469593637,1987.3346690886021,2040.010914268603,0.01264491831878889,21,3
2021-07-01,2037.0249218603476,2055.4513423183107,1951.649355471417,1956.319901362221,-0.04102478683864674,21,3
2021-07-02,1957.814501149825,2143.61851879633,1946.8947410031014,2076.4050698908945,0.061383196298854914,21,3
2021-07-05,2084.5868732903236,2219.0399083938846,2074.028876517116,2181.0056256065104,0.05037579479668297,21,3
2021-07-06,2181.9696619364236,2235.662055931092,2120.1631744038546,2197.5305390463404,0.007576740401682658,21,3
2021-07-07,2178.476370073064,2370.9725544170233,2149.566568480096,2328.822447364416,0.05974520307465303,21,3
2021-07-08,2335.8088326393176,2432.8406496392136,2296.0677428731397,2330.575674363051,0.0007528384143751232,21,3
2021-07-09,2319.869763333487,2497.659018429062,2303.3382952805346,2459.7188508365566,0.05541256518469462,21,3
2021-07-12,2496.3218829136986,2574.398045646848,2415.3746285202865,2467.031960846091,0.0029731487430146863,21,3
2021-07-13,2441.0804633472176,2466.2188119353727,2360.4764112371067,2410.7386399057,-0.022818237393683716,21,3
2021-07-14,2399.321808898181,2440.9474594058097,2333.4607394931163,2357.7134148695295,-0.02199542669554777,21,3
2021-07-15,2347.018045511331,2493.7377720318514,2267.3378040712096,2473.088573824056,0.04893519213441433,21,3
2021-07-16,2444.417601887627,2538.1301023534725,2394.987372573674,2444.52238272074,-0.011550816014302745,21,3
2021-07-19,2430.6058997798405,2539.4748621575454,2388.5100397994743,2426.5231204107504,-0.00736309981746075,21,3
2021-07-20,2383.75047957208,2523.8337951854533,2367.672570017476,2474.592572952504,0.01981001216819922,21,3
2021-07-21,2483.076395063458,2614.7325237816,2437.7230939490114,2581.734555361971,0.04329681725409573,21,3
2021-07-22,2592.3727477104403,2719.1044074981573,2531.033955754382,2652.2160373183533,0.027300049809536153,21,3
2021-07-23,2633.1797483238233,2742.9840653294923,2565.932189961942,2632.4446426993577,-0.007454669733083397,21,3
2021-07-26,2632.411028769241,2697.2025658884268,2511.565479425118,2606.5698665231835,-0.009829181497864936,21,3
2021-07-27,2604.4895709369716,2694.3641518280347,2450.8902712438808,2475.2693158429242,-0.05037292587725517,21,3
2021-07-28,2431.6103049642916,2567.6369928724166,2345.4712307639497,2469.6971475194646,-0.002251136184573954,21,3
2021-07-29,2510.08848335782,2683.491250620761,2481.8763721232517,2647.090639173549,0.07182803439371344,21,3
2021-07-30,2644.782597749136,2800.1324943217037,2596.8607374168046,2765.541941680373,0.044747732002031526,21,3
2021-08-02,2793.2608568007695,2875.4739239712108,2666.083466248019,2763.130817202595,-0.0008718452038057878,21,3
2021-08-03,2733.285730309028,2788.2662966756975,2572.555632896972,2608.910967838214,-0.055813444808419765,21,3
2021-08-04,2613.0416220845577,2795.879131757774,2584.164777313384,2772.8431547890495,0.06283548536984851,21,3
2021-08-05,2745.4645987117337,2822.1562345336665,2647.386758379005,2724.447119678756,-0.017453578298039507,21,3
2021-08-06,2740.4786626587133,2967.690788820559,2704.3293502412753,2887.7187897079093,0.059928368163154166,21,3
2021-08-09,2866.5978199445817,2953.706741081896,2754.3859884918506,2863.6909472636185,-0.00832070024613496,21,3
2021-08-10,2863.026747819354,2999.619490298661,2808.229852385455,2903.9316875240597,0.014052054150219373,21,3
2021-08-11,2897.537924658476,3029.1513181860914,2835.9719385211156,2979.4440459169323,0.02600348992963264,21,3
2021-08-12,2961.454576365326,3063.097274863461,2888.984423276376,2996.217814460781,0.0056298317019363164,21,3
2021-08-13,2966.2532883992353,3139.20884300915,2925.2969154244574,3023.3035422585117,0.009039972884149261,21,3
2021-08-16,2977.609088049965,3013.0501189617707,2823.7385193428286,2865.577902240102,-0.052169965011380603,21,3
2021-08-17,2871.6633474467653,2930.523241856361,2742.021836354199,2780.5109381057673,-0.029685797084014198,21,3
2021-08-18,2773.9494701456974,2861.3929817758026,2718.8440467141195,2781.924114369726,0.0005082433751981696,21,3
2021-08-19,2767.9840191419344,2857.325375375183,2686.754742271939,2787.7449623860603,0.002092382026622319,21,3
2021-08-20,2760.490444361251,2876.460472101098,2699.7445069179116,2832.594467379445,0.016088094714014955,21,3
2021-08-23,2831.646216501238,2973.2707218265123,2790.9957665636766,2927.2030629104247,0.03339997893115498,21,3
2021-08-24,2904.1449850240638,3039.2679096169627,2860.619222362561,2930.8370601335155,0.0012414571674701502,21,3
2021-08-25,2921.263813905271,3042.2260016675727,2880.289916617681,2993.2497927396985,0.021295190188205027,21,3
2021-08-26,2979.5253664023994,3080.3561077023815,2926.6862490868525,2989.349333603519,-0.0013030850768419588,21,3
2021-08-27,2976.4513688583556,3104.473657086621,2908.5948513200647,3053.912443125034,0.021597713186530587,21,3
2021-08-30,3062.6429271585657,3194.2258406308533,3007.9408274109846,3115.328936827015,0.020110757870692053,21,3
2021-08-31,3089.361258972488,3178.3623840979876,2996.202247321482,3136.7999082990573,0.006892039944234707,21,3
2021-09-01,3153.7849857040637,3231.5188643742104,2874.1775819293994,2898.0379942977916,-0.07611639919064372,21,3
2021-09-02,2850.320717505228,3009.836991812026,2807.5664915821258,2949.4610610312548,0.01774409681123701,21,3
2021-09-03,2928.067501574899,3054.027963197542,2813.939085240411,2859.373762179186,-0.030543647462350276,21,3
2021-09-06,2858.7202149827776,2916.533425986132,2735.4380747313894,2861.2123398130257,0.0006430001065822477,21,3
2021-09-07,2854.8595949173896,2977.0347106788945,2821.927975501055,2949.3683957468884,0.03081073526322875,21,3
2021-09-08,2940.6960135115983,3027.210873896104,2893.084540631825,2943.1333432841384,-0.002114029726412281,21,3
2021-09-09,2928.085774220446,3023.8403220924197,2881.430310833953,2964.5930451742033,0.007291447374966342,21,3
2021-09-10,2972.343474343391,3098.416487896725,2912.0017404675573,3041.5973197665617,0.02597465264843235,21,3
2021-09-13,3038.93961629483,3124.756559356643,2961.4028782058194,3046.295328346495,0.0015445859809917195,21,3
2021-09-14,3022.921423903226,3196.566967221619,2949.4976476459374,3113.236840630524,0.021974728340066862,21,3
2021-09-15,3096.1446138305746,3177.6360960086154,3024.2619713229055,3097.4123994261295,-0.005082954498633496,21,3
2021-09-16,3110.1006230998687,3159.9401686153283,2908.1921458706656,2934.792653219913,-0.05250180642278868,21,3
2021-09-17,2936.269002411852,2984.5519528551217,2753.9419866109665,2849.7960541997277,-0.028961704986868897,21,3
2021-09-22,2803.858222474681,2879.6919519761964,2765.0940063227913,2828.3227061057887,-0.007535047310594067,21,3
2021-09-23,2850.6252138034415,2901.968031944498,2786.9319664570125,2829.386986665329,0.000376293892222046,21,3
2021-09-24,2883.762902651453,2963.167945600976,2739.9634026241724,2757.4188945393344,-0.025435930986172695,21,3
2021-09-27,2711.3572187216078,2733.5743280368797,2522.2116288922803,2548.3332579343823,-0.07582657717295538,21,3
2021-09-28,2523.1697847230457,2567.853868560929,2474.680811195541,2526.8007792466074,-0.008449632174572286,21,3
2021-09-29,2499.8328609180594,2529.5090827206045,2397.9751098283646,2410.4413404028624,-0.04605010406813259,21,3
2021-09-30,2428.554369480076,2507.7077068448357,2417.846783019172,2485.1511159816655,0.030994230942917866,21,3
2021-10-08,2523.9500039469476,2556.0737333437064,2452.2243452420744,2481.182864632369,-0.0015967847282111203,21,3
2021-10-11,2487.35781528311,2521.222058669425,2421.0205924777606,2481.724486932083,0.00021829197171818748,21,3
2021-10-12,2477.9870682479036,2510.969137545413,2367.5013770113887,2413.187086409694,-0.027616845013732627,21,3
2021-10-13,2421.1903312360455,2475.746924197107,2386.454982888488,2451.905198649614,0.016044388956814704,21,3
2021-10-14,2442.7420122779818,2498.21614935139,2423.7267902056756,2468.5887925664615,0.00680433889778298,21,3
2021-10-15,2475.1667520671226,2508.9521520482563,2433.9781574160957,2479.192718451172,0.004295541613346554,21,3
2021-10-18,2480.204554310407,2538.8554330009983,2456.9762536555772,2526.4881752327146,0.019076958571857094,21,3
2021-10-19,2518.3729918170725,2571.6832085447572,2484.6288920357206,2548.2111951136185,0.008598108668726567,21,3
2021-10-20,2524.130231640669,2599.50018676694,2489.9889528486688,2563.917928152859,0.0061638270286856756,21,3
2021-10-21,2579.7199049549786,2674.0057099996407,2546.550309623264,2609.314145574076,0.017705799753864326,21,3
2021-10-22,2594.0743847917756,2635.455846724835,2530.530490138482,2548.9281129015335,-0.02314249235760657,21,3
2021-10-25,2544.7870197658763,2636.9761621144803,2519.7735417614754,2618.858037125965,0.027435031953422895,21,3
2021-10-26,2621.9669955266904,2706.255562505832,2597.2301945174618,2660.9664983619505,0.01607893999561627,21,3
2021-10-27,2653.5625559703485,2720.3622448543647,2607.2946049047196,2667.0575186543456,0.0022890255462233444,21,3
2021-10-28,2652.2243346085197,2691.7000891624857,2510.0821758493403,2539.469527835776,-0.04783848489437281,21,3
2021-10-29,2543.3200140660306,2651.9863853147804,2519.832567220814,2618.260700531913,0.03102662655821886,21,3
2021-11-01,2630.935552448592,2721.551283188781,2573.111656376162,2647.2443498444063,0.011069810315911477,21,3
2021-11-02,2658.1246980366705,2726.998898619476,2560.6655838413476,2609.620678573618,-0.014212390810466546,21,3
2021-11-03,2605.4910576720235,2666.9004874804837,2532.4759156053087,2624.35635737735,0.005646674600917834,20,4
2021-11-04,2625.591653080229,2727.7000339273222,2603.7053541995756,2699.5798166909176,0.028663584159257294,20,4
2021-11-05,2694.972843408212,2802.65246078889,2657.90658313241,2709.7595213573077,0.003770847819890788,20,4
2021-11-08,2701.3930639523187,2834.6585085329516,2663.1334927654393,2785.1048553058777,0.027805173615860213,20,4
2021-11-09,2777.932839567691,2831.3274699818558,2734.7058129176075,2780.339360805926,-0.0017110646627443993,20,4
2021-11-10,2767.9373411511187,2827.6678410879526,2706.0470913911026,2786.875192245944,0.0023507315445563393,20,4
2021-11-11,2772.3163328153923,2825.4245813944117,2726.6443949392224,2772.503916062323,-0.005156770645347586,20,4
2021-11-12,2777.0485171989253,2877.8987265010605,2759.5559837480914,2833.164463252976,0.021879336883609213,20,4
2021-11-15,2836.652487043043,2884.3514478862076,2753.3647403232903,2792.808344827714,-0.014244184885379374,20,4
2021-11-16,2792.037055085194,2890.3632477973065,2741.8381253093867,2802.0198447619464,0.0032982928997946637,20,4
2021-11-17,2819.2135021136132,3006.03493670696,2806.9231021211435,2971.6581108165105,0.06054142206440227,21,3
2021-11-18,2967.158542838097,3093.0761821393094,2923.050482344462,3013.5363330953855,0.014092543865138252,21,3
2021-11-19,2987.0932597739375,3070.6439309706925,2922.9551883557892,2997.5903638862965,-0.005291447471187594,21,3
2021-11-22,2989.4763201568007,3161.81453874955,2971.1987550707036,3131.459740502559,0.04465899618208824,21,3
2021-11-23,3278.079518582554,3388.983870537477,3166.76697362656,3242.6982066269625,0.03552287921368946,21,3
2021-11-24,3247.731378625622,3497.744868721579,3209.5285800200554,3409.5645132452337,0.05145909239325874,21,3
2021-11-25,3423.7982349448243,3555.607822352991,3324.7611241655127,3448.4999160853026,0.011419465063299272,21,3
2021-11-26,3445.534491848364,3713.83861552098,3414.314208983326,3613.7009368227964,0.047905183342741076,21,3
2021-11-29,3570.2969478893538,3774.92629741899,3523.18481427457,3693.772832108339,0.02215786438485501,21,3
2021-11-30,3727.894915558942,3800.037335085892,3552.9569548843547,3624.679724235595,-0.01870529429209833,21,3
2021-12-01,3589.4431424927834,3666.784298874851,3482.5790588711106,3570.8086063621336,-0.014862311148007068,21,3
2021-12-02,3558.184556115672,3720.0952764905137,3457.5144134565126,3608.5034871253606,0.010556399101331326,21,3
2021-12-03,3567.165154108298,3620.1571627085173,3452.9132259057237,3537.11761909416,-0.019782679519611213,21,3
2021-12-06,3527.1299239181562,3618.1409564181217,3433.460929304035,3471.429550534322,-0.018571072730304228,21,3
2021-12-07,3498.921102411026,3533.7735334287427,3302.513572497858,3373.11364119146,-0.028321447378279463,21,3
2021-12-08,3377.7168451801626,3483.1286664271206,3337.320346911068,3425.2052207309484,0.015443173601790816,21,3
2021-12-09,3428.8195061421247,3491.162707834839,3359.1241378428444,3393.3056578487926,-0.00931318295589545,21,3
2021-12-10,3369.836912183977,3487.432271405238,3328.625543509975,3417.824186025123,0.007225558393072706,21,3
2021-12-13,3409.424062419313,3481.803385325004,3342.840495435716,3450.131625182023,0.009452633429478219,21,3
2021-12-14,3443.440673760118,3505.8378713587817,3331.0721536076917,3414.0525919430806,-0.010457291824928161,21,3
2021-12-15,3397.7085296216574,3569.2181541805458,3358.4255071506454,3473.155406493122,0.01731162978845724,21,3
2021-12-16,3462.090440510696,3546.4933930468956,3392.5382136110497,3459.484335080909,-0.003936210682267349,21,3
2021-12-17,3438.570873621551,3471.699900992596,3285.3500957747656,3309.537431232665,-0.043343715225910184,21,3
2021-12-20,3303.9876529216062,3436.5635482489333,3245.914825203266,3345.5917370651123,0.010894061959292767,21,3
2021-12-21,3353.4616828384387,3458.7515226390096,3291.8633170168687,3367.0682116349976,0.00641933513045001,21,3
2021-12-22,3382.879952203692,3473.295938098343,3304.2430124843413,3368.9371973119787,0.000555078055895164,21,3
2021-12-23,3378.413202616803,3432.359351084011,3295.0041109625495,3326.9105796008394,-0.012474740622850367,21,3
2021-12-24,3323.098298428111,3355.646923991564,3148.473090049276,3173.371244500299,-0.046150724952445765,21,3
2021-12-27,3160.987173039853,3252.074571148681,3108.027726255835,3186.9967755811836,0.004293708498335436,21,3
2021-12-28,3192.197774226724,3270.9525570860874,3140.1398004253947,3218.399096521426,0.009853264107716697,21,3
2021-12-29,3208.815886582913,3270.085897669394,3166.060543185613,3198.4723782363785,-0.006191500086669022,21,3
2021-12-30,3285.8790322535806,3373.236335949218,3229.4133583684447,3263.0311867217715,0.02018426325163092,21,3
2021-12-31,3270.1667074306065,3347.117704581569,3224.640842378866,3281.585314252752,0.005686163100886876,21,3
2022-01-04,3285.4502319656112,3334.8005161414067,3167.8939406972304,3208.718675430107,-0.022204706519792894,21,3
2022-01-05,3210.443993571991,3246.5106379108283,3049.0262249234024,3082.425055456904,-0.03935951784750169,21,3
2022-01-06,3069.623598228759,3191.722919004313,3050.2766505950854,3146.553097921894,0.020804412535987638,21,3
2022-01-07,3150.692988910915,3172.9721451030373,3027.269458204329,3048.382294845256,-0.03119947447938287,21,3
2022-01-10,3045.6323707853553,3097.7870701733123,3001.3497443190363,3048.7795891795777,0.00013032956364855686,21,3
2022-01-11,3048.4925490305254,3085.68139411179,2993.347465243889,3020.2906565781896,-0.009344372647500654,21,3
2022-01-12,3051.8875196530357,3119.928873730403,3025.377287719058,3087.957425423645,0.02240405859551209,21,3
2022-01-13,3090.2806211157676,3101.3209982506874,2978.622973938546,2993.77606574238,-0.030499565475176293,21,3
2022-01-14,2975.196008831209,3077.806671693819,2954.259804106745,3025.864685048558,0.010718443397743194,21,3
2022-01-17,3013.6737328677527,3073.8024479900705,2961.6787651834206,3044.5151112795456,0.0061636682972452395,21,3
2022-01-18,3041.471343788574,3074.4012830066276,2975.9589286572686,3004.398739246301,-0.013176604670024128,21,3
2022-01-19,2986.097558786963,3018.108589338081,2902.547396396955,2936.338009645582,-0.02265369396932726,21,3
2022-01-20,2943.8800090378627,2971.5749775900276,2816.9772546833915,2828.1814843508446,-0.03683381304858435,21,3
2022-01-21,2829.2262459207227,2883.3384419685594,2782.9793845365966,2817.7900669413625,-0.003674239954889913,21,3
2022-01-24,2803.6598037430167,2916.3003996985994,2781.417870073525,2885.203480887587,0.02392421448890958,21,3
2022-01-25,2878.788805406714,2928.133018045321,2784.7991832959174,2792.9744452248806,-0.03196621530289201,21,3
2022-01-26,2800.7300311933577,2854.7178910827506,2754.2273719776913,2820.289862565953,0.009780045566751827,21,3
2022-01-27,2827.6813709272374,2860.7817698103954,2724.7764765576185,2732.8937062583004,-0.030988359553984934,21,3
2022-01-28,2755.735409840959,2795.6377440652077,2650.832605774065,2722.1649335125994,-0.003925792181793342,21,3
2022-02-07,2773.7484454720066,2883.9855617433695,2755.7708440676,2831.9426893908685,0.04032737125028474,21,3
2022-02-08,2829.0289679371735,2849.66106373121,2746.726916320208,2818.9277396492384,-0.004595767347406854,21,3
2022-02-09,2815.920308937662,2906.6376010335125,2787.8822049760397,2888.973125142615,0.024848237330869827,21,3
2022-02-10,2886.427197583318,2929.282974291325,2841.023988735695,2876.4188495795192,-0.004345584060244878,21,3
2022-02-11,2858.0762163598542,2897.636793533221,2784.206835323213,2811.4604680858074,-0.022583074611407072,21,3
2022-02-14,2792.992427692516,2906.99057629719,2767.418260841766,2852.2177259648925,0.014496827660121836,21,3
2022-02-15,2885.689506421451,2935.4986913248445,2837.2487578491628,2898.230765491587,0.01613237275254953,21,3
2022-02-16,2915.3779780944956,3076.1847140447403,2893.518955754127,3008.8646987601965,0.03817292073008671,20,4
2022-02-17,2981.020622446187,3095.681639460395,2959.0122727270837,3044.0497050744525,0.011693781487999155,20,4
2022-02-18,3018.8651142412155,3054.851125489382,2965.9892490338716,3025.402826109173,-0.006125681500599223,20,4
2022-02-21,3012.9992468635983,3060.9140789607254,2967.665535511859,3025.979026914761,0.00019045424318875348,20,4
2022-02-22,3008.2423462557463,3083.951486426026,2972.9591472994725,3050.3734701142725,0.008061669622470458,20,4
2022-02-23,3044.8330286410796,3171.4898510017224,3017.3305307836295,3121.0707848533984,0.023176609497747025,20,4
2022-02-24,3102.046684578338,3207.019920197352,2985.806762402593,3056.036461313987,-0.020837183140806737,21,3
2022-02-25,3095.762068963839,3192.7635340468955,3059.1860589316934,3112.883905965607,0.018601690579037822,21,3
2022-02-28,3111.8492829151837,3174.24366734652,3050.7441106398815,3144.4384750190206,0.010136763851983588,21,3
2022-03-01,3149.9590690702275,3172.898594081782,3059.5896140829122,3095.353257681919,-0.015610169423589948,21,3
2022-03-02,3075.3111622789625,3131.379897839757,3038.9187184468587,3093.8144495777437,-0.0004971348909389439,21,3
2022-03-03,3109.8060544445343,3125.8815016808053,3020.983149828382,3036.1093735136365,-0.018651757241609168,21,3
2022-03-04,3012.9424208211594,3069.4555266068937,2944.544120693064,2972.2611386220547,-0.021029622795733283,21,3
2022-03-07,2925.036265368882,2987.916068216277,2842.2813811033757,2885.7316960432618,-0.029112328474243054,21,3
2022-03-08,2899.7047673798666,2933.8402965996984,2748.5468658817413,2770.5128143018737,-0.03992709436548425,21,3
2022-03-09,2781.9586173667667,2817.1909219189624,2606.883126227448,2736.295078351341,-0.01235068676596418,21,3
2022-03-10,2805.7856189385425,2854.474146800329,2749.362175716312,2792.7381949617443,0.02062756939372612,21,3
2022-03-11,2749.0652486248537,2816.62220947741,2688.1969228729904,2797.067249319029,0.0015501110577047506,21,3
2022-03-14,2762.016180113665,2800.4782393998275,2697.0351084008344,2710.2477759923245,-0.03103946583616879,21,3
2022-03-15,2697.789825006916,2752.5388058973385,2583.48933774012,2595.787287626109,-0.04223248124401002,21,3
2022-03-16,2642.8043389246704,2730.674387608293,2531.828363696515,2717.1886481712786,0.04676860893952273,21,3
2022-03-17,2777.4937923402867,2869.6039196392667,2737.7657309347646,2787.5301625643933,0.025887607929046874,21,3
2022-03-18,2769.362243066732,2813.704858031118,2729.3452591516393,2774.0799191682604,-0.004825147213388115,21,3
2022-03-21,2781.20260019635,2845.1693634277253,2748.8456756533983,2808.3828503359746,0.012365516555845613,21,3
2022-03-22,2804.167498513051,2848.469296785923,2763.1645786714457,2797.004424890591,-0.0040515934086488015,21,3
2022-03-23,2806.422072531192,2850.013836442898,2769.7310034645984,2809.613221069669,0.004507964330292991,21,3
2022-03-24,2796.9692428395056,2832.348688250968,2732.232965614261,2782.699369256483,-0.009579201724762676,21,3
2022-03-25,2790.0330192232827,2834.8416994337767,2736.8530898497665,2754.5343891786492,-0.010121459899334662,21,3
2022-03-28,2717.088942622443,2744.856352175314,2646.744220279909,2694.4505401960655,-0.021812706066995147,21,3
2022-03-29,2705.85768687488,2724.9850283846345,2626.323814198525,2649.2724019765224,-0.016767106148571576,21,3
2022-03-30,2686.030564799855,2772.325494706971,2663.5618990071507,2752.658539263111,0.03902435144436489,21,3
2022-03-31,2749.756543488827,2777.4073021260633,2684.5192552677677,2706.3272640967766,-0.01683146474779862,21,3
2022-04-01,2699.248571947114,2740.2244182629206,2666.9669100114984,2710.6754406405757,0.0016066706349537885,21,3
2022-04-06,2706.6262528996167,2718.390123047155,2629.887691667632,2676.6477303702877,-0.012553221887105281,21,3
2022-04-07,2662.9959440597877,2694.263752781424,2596.2918950141016,2611.1103870227917,-0.024484859402260417,21,3
2022-04-08,2610.2465560882792,2639.275755403248,2539.161242297319,2594.821715876331,-0.006238216211545522,21,3
2022-04-11,2580.818709842512,2590.443983086131,2433.813274323121,2450.125030405689,-0.055763632848191524,21,3
2022-04-12,2461.9664218538533,2522.9789343237453,2421.6549269080456,2506.125350530693,0.022856107108840895,21,3
2022-04-13,2501.603658550822,2531.121165849025,2446.6458740848975,2476.1705344893508,-0.011952640770741652,21,3
2022-04-14,2501.21688805124,2524.2644588562443,2452.7981751133416,2479.595766785949,0.0013832780290734537,21,3
2022-04-15,2463.4506194737464,2487.2216962946686,2406.313680331972,2431.7462993302106,-0.019297285507855255,21,3
2022-04-18,2409.5872315308943,2484.8526660931548,2350.0115207143604,2462.486284515137,0.012641115232042477,21,3
2022-04-19,2465.313311748911,2549.8429513893507,2447.7779046534383,2499.886124100703,0.015187836708268287,21,3
2022-04-20,2517.4210805110993,2541.1779515439657,2423.893350476338,2441.9447780523997,-0.02317759416707299,21,3
2022-04-21,2425.8012447111814,2463.9119498831396,2310.1150733776158,2333.9130207036665,-0.044240049291735195,21,3
2022-04-22,2316.7200762105535,2350.05010881918,2257.266697525005,2279.479914338698,-0.023322679929416057,21,3
2022-04-25,2243.922761536815,2255.729024893321,2070.9309185346588,2074.2958176366424,-0.09001355765908636,21,3
2022-04-26,2083.770611232294,2140.5916535617366,2018.4139677188134,2038.9497968125681,-0.017040009685959645,21,3
2022-04-27,1995.384022402974,2200.149479748086,1971.5513953319614,2184.199521683345,0.07123751899033626,21,3
2022-04-28,2161.260422072908,2204.258973053936,2111.8142274407332,2149.823409821594,-0.015738540147311242,21,3
2022-04-29,2171.4065822290368,2278.1657554304034,2139.9240585111434,2261.0984851932053,0.051760100324168334,21,3
2022-05-05,2252.0839605902256,2338.7737939056483,2226.810474585134,2294.8436091955964,0.014924216801422308,21,3
2022-05-06,2229.865519829304,2282.674536692229,2207.736800788299,2249.6572621043774,-0.019690381911061094,21,3
2022-05-09,2242.8899054976764,2385.8846487884425,2228.3128737162715,2345.2948965428177,0.04251209108581233,21,3
2022-05-10,2303.6720636586733,2417.834481635532,2289.127006762143,2393.0712483996613,0.020371149030030455,21,3
2022-05-11,2400.634043154407,2526.6668819457473,2376.545496470921,2428.3054832710395,0.014723437463443956,21,3
2022-05-12,2409.1574075182866,2464.3668341374546,2389.8309369693484,2429.0797624629504,0.00031885576063017673,21,3
2022-05-13,2443.402624665933,2476.790145676009,2404.0911405607685,2451.009656164315,0.009028066529659373,21,3
2022-05-16,2470.7947140015767,2515.869905677748,2431.8220927157417,2448.6673104025094,-0.0009556656604410296,21,3
2022-05-17,2450.980630461711,2529.7391418294606,2422.46106292368,2507.545165413129,0.02404485687397906,21,3
2022-05-18,2509.28221004235,2561.6388061126013,2478.356473257421,2515.4631944231373,0.0031576815122704716,21,3
2022-05-19,2472.8597272524344,2581.2914952475294,2457.7517434483807,2566.911045710623,0.02045263528464547,21,3
2022-05-20,2599.1368201690416,2675.853756544986,2546.227941092295,2644.336149862621,0.03016275311969907,21,3
2022-05-23,2652.2275858779276,2718.487557359719,2615.1635832684706,2690.549844936743,0.01747648273708413,21,3
2022-05-24,2674.226970469586,2712.5989770792303,2563.8942052043785,2571.8064472131164,-0.04413350599955823,21,3
2022-05-25,2577.895355506118,2632.625732327736,2536.7488403605403,2609.1130752098165,0.014506001428344906,21,3
2022-05-26,2606.890390458623,2651.5510186688894,2538.3889949563695,2611.0556976519692,0.0007445527986542633,21,3
2022-05-27,2632.7634797624787,2675.8860619840634,2563.2842053097324,2596.816651878778,-0.005453367305031431,21,3
2022-05-30,2604.1167828282905,2648.007589116963,2558.4950358219135,2614.5720036356006,0.006837352858152901,21,3
2022-05-31,2606.7185436705768,2646.9956928444058,2548.2673425648204,2626.2217545006415,0.004455700913511551,21,3
2022-06-01,2617.143236676992,2658.2658381715605,2580.7884105962225,2620.8407054481227,-0.002048969795980571,21,3
2022-06-02,2618.357332548628,2753.2027350048797,2599.9340123683546,2727.7124471610614,0.04077765637979325,21,3
2022-06-06,2742.8990822715814,2872.784262232544,2714.901235880362,2822.944504855077,0.03491279214314935,21,3
2022-06-07,2825.1606910200917,2863.804328877877,2749.369669638915,2784.6521811370603,-0.013564674633935958,21,3
2022-06-08,2782.3646207724632,2857.8565729547245,2712.0713841783795,2808.9127815220386,0.008712255178336736,21,3
2022-06-09,2792.5769653617735,2832.0549037684045,2722.163161743117,2755.834217273593,-0.018896480018039008,20,4
2022-06-10,2729.750701967248,2916.52059457244,2711.5965292186147,2890.4216727910257,0.04883728298089829,21,3
2022-06-13,2878.7294391440123,3012.425254370555,2841.5672318124957,2960.916883373029,0.024389247854598395,21,3
2022-06-14,2928.2285310299567,2991.661986847443,2853.057051680306,2963.306049477909,0.0008069007672237838,21,3
2022-06-15,2951.4032184887437,3005.2052623325826,2879.783022845305,2906.4787883535687,-0.019176980094361973,21,3
2022-06-16,2912.8898730386068,3020.6434705721317,2891.654193328503,2945.3483455974097,0.013373418515763458,21,3
2022-06-17,2921.7323877286844,3059.312227683992,2885.6579116652892,3025.9137627251293,0.027353442674495687,21,3
2022-06-20,3036.011022163035,3096.0701965271987,2977.809991392405,3034.1005795840465,0.0027055684665462376,21,3
2022-06-21,3026.076976803574,3056.7332100833432,2879.157493732392,2923.668392289332,-0.03639700939309454,21,3
2022-06-22,2913.6382105742323,2960.5575636756516,2846.816189553148,2860.1038710858065,-0.0217413580046103,21,3
2022-06-23,2863.9649331031287,2992.5676841894815,2819.45653744246,2974.4717206411974,0.03998730630435876,21,3
2022-06-24,2988.829784987464,3086.6564786623503,2946.5165967842154,3044.190474326741,0.023439037326101975,21,3
2022-06-27,3059.849181860279,3161.63611486169,3016.0584462287434,3107.8696516156397,0.020918263106707302,21,3
2022-06-28,3106.145300168498,3281.0481636588806,3078.8058976240027,3218.3307103886814,0.03554237183519526,21,3
2022-06-29,3207.49106892263,3249.8830638176178,3038.8485194632917,3050.060394644666,-0.0522849672349841,21,3
2022-06-30,3066.991504487144,3208.997188229215,3034.2093056167505,3158.6486727259903,0.03560200915102696,21,3
2022-07-01,3143.8470535532415,3212.0431706119366,3071.412864215872,3130.162620691705,-0.009018430026819346,21,3
2022-07-04,3125.2141193918806,3214.7184814898637,3068.2116527880758,3175.925626421832,0.014620009014104873,21,3
2022-07-05,3196.9583219793653,3309.1313126663454,3125.1413342053615,3216.951552487722,0.012917785518835379,21,3
2022-07-06,3194.4140708476284,3263.5131998204924,3106.066455146578,3169.094765079964,-0.014876440203381192,21,3
2022-07-07,3166.4674906602145,3256.733229916269,3092.7437139296558,3224.025908399365,0.017333386153258523,21,3
2022-07-08,3219.559451476134,3299.4526529193863,3128.4647736147945,3151.816128377756,-0.022397394460598297,21,3
2022-07-11,3148.0226753262923,3192.7437681155784,3012.7718402193864,3061.8736697921836,-0.028536708653707388,21,3
2022-07-12,3070.6975460648478,3104.2919820585507,2946.0384516836602,2961.2312850710805,-0.0328695418475361,21,3
2022-07-13,2982.6088103667007,3044.238600956379,2931.0498830042397,3004.525910849068,0.014620481012832531,21,3
2022-07-14,2997.9104478551076,3140.3956221467024,2969.6365305937716,3104.685932071446,0.03333638124427862,21,3
2022-07-15,3084.825659892443,3202.6800526796874,3034.410497350453,3078.9628323750258,-0.008285250186081838,21,3
2022-07-18,3098.0267698903494,3202.089887008317,3055.1505507125275,3151.876390349702,0.023681207583279962,21,3
2022-07-19,3154.0232425833815,3295.135940398426,3110.9181882001612,3212.104456104745,0.019108638250994625,21,3
2022-07-20,3221.5088316604742,3273.494000491786,3164.8171908443846,3233.0105624743933,0.006508538764956828,21,3
2022-07-21,3226.565424429976,3280.114352800039,3160.9074926273015,3199.227481740228,-0.010449418608861394,21,3
2022-07-22,3211.6505273056805,3256.369783758375,3114.4511958440007,3179.846322915233,-0.006058074624456733,21,3
2022-07-25,3180.071697591311,3234.752306099609,3103.0991383353053,3130.8557425042795,-0.015406587437231889,21,3
2022-07-26,3133.0811195087185,3209.18573210052,3082.217298868545,3169.935811301282,0.012482232338735466,21,3
2022-07-27,3171.861088110551,3312.315960014913,3130.110111891965,3278.1617113854695,0.03414135380859973,21,3
2022-07-28,3299.5035459682763,3388.901912866086,3240.1115204992057,3338.7266095288524,0.018475262502466894,21,3
2022-07-29,3343.8846000491635,3392.5302770314365,3277.4278756000767,3311.355634416627,-0.008198028264461032,21,3
2022-08-01,3297.612515354786,3370.2796565213202,3221.782535201835,3338.507700204848,0.008199682784300055,21,3
2022-08-02,3287.430011915406,3305.946773732814,3116.487377954504,3174.8495095005874,-0.049021360859589524,21,3
2022-08-03,3196.312097266672,3342.937528440516,3118.8758968208217,3184.312478744267,0.0029806040303208547,21,3
2022-08-04,3198.1656095048397,3242.1248431758513,3090.755091560064,3148.869319418996,-0.011130553160802914,21,3
2022-08-05,3163.0932835381927,3247.355485918633,3079.5827984846474,3193.553824874561,0.014190650967951246,21,3
2022-08-08,3177.0252801178926,3254.2180010332445,3128.555131473617,3228.857056555939,0.011054528471197589,21,3
2022-08-09,3222.529744561853,3342.450449957852,3198.309544779999,3309.591793479198,0.02500412235943772,21,3
2022-08-10,3299.2099682745097,3388.987275371362,3248.437217859999,3309.095172345884,-0.00015005510174759262,21,3
2022-08-11,3314.6423746004007,3355.0805881315578,3237.1594044428775,3302.484662572702,-0.001997678951160431,21,3
2022-08-12,3297.7971512592617,3392.231558164821,3246.4790483160205,3264.021360465127,-0.011646776908150969,21,3
2022-08-15,3253.82105609434,3401.2720350513814,3237.059986951702,3358.513925766097,0.028949738640039024,21,3
2022-08-16,3355.722240825142,3403.898395017844,3259.7676460908733,3303.0188681560758,-0.016523694359064645,21,3
2022-08-17,3299.1605852503435,3333.259280906281,3201.502997951716,3251.264494154869,-0.01566880967594908,21,3
2022-08-18,3246.7769808168205,3379.306260396171,3227.125377731562,3336.329957831939,0.026163809136414473,21,3
2022-08-19,3334.8408846853663,3359.608402525308,3171.4931640229265,3184.697079656111,-0.04544900537186791,21,3
2022-08-22,3177.3474617242105,3245.66484628775,3100.940473179422,3211.785885253391,0.008505928482279712,21,3
2022-08-23,3195.6121413613196,3258.9196955147777,3147.379517473143,3196.5010551491396,-0.004758981653923522,21,3
2022-08-24,3203.140571777006,3224.3082860018935,2994.3223914164337,3008.175508362572,-0.05891615348701351,21,3
2022-08-25,3019.360888182536,3048.811063632957,2923.163753436725,2982.4228655132083,-0.008560884422392556,21,3
2022-08-26,2986.88126292414,3074.6139670516486,2954.1769691964514,2995.944283166307,0.004533702383203719,21,3
2022-08-29,2950.3726779679846,3024.959373317203,2911.7804682688497,2982.5557768764093,-0.004468876929763277,21,3
2022-08-30,2985.5831708881346,3014.52931881,2916.818071787056,2948.4912451413566,-0.011421255555102428,21,3
2022-08-31,2939.6357306466766,2965.339755865635,2807.360688390197,2827.0758312558432,-0.04117882801435713,21,3
2022-09-01,2825.786337421092,2871.499906625457,2782.582336116985,2802.4626586292384,-0.008706230075077537,21,3
2022-09-02,2814.259614335463,2856.578913118433,2770.7868092923377,2820.8342565204775,0.006555519244714869,21,3
2022-09-05,2815.3684363404045,2855.9125234315843,2779.8266080555127,2810.99844842795,-0.0034868436774657674,21,3
2022-09-06,2823.795398696253,2898.037187649572,2793.189793978403,2889.7312524015774,0.028008839356584714,21,3
2022-09-07,2870.518337679623,2955.8378669460385,2857.5789761478463,2929.554322482625,0.013780890540582957,21,3
2022-09-08,2944.12501586612,2971.5644476851,2868.9869858116276,2878.409763130519,-0.017458136536196434,21,3
2022-09-09,2879.632038127133,2916.2196737438308,2834.761248269372,2882.7218679358543,0.001498085804380267,21,3
2022-09-13,2889.3014452340594,2930.145319939506,2860.426509235581,2889.829531257403,0.002465608423971144,21,3
2022-09-14,2841.618585396566,2878.503845443486,2801.9266283353654,2828.737587654161,-0.02114032780911468,21,3
2022-09-15,2848.2944894110997,2859.248122126624,2663.401529114012,2699.8419541506155,-0.04556648664269958,21,3
2022-09-16,2705.5748021957647,2724.872868555665,2620.1391979048503,2629.1691434282343,-0.026176647345498183,21,3
2022-09-19,2627.023336468039,2666.719808588499,2584.7518712708757,2609.0532046924563,-0.007651062993059732,21,3
2022-09-20,2632.4432221550123,2731.045440963359,2621.846081985508,2694.1836209572903,0.03262885406542293,21,3
2022-09-21,2704.131463142542,2786.3673499846423,2672.277543141594,2746.982725918229,0.01959744115071782,21,3
2022-09-22,2726.170842150304,2799.1328308671978,2704.8161110668184,2749.627000505784,0.0009626105627116299,21,3
2022-09-23,2755.0023079079097,2825.6799334504426,2655.950463782286,2730.7428960523353,-0.006867878606798383,21,3
2022-09-26,2688.624442413642,2777.281864957614,2643.811014006588,2718.3075128064447,-0.004553846231319492,21,3
2022-09-27,2714.7999483525105,2761.890158240675,2671.936949642861,2742.9263087656113,0.009056663325684555,21,3
2022-09-28,2731.0272695250487,2747.6497060634574,2611.7279184980493,2617.6376703972232,-0.04567699758028543,21,3
2022-09-29,2648.2006702698905,2687.68667332816,2608.105167779295,2636.501496522091,0.007206431332418051,21,3
2022-09-30,2632.780986413202,2662.1376600358726,2563.1893692890503,2570.2237293023595,-0.025138528200026267,21,3
2022-10-10,2577.718871182844,2603.6228392392622,2470.333896922582,2493.92791195366,-0.029684504301658032,21,3
2022-10-11,2502.6173802036546,2566.56118393026,2488.831790984507,2540.7429829532616,0.018771621575432107,21,3
2022-10-12,2546.6698937534316,2619.007532909616,2454.970565547602,2612.5100466888684,0.028246487038286583,21,3
2022-10-13,2598.565774587654,2697.73337980377,2578.6234068353942,2646.0384321398424,0.012833782397686067,21,3
2022-10-14,2673.334547307371,2726.6695371683372,2638.0241964522706,2703.151542929781,0.02158438445043731,21,3
2022-10-17,2685.744005660292,2726.9481141874535,2652.614523362781,2712.14351079218,0.003326475678331109,21,3
2022-10-18,2720.9427253703384,2749.183629126948,2674.5568849607084,2700.182859922275,-0.004410036129102846,21,3
2022-10-19,2694.659817540113,2743.6848207279268,2663.2084635012907,2675.2815746168603,-0.009222073688050614,21,3
2022-10-20,2662.3113120841217,2704.3299140109148,2597.0448001828,2654.5625869697496,-0.007744600734252871,21,3
2022-10-21,2659.9899151494187,2682.742123092296,2611.5833514787473,2628.9954532756783,-0.00963139231283161,21,3
2022-10-24,2641.7050643701937,2714.7992699127954,2593.5329985957137,2620.6962493231517,-0.0031567966168166706,21,3
2022-10-25,2598.5023801709344,2642.9760539679487,2528.6723800831905,2608.927584285727,-0.00449066351755345,21,3
2022-10-26,2598.4535198466333,2679.4503734271284,2550.6457616466073,2635.1312995035923,0.0100438645272094,21,3
2022-10-27,2636.471535906045,2698.528843053591,2596.227245269338,2631.522913632541,-0.0013693381698783869,21,3
2022-10-28,2622.1651221134957,2637.721332872755,2479.743079494655,2495.114743124033,-0.05183620853227189,21,3
2022-10-31,2469.582380108089,2533.2294714562727,2430.634533873545,2487.9844796560733,-0.002857689606303171,21,3
2022-11-01,2497.4824835205886,2648.5663896387896,2487.329342991148,2628.4215014552756,0.05644610042688658,21,3
2022-11-02,2619.798894990581,2726.4529439555695,2601.3427544507754,2681.1746574060094,0.02007028017444168,21,3
2022-11-03,2660.6072942740575,2755.327663555838,2643.6465613319474,2709.5668885958307,0.010589474695874568,21,3
2022-11-04,2715.024667087299,2825.6729800480584,2696.447696392251,2809.51677122754,0.036887770902568784,21,3
2022-11-07,2821.636268063325,2902.8362000903176,2791.1731939681194,2837.664456692307,0.010018692806189833,21,3
2022-11-08,2835.2660942486887,2876.021567257465,2788.6139098196127,2827.2121380096855,-0.003683423055171553,21,3
2022-11-09,2835.80074788542,2856.60724500182,2772.6668406776907,2790.7337717869154,-0.012902592533594048,21,3
2022-11-10,2768.166467619793,2788.941263390978,2708.8074959486808,2725.4042994214265,-0.023409424799291645,21,3
2022-11-11,2797.983723981605,2817.7963408491773,2706.1359829289704,2720.5775383394116,-0.0017710257091175796,21,3
2022-11-14,2723.6407459310526,2747.6141225624283,2652.4176487850727,2672.6580423657633,-0.017613721828673823,21,3
2022-11-15,2666.8397583576843,2755.6667384408474,2645.0892243410403,2747.9007770397493,0.0281527728131592,21,3
2022-11-16,2748.1158843546873,2771.6383292212945,2693.8836517934124,2708.816810267453,-0.014223208894172834,21,3
2022-11-17,2699.9541794502197,2716.026037397478,2637.723761899235,2682.6968484172107,-0.00964257226669507,21,3
2022-11-18,2685.1260095887624,2701.286333932371,2630.9796856651255,2639.3103986865476,-0.01617269940741195,21,3
2022-11-21,2629.4714715464734,2684.3599024013843,2595.8472898535174,2669.8347414067875,0.01156527202538582,21,3
2022-11-22,2665.642404878074,2695.385399246644,2610.8868035485493,2636.0910934226486,-0.012638852682828827,21,3
2022-11-23,2629.2840586111447,2684.042248537246,2587.6464771053247,2661.295883752924,0.009561426156009745,21,3
2022-11-24,2659.65491599094,2698.49682611197,2630.823423750132,2656.4111736182263,-0.0018354630030124053,21,3
2022-11-25,2640.8128695077226,2664.4854132110286,2595.9735243855366,2606.564697828964,-0.01876459348022086,21,3
2022-11-28,2568.36226787461,2595.215538313414,2526.4570696550163,2575.0130521263436,-0.012104685423270034,21,3
2022-11-29,2579.267098130693,2644.9092640838044,2566.7369082914115,2629.9581789204904,0.021337805161327328,21,3
2022-11-30,2635.2887321923217,2676.566347902847,2608.650640279202,2644.2312573378863,0.005427112313723059,21,3
2022-12-01,2664.752411862673,2704.5634135829578,2644.375315598071,2669.5494188454245,0.009574866584486141,21,3
2022-12-02,2663.210046080098,2691.6307851137108,2637.3113220025048,2656.349108464602,-0.00494477093686152,21,3
2022-12-05,2660.7821311574303,2732.7322661483595,2634.4382693091293,2708.782046775681,0.019738722649066842,21,3
2022-12-06,2694.97201485635,2726.9293699491523,2660.694412883602,2696.11657311481,-0.0046757079167544235,21,3
2022-12-07,2684.1557393727976,2735.2146795146723,2668.6347434167456,2697.3789105827977,0.0004682058189084959,21,3
2022-12-08,2689.625701455456,2716.849905104055,2658.132922934492,2675.5533283427976,-0.008091403901161365,21,3
2022-12-09,2670.656416924761,2714.8384812430963,2646.159030377386,2684.8847416882,0.0034876573927913324,21,3
2022-12-12,2689.5364967101414,2713.5938930504562,2635.9936407737246,2662.4492443153904,-0.008356223648804728,21,3
2022-12-13,2672.270679299501,2780.2067962536553,2657.3649045935085,2716.854445712738,0.02043426800098036,21,3
2022-12-14,2729.04576097042,2774.405206721741,2687.181510415823,2714.9486126508523,-0.0007014851549714818,21,3
2022-12-15,2705.117486021211,2777.835489155242,2673.813566288986,2755.1749326630347,0.01481660456656142,21,3
2022-12-16,2735.531106876051,2759.5179458571024,2671.0600191754847,2689.4581850476243,-0.02385211437441881,21,3
2022-12-19,2679.701660977023,2724.4755554156795,2617.497264934518,2638.022337080362,-0.01912498519338457,21,3
2022-12-20,2632.6685499755454,2662.783387582497,2599.3036553925294,2626.461854119025,-0.004382253629486521,21,3
2022-12-21,2636.4459961286125,2659.140905953615,2559.3287509599177,2585.098904664142,-0.015748543764309342,21,3
2022-12-22,2597.7264990299936,2625.314846026892,2514.6467762239436,2530.270851124238,-0.02120926725123795,21,3
2022-12-23,2517.342019497484,2557.9462883809474,2480.690472811547,2515.3237408628997,-0.00590731630753949,21,3
2022-12-26,2514.211435808449,2595.7970746882593,2503.052699197366,2583.964624403041,0.027289085068864072,21,3
2022-12-27,2591.617964553071,2682.7377946184984,2570.080884971157,2667.7155100491686,0.03241177717960286,21,3
2022-12-28,2656.697223851901,2693.2060949406314,2614.79655175139,2646.04200421137,-0.008124369242580642,21,3
2022-12-29,2633.7444714417393,2665.5096321260316,2595.6459371811547,2608.754790067119,-0.01409169396589538,21,3
2022-12-30,2618.5274784478042,2648.404151181724,2575.7652329880643,2585.654393614537,-0.008854951235944708,21,3
2023-01-03,2590.6000282258933,2683.965344938427,2572.4320852096625,2666.688426153135,0.031339854521438504,21,3
2023-01-04,2663.9713962573996,2686.354258796658,2611.1289794914987,2636.1705696133013,-0.01144410282076247,21,3
2023-01-05,2642.023388299307,2694.722338126057,2620.9699838257197,2673.3661912505922,0.014109717355181406,21,3
2023-01-06,2677.559882568209,2786.1342675972874,2668.2560794083233,2746.2904176634875,0.027278053658178925,21,3
2023-01-09,2765.035263453907,2826.7487672453412,2732.817788391644,2788.271218662381,0.015286366193787426,21,3
2023-01-10,2781.3804977949717,2805.2095086079644,2740.3967806721253,2763.24263105273,-0.008976382011237072,21,3
2023-01-11,2769.33663186851,2807.0704201023223,2735.5726535353397,2748.327991089028,-0.005397513702233181,21,3
2023-01-12,2754.9486988537665,2796.466993933586,2725.2772675537667,2750.4174201998785,0.000760254641231084,21,3
2023-01-13,2761.015738736813,2790.806285615302,2711.778566402926,2744.081669812197,-0.002303559576502745,21,3
2023-01-16,2745.13057713372,2809.880217876662,2728.9748060164857,2783.8576456482356,0.014495186595069764,21,3
2023-01-17,2789.2767068891962,2833.711301114475,2764.9670311283066,2803.3912832087594,0.00701675158967241,21,3
2023-01-18,2804.7830184355594,2827.429587503646,2778.296825021574,2796.394275977777,-0.0024959081783880732,21,3
2023-01-19,2794.9921784643875,2826.5853923582417,2774.7303779060217,2811.7826301483083,0.005502927216924913,21,3
2023-01-20,2813.2995202558327,2903.4579181719287,2804.0570524797827,2881.920568098618,0.02494429590619185,21,3
2023-01-30,2929.214905004722,2999.928803406095,2900.2045557962656,2938.1242468458727,0.019502160944129043,21,3
2023-01-31,2926.1426817727665,3027.8586281882635,2910.086664995678,3003.295405748808,0.022181212715186582,21,3
2023-02-01,3011.960815414641,3154.2238451443973,2997.3960839394786,3100.459752911969,0.03235257743116837,21,3
2023-02-02,3089.8648939826994,3128.386079338559,3038.3862779061965,3077.534244745878,-0.007394228596116936,21,3
2023-02-03,3067.9434843474514,3097.3820196834163,2985.1345990507198,3039.7670669443337,-0.012271895224568952,21,3
2023-02-06,3016.8378694061057,3056.933586337685,2969.1011107292816,3030.251554132295,-0.0031303427540597673,21,3
2023-02-07,3032.613144406694,3089.2969081932206,3002.0847908375763,3067.3089832679657,0.012229159353168706,21,3
2023-02-08,3066.4130870274903,3105.806197330414,3011.8834159059043,3029.035930421477,-0.012477729845694174,21,3
2023-02-09,3023.173776903116,3090.037528513392,3005.396849887229,3074.2123998224415,0.014914471283501207,21,3
2023-02-10,3062.178650291645,3092.5756306241947,3014.494865499798,3044.1377949931034,-0.009782864980661388,21,3
2023-02-13,3038.0755973153337,3094.233549173898,3016.3194457201375,3062.3070384621437,0.005968600862590545,21,3
2023-02-14,3065.348245886408,3105.5954555158933,3037.6547641856528,3069.815249821724,0.002451815335718477,21,3
2023-02-15,3069.1072223099527,3086.631335278585,3007.761085698807,3025.0075484449762,-0.014596220857053255,21,3
2023-02-16,3024.229106705226,3041.2737969355594,2889.8088564726136,2918.481614175712,-0.035215097008278295,21,3
2023-02-17,2923.92279013073,2988.511899071745,2899.8935959444793,2921.546833434819,0.001050278762839696,21,3
2023-02-20,2928.509546492304,2973.0831294588893,2877.449698447417,2951.0571976309557,0.010100938262708636,21,3
2023-02-21,2958.130368754429,3022.6458803679056,2934.7763544598733,2991.9687811728822,0.013863365161058017,21,3
2023-02-22,2975.7339170123723,3005.794398456554,2943.1451291293943,2971.0917858083576,-0.006977678208373805,21,3
2023-02-23,2970.1939339620826,3033.8117845649012,2952.3157638792036,3008.8835843587026,0.012719835425772041,21,3
2023-02-24,3005.831406333311,3021.8421849248493,2935.610154832842,2970.16513632512,-0.012868044558073222,21,3
2023-02-27,2955.410922476533,2984.381009624266,2915.307713678539,2939.625777608884,-0.010282040665934411,21,3
2023-02-28,2943.236792971147,2963.6306543287196,2899.9067111667437,2941.0259513884553,0.00047631021276117735,21,3
2023-03-01,2936.466438031578,2977.9492412397467,2913.463196901488,2965.250031077779,0.008236608615400876,21,3
2023-03-02,2924.382766685727,2954.165019754233,2800.8307295806057,2847.676643227591,-0.039650412821159,21,3
2023-03-03,2840.8429685493775,2875.5769988942543,2802.776668170899,2840.908973880828,-0.0023765582243538974,21,3
2023-03-06,2843.8643651675484,2880.7011571610847,2789.4860548024835,2847.0843088605743,0.0021737180024148373,21,3
2023-03-07,2843.8052534046155,2878.2321796812307,2790.7414104859517,2800.5627076753426,-0.016340085553648298,21,3
2023-03-08,2784.1958947584167,2818.6748219830965,2763.984637869751,2799.8203250461393,-0.0002650833802680941,21,3
2023-03-09,2813.392954321494,2840.9708756892105,2767.3941070205515,2786.668045217515,-0.004697544235595652,21,3
2023-03-10,2766.851737943841,2788.422750323511,2722.8619303982987,2738.3109182817125,-0.017353027397286613,21,3
2023-03-13,2735.0671805517763,2774.5933386481147,2705.9756441755744,2748.1344471680586,0.0035874410099894227,21,3
2023-03-14,2744.252184502185,2765.8775760056214,2662.397445995968,2709.7804393709444,-0.013956379694828214,21,3
2023-03-15,2723.6533067325213,2775.6989669518584,2706.02355395981,2732.5551108563013,0.008404618748611314,21,3
2023-03-16,2718.6567498125887,2733.4048189903538,2650.0254068752038,2663.3073272713455,-0.025341770165892785,21,3
2023-03-17,2682.687972711395,2705.5924572504973,2652.7108736444466,2668.6701941092047,0.0020136117161340117,21,3
2023-03-20,2668.23466547284,2711.5904486019012,2631.742188945369,2687.3450461169555,0.006997811887348826,21,3
2023-03-21,2695.4451451420377,2736.4165634245146,2673.8490081143377,2724.1380971266394,0.013691226983616245,21,3
2023-03-22,2729.711785087851,2748.4618231624113,2697.5508672317524,2717.033212209844,-0.0026081221522101794,21,3
2023-03-23,2711.3952870769044,2745.0093233197117,2689.366220821231,2725.360543595167,0.0030648618308757314,21,3
2023-03-24,2733.9825099162576,2754.0472598737397,2693.351431465843,2719.0127841419603,-0.002329144842184161,21,3
2023-03-27,2717.4862542017186,2753.343785806242,2688.5766302299853,2724.8121157831347,0.002132881343919202,21,3
2023-03-28,2724.598038542552,2740.618346741146,2671.657804216997,2684.2612843011293,-0.014882065169601888,21,3
2023-03-29,2686.5350072912747,2712.554316802212,2663.6363191798737,2678.3333147569765,-0.002208417481123215,21,3
2023-03-30,2678.069774901839,2698.339582192721,2633.9403581109887,2679.3875962064185,0.00039363340015730053,21,3
2023-03-31,2679.3865365134516,2722.8934726014686,2667.788767211763,2696.976984668308,0.006564704743275307,21,3
2023-04-03,2698.342022583593,2761.1166565432864,2683.746785125073,2748.077596690364,0.01894736674155939,21,3
2023-04-04,2739.098032052496,2756.112458219222,2679.727562223088,2703.8167957692863,-0.01610609575740618,22,2
2023-04-06,2698.553130077997,2764.297759054239,2662.2671196337733,2739.4132054449096,0.013165244676089705,22,2
2023-04-07,2744.7721278168547,2780.6070958245923,2716.869602433035,2744.7280410080184,0.0019401365053453024,22,2
2023-04-10,2735.7693688613485,2762.736342126547,2688.9319901652275,2717.3304739135456,-0.009981887708048087,22,2
2023-04-11,2714.4425984817817,2749.8905187141727,2682.132284370297,2738.6734339208065,0.007854385107793682,22,2
2023-04-12,2734.0518395676095,2785.5001726568466,2715.2849824028085,2763.3866781713346,0.009023801065301873,22,2
2023-04-13,2762.22974947402,2811.4925233070394,2723.044018291683,2734.3708573841104,-0.010500094328610321,22,2
2023-04-14,2741.3984090390686,2809.735961452423,2725.146840600809,2776.726816685059,0.015490202869361092,22,2
2023-04-17,2778.661355908333,2825.286352855355,2734.5393624634603,2787.720985717154,0.0039593988742543385,22,2
2023-04-18,2783.6464282458696,2823.4647517730937,2740.2205373126003,2768.770789778768,-0.006797737662942893,22,2
2023-04-19,2760.416760436136,2788.369159611022,2709.430968675516,2727.497044301508,-0.01490688417749364,22,2
2023-04-20,2717.5883884705363,2737.9606269641477,2649.3500643034413,2686.441638869327,-0.015052410604058153,22,2
2023-04-21,2681.7635650809193,2699.7999091254674,2593.9703447146635,2599.37899316642,-0.03240816567284521,22,2
2023-04-24,2594.9210578389616,2624.076744364397,2545.414402210921,2577.520033994762,-0.008409300540291986,22,2
2023-04-25,2576.5137510684362,2593.5478470165476,2460.0788271923466,2493.7497518527252,-0.03250034181585226,22,2
2023-04-26,2488.9490092175424,2581.080008858286,2469.763032180464,2545.6396854354984,0.020807995487206243,22,2
2023-04-27,2531.724673601463,2553.5322609258164,2489.48254194887,2513.6526470052563,-0.012565422598198484,22,2
2023-04-28,2501.88559424229,2545.315669309421,2476.475002357146,2520.5823923534685,0.0027568428583273352,22,2
2023-05-04,2497.2682846481894,2528.716120815899,2452.708490422991,2484.257064757808,-0.01441148192808861,22,2
2023-05-05,2484.786102000157,2501.934287890188,2425.614124836175,2447.2815794388357,-0.014883920767908454,22,2
2023-05-08,2449.44073202073,2491.445868295905,2440.4780046413644,2472.8407692076303,0.010443910493803887,22,2
2023-05-09,2471.9164054256094,2552.266622027092,2429.8481710751366,2492.0339016235157,0.00776157229971397,22,2
2023-05-10,2485.7532467854976,2521.8139567055523,2459.398831211155,2501.134283880341,0.003651789107241621,22,2
2023-05-11,2502.60036086485,2541.1758484032325,2476.7032443396147,2501.1553564468404,8.42520397048574e-06,22,2
2023-05-12,2501.3018456640225,2515.6027886209517,2452.8518690716955,2461.3118548997804,-0.015930038669673796,22,2
2023-05-15,2460.826991576897,2524.267971386628,2451.459353835836,2515.7747804251244,0.022127600538275338,22,2
2023-05-16,2519.891922162083,2540.39659349641,2486.928398236703,2502.824206878978,-0.005147747583334028,22,2
2023-05-17,2501.138606558487,2534.6442494502103,2486.0798751522307,2522.757038683209,0.007964135774876091,22,2
2023-05-18,2525.517525692984,2548.3017905056827,2492.4748658064987,2521.1253109889167,-0.000646803346208813,22,2
2023-05-19,2518.292938202948,2538.8250909538,2479.0484295131173,2513.3861477105024,-0.0030697257469437522,22,2
2023-05-22,2513.17827268099,2540.346308259497,2492.8054858863165,2521.1151144091086,0.003075121069496811,22,2
2023-05-23,2522.3645001518807,2537.6722435119323,2483.2520578949016,2491.596017162173,-0.011708746291758887,22,2
2023-05-24,2489.2143151058285,2538.1358186642046,2471.892304250198,2501.8487921849587,0.004114942772489583,22,2
2023-05-25,2496.718855850965,2529.5414504373507,2463.8213976150123,2501.5171225433596,-0.00013256981902154408,22,2
2023-05-26,2502.8120741819653,2520.2919246117985,2456.932098934078,2495.165865581681,-0.0025389620180656935,22,2
2023-05-29,2498.5811717140637,2524.5454505168127,2451.1620003354114,2475.7133386733194,-0.0077960856938168455,22,2
2023-05-30,2472.720609788115,2493.9594257066474,2428.822303677132,2476.092634079632,0.0001532065123968085,22,2
2023-05-31,2470.3402049428614,2494.4094992622286,2444.0205462384943,2465.228876990603,-0.004387459879128031,22,2
2023-06-01,2464.2076243202987,2496.451007961332,2438.7284582271714,2463.4652638034872,-0.0007153953142349234,22,2
2023-06-02,2465.4836418564473,2520.0222444743995,2457.34602830918,2503.6763855866193,0.01632299118399083,22,2
2023-06-05,2505.857970752807,2522.6330511996134,2478.344175030292,2499.1662397617283,-0.0018014092599407672,22,2
2023-06-06,2497.0037046625876,2508.043374234461,2434.7949366163725,2441.770368339473,-0.022966007826565216,22,2
2023-06-07,2441.347007570032,2462.677259618594,2409.081159657133,2426.307060923963,-0.006332826221503329,22,2
2023-06-08,2423.043008487972,2450.7291754212533,2392.5702387010488,2411.130912092174,-0.0062548343844038845,22,2
2023-06-09,2410.229662526414,2435.737623967684,2382.0675226968365,2410.480987181141,-0.0002695518969019206,22,2
2023-06-12,2405.2716348495724,2449.5807804468195,2384.447620026137,2434.6940109085513,0.010044893055026982,22,2
2023-06-13,2436.210346842037,2471.3914147639207,2418.3623398622085,2444.2860345544736,0.0039397245004693104,22,2
2023-06-14,2445.9931153079756,2459.8094936329667,2413.452646378429,2433.0982155978613,-0.004577131644354249,22,2
2023-06-15,2432.8927445104446,2500.819758426422,2418.4784449801036,2485.74355609194,0.021637162099164442,22,2
2023-06-16,2484.895558068715,2525.1080104695125,2464.2289139407567,2512.587725087026,0.010799251165430013,22,2
2023-06-19,2520.697163831655,2551.862073475412,2493.7181035948443,2511.258315758824,-0.0005290996668207981,22,2
2023-06-20,2515.8369634667465,2546.0502190989723,2488.7223735897396,2515.9327431280017,0.0018613885078424541,22,2
2023-06-21,2509.2760802605276,2543.2664270625187,2466.89857733451,2472.796477038693,-0.017145238165499843,22,2
2023-06-26,2458.317914068562,2551.530163053938,2438.718033939344,2489.963627752851,0.00694240341797836,22,2
2023-06-27,2483.9281047439495,2537.2686606447564,2459.7227243766674,2510.7332818413606,0.008341348386383451,22,2
2023-06-28,2512.2522334252494,2524.5692283566937,2434.802606126607,2491.586167039375,-0.007626104668490785,22,2
2023-06-29,2485.1567211991223,2643.7602371413172,2474.163024378574,2613.693646636187,0.04900792965226097,22,2
2023-06-30,2605.2882446889375,2673.1710747869824,2581.8431106383787,2634.2993029458453,0.007883730496180075,22,2
2023-07-03,2633.890585842815,2680.245116333007,2602.8943301643276,2622.4810802839256,-0.004486286979123233,22,2
2023-07-04,2660.153370180876,2700.8087678973793,2617.777508905223,2637.2334059947134,0.005625331607422179,22,2
2023-07-05,2626.6346352615656,2862.812379896763,2605.5407105091995,2829.699504500927,0.07298030506845454,22,2
2023-07-06,2792.7689640919457,2841.5412523058462,2720.9087850945807,2781.287246274496,-0.01710862165732674,22,2
2023-07-07,2757.3352249730433,2798.002693033725,2691.889305067676,2733.5408698600127,-0.01716700656447434,22,2
2023-07-10,2734.2138755764627,2774.9129226774617,2679.8095325932713,2701.3471862089195,-0.011777282720028093,22,2
2023-07-11,2695.713054220432,2774.7193412172187,2657.0949504519353,2762.5713424954884,0.022664304906505173,22,2
2023-07-12,2733.144861159969,2853.635236183028,2700.6063731143304,2756.9005022207625,-0.002052739846929441,22,2
2023-07-13,2757.882893211669,2804.645274788553,2729.431548704922,2757.981480431622,0.0003920991018677711,22,2
2023-07-14,2745.244701481125,2770.673659753372,2696.301748671614,2713.050128712307,-0.016291389930683353,22,2
2023-07-17,2673.553588729736,2681.7147850070232,2593.8455484499354,2629.055867524311,-0.030959347304010953,22,2
2023-07-18,2631.006019458941,2693.1611668964165,2601.9223393604075,2666.673591627434,0.014308453680197175,22,2
2023-07-19,2648.1865982011846,2681.8594431102892,2610.7154865130537,2634.7706200066705,-0.011963583290031776,22,2
2023-07-20,2628.4654096442255,2668.090115341718,2587.158767943116,2593.6043777150617,-0.015624222457552905,22,2
2023-07-21,2590.3762165863113,2619.1991351825836,2553.224813988947,2565.87644565798,-0.01069088728231915,22,2
2023-07-24,2555.6040454901677,2586.898929568368,2535.1728688763014,2552.8310928213464,-0.005084170307073532,22,2
2023-07-25,2571.009839071305,2614.314644903969,2562.9156121221235,2596.1672124117795,0.016975709717848453,22,2
2023-07-26,2593.9470768656656,2607.0623195344983,2552.457907204581,2566.5452764206943,-0.011409872156719514,22,2
2023-07-27,2568.358184471777,2589.3975987275494,2535.7014304679146,2544.0146238132775,-0.008778591523169399,22,2
2023-07-28,2537.1862177004555,2583.821254216089,2508.7143570072453,2569.3172437172816,0.009945941217145204,22,2
2023-07-31,2572.4062704281687,2615.622067686439,2562.516681013524,2592.10791050942,0.008870320256429087,22,2
2023-08-01,2592.61111842384,2664.8100340421192,2562.405122492791,2646.734550594298,0.02107421526063802,22,2
2023-08-02,2647.5867739504056,2694.986526739294,2613.3038491614143,2627.0303824840394,-0.007444708841630621,22,2
2023-08-03,2611.3717920280487,2639.822125142416,2586.682494924466,2615.8995275558827,-0.004237048418767042,22,2
2023-08-04,2615.5184347267887,2641.0485563701986,2584.556229640996,2606.6180387497984,-0.0035481059988401453,22,2
2023-08-07,2602.2508296882484,2708.216813193115,2584.627622025734,2678.042773438032,0.02740130453577705,22,2
2023-08-08,2663.9248548026067,2702.0157577464265,2626.6901385181363,2656.016991121216,-0.008224581972803735,22,2
2023-08-09,2645.585559288924,2680.06902018485,2615.027227382027,2635.0235054005816,-0.007904123275872532,22,2
2023-08-10,2624.519796777464,2648.696398004828,2603.0420581771436,2619.434114926267,-0.005916224444436291,22,2
2023-08-11,2618.4365101545227,2633.378836632093,2553.158103802142,2554.5376428171658,-0.024774996912234948,22,2
2023-08-14,2531.1788532693354,2562.5397016688235,2495.3295422104734,2542.2375569355722,-0.004814994962465513,22,2
2023-08-15,2541.3956703408426,2571.5072572777453,2497.152406953277,2516.847092600415,-0.009987447579746678,22,2
2023-08-16,2507.5484185521414,2531.0197064848803,2459.341288685172,2467.112830791829,-0.019760541653406793,22,2
2023-08-17,2465.4856220472325,2510.6935746849203,2437.7750007445866,2499.9264555926875,0.013300415121398013,22,2
2023-08-18,2495.665215724144,2528.0788800541854,2452.283242936884,2460.5981746841794,-0.015731775157035055,22,2
2023-08-21,2453.988044781826,2489.2282579186735,2430.601438002232,2438.590282575257,-0.00894412274842371,22,2
2023-08-22,2443.961931139843,2466.7684900999434,2377.513773619081,2429.5039901694463,-0.0037260430629679764,22,2
2023-08-23,2426.943813903713,2429.706672305399,2356.929424348378,2361.7150565234847,-0.027902375925397682,22,2
2023-08-24,2370.627700553348,2395.8295028443254,2323.50624628952,2348.8512121654285,-0.005446823198473449,22,2
2023-08-25,2341.689540108537,2366.3801326802995,2290.3203710525854,2305.510456122595,-0.018451895044845235,22,2
2023-08-28,2438.375354168551,2458.180956439647,2319.903732698425,2334.613196205631,0.012623122140153376,22,2
2023-08-29,2331.988497353844,2441.826908667723,2321.166494189875,2418.089657778836,0.035756013762312744,22,2
2023-08-30,2415.487853266693,2468.5618992180744,2398.4149560856395,2427.8396926777887,0.004032122989148457,22,2
2023-08-31,2428.8955492070186,2445.301376602758,2392.952121028237,2409.178269276106,-0.0076864314633146025,22,2
2023-09-01,2415.456822570409,2446.4888357263458,2395.7443089347407,2423.9558970043217,0.006133887191609011,22,2
2023-09-04,2429.784539815788,2507.806074132423,2416.8699074795727,2491.365838070214,0.0278098876094246,22,2
2023-09-05,2478.6686049595105,2507.4287685166073,2456.0715912421447,2488.0947700020615,-0.0013129617570281082,22,2
2023-09-06,2482.4727507253556,2510.5696241840146,2456.572121851572,2495.4584982329056,0.0029595851089057046,22,2
2023-09-07,2494.1079865335632,2507.2687390779174,2435.052716698278,2445.505379377163,-0.020017611549587144,22,2
2023-09-08,2436.729467290126,2479.1601103500957,2423.0520330654836,2452.30771586503,0.0027815667653934284,22,2
2023-09-11,2449.651564022674,2493.7977009628257,2427.6018003257755,2471.5819779591197,0.007859642560106517,22,2
2023-09-12,2474.641555700605,2494.610115657426,2454.368626924255,2464.444641644033,-0.0028877603003807373,22,2
2023-09-13,2463.5290666953474,2478.8278112153184,2419.5341839574317,2439.798546218755,-0.010000669119853645,22,2
2023-09-14,2437.118730841024,2456.515564909683,2409.014556216242,2425.6354299762434,-0.005805035118355062,22,2
2023-09-15,2431.8179224287137,2468.344255937686,2414.5127410127793,2441.4158803401674,0.006505697504624042,22,2
2023-09-18,2434.062838431172,2489.949465606892,2412.413878485176,2463.650920306987,0.009107436445330741,22,2
2023-09-19,2454.612369216535,2461.2428122179413,2394.9885830273493,2406.3073252089885,-0.023275860482236177,22,2
2023-09-20,2400.5008858317883,2412.23009678118,2364.4613443045614,2368.3378129940197,-0.015779161629602467,22,2
2023-09-21,2363.728050109719,2384.8530585484064,2341.835701355712,2350.24464517273,-0.007639606023271073,22,2
2023-09-22,2347.96968036159,2394.681936333567,2334.9969552310135,2389.8101918747716,0.01683465029196296,22,2
2023-09-25,2390.8754767783525,2402.785987429729,2356.1252048404185,2368.096812067175,-0.009085817727876755,22,2
2023-09-26,2363.6669911150343,2372.094832153835,2331.5489049693483,2337.6688111490553,-0.0128491372325098,22,2
2023-09-27,2335.531403276603,2380.891452719379,2324.101069197039,2345.5763976370895,0.003382680408071659,22,2
2023-09-28,2350.848393084411,2381.804799255564,2344.6374534583,2365.309727336019,0.008412998066832822,22,2
2023-10-09,2361.1439121393105,2380.0029395293823,2331.5283581473823,2355.2398509864597,-0.004257318284020539,22,2
2023-10-10,2361.6125076280427,2388.4131082748877,2346.0065110062633,2361.003741872384,0.0024472628057436996,22,2
2023-10-11,2369.676360321239,2390.5282482262733,2347.0086884491625,2368.5615810816857,0.0032011127620270585,22,2
2023-10-12,2377.5366052944955,2419.8461934811644,2362.2407647637983,2409.9512668693974,0.017474608267862513,22,2
2023-10-13,2398.1968191906844,2412.6156300613484,2363.377613282204,2384.516104676482,-0.010554222627894294,22,2
2023-10-16,2385.2629205021776,2394.4602794801444,2327.5076637967627,2343.043180243111,-0.017392595651601894,22,2
2023-10-17,2346.897000407648,2358.677040045993,2318.8083302960576,2338.3921498391237,-0.0019850382797915733,22,2
2023-10-18,2332.654648799132,2338.2292227350813,2275.521883167097,2284.2839263939795,-0.02313907162614559,22,2
2023-10-19,2275.3613003511387,2333.0543095489206,2258.520060301924,2276.7919370185614,-0.003279797790831318,22,2
2023-10-20,2262.099515944935,2307.8597703377613,2240.789172027001,2261.936032094667,-0.006524928642951955,22,2
2023-10-23,2253.5792735783025,2267.21461806512,2161.650972116036,2173.5992201684103,-0.0390536295778674,22,2
2023-10-24,2178.633945377333,2305.9550862393453,2160.2214364009715,2254.5805799970735,0.03725680386579677,22,2
2023-10-25,2237.4134509496175,2288.9611070065216,2228.5266542133636,2263.475409728393,0.0039452259148489155,22,2
2023-10-26,2247.053562614685,2296.092108058108,2217.6684790872437,2285.484988145442,0.009723798333506117,22,2
2023-10-27,2275.713891889712,2333.749407734701,2259.4446848708235,2314.5254623196397,0.01270648213610115,22,2
2023-10-30,2302.2870616459236,2361.826313444063,2291.6677045264346,2344.0378815549125,0.012750958983054339,22,2
2023-10-31,2344.0387935758467,2394.4258125845895,2321.1423235339366,2359.3788504405015,0.006544676178787956,22,2
2023-11-01,2359.9129372265306,2397.6515397573958,2343.0401477207647,2379.0638197014678,0.00834328461378342,22,2
2023-11-02,2378.0513427920505,2403.8538168596365,2337.002679566922,2352.6913501675645,-0.011085229961259602,22,2
2023-11-03,2354.0092587224244,2422.577530417532,2345.746104061877,2394.652615130821,0.017835431307327232,22,2
2023-11-06,2423.7864996292496,2458.7428841346523,2391.987742855664,2433.0691871844647,0.01604264928069532,22,2
2023-11-07,2422.6537486329726,2474.6160343657166,2405.440484748619,2454.677370070201,0.008881039223854303,22,2
2023-11-08,2453.028931184268,2464.436722409423,2411.935517028248,2430.819126197414,-0.009719502922742485,22,2
2023-11-09,2428.1566029473465,2464.2377945372373,2407.7104206787667,2423.569578354097,-0.002982347705424715,22,2
2023-11-10,2414.9782825163993,2437.508986361686,2394.9820132051977,2412.698293897166,-0.004485649825788585,22,2
2023-11-13,2416.485380294779,2441.8074555986254,2403.0047461923014,2430.563431324283,0.007404629692948639,22,2
2023-11-14,2429.6594114392906,2449.0693306595517,2412.456926852405,2428.112866640376,-0.0010082290601122201,22,2
2023-11-15,2447.0156523792607,2469.805007046552,2432.2969156789736,2453.6930559848843,0.01053500835811727,22,2
2023-11-16,2447.770523594126,2459.440341734389,2414.9668563446608,2418.4580836945747,-0.0143599755496584,22,2
2023-11-17,2413.6599832714073,2442.4172287538854,2402.3664062447524,2433.301066482264,0.006137374423713204,22,2
2023-11-20,2438.2516193061024,2487.276259169134,2413.44106477644,2471.5355670928675,0.01571301683020976,22,2
2023-11-21,2474.962630240088,2495.7399400919685,2435.937772348585,2442.2004076267067,-0.011869203849114052,22,2
2023-11-22,2435.400021869266,2454.4918772653346,2391.272219607048,2398.9061638814323,-0.01772755569529505,22,2
2023-11-23,2396.2185633112804,2432.4383191570178,2383.5259283879145,2423.345257698563,0.010187598908657725,22,2
2023-11-24,2419.8254443679966,2423.824412448011,2366.121829819434,2377.25907768347,-0.019017587307745276,22,2
2023-11-27,2361.637867214221,2392.27251471174,2338.76765003048,2371.1721760653277,-0.002560470449049057,22,2
2023-11-28,2369.234866729485,2396.5676303436944,2349.9547134816316,2388.711839462203,0.00739704335852176,22,2
2023-11-29,2387.418921253186,2425.9301300884727,2374.6264224420293,2395.5942856522383,0.002881237525738767,22,2
2023-11-30,2396.6609969454653,2430.0764025050403,2353.371367631051,2392.7822672417474,-0.0011738291526793843,22,2
2023-12-01,2384.4707495155417,2404.884385347726,2347.401873408453,2375.8587209135867,-0.007072748139206664,22,2
2023-12-04,2378.5547553237084,2414.878110987145,2364.2284606832495,2388.3376928425714,0.005252404875398575,22,2
2023-12-05,2382.5143154694824,2398.2708092106504,2334.0730509412783,2340.1604536478926,-0.02017187072793658,22,2
2023-12-06,2336.6741126245975,2433.036114367595,2327.233909377104,2382.4276842267705,0.018061680562540428,22,2
2023-12-07,2372.88144493633,2412.1264431105647,2330.3703723108647,2376.741705724673,-0.002386632148267398,22,2
2023-12-08,2370.314325184864,2395.288805478893,2335.475088397164,2348.9042798847863,-0.011712432096780634,22,2
2023-12-11,2337.6741101345056,2377.0380424552486,2304.046689932134,2367.8012825470546,0.00804502883497471,22,2
2023-12-12,2365.693972347918,2382.5739479934923,2338.832360823221,2358.8385527274386,-0.003785254229601076,22,2
2023-12-13,2357.5343307428443,2392.377641659403,2327.748168923776,2346.2211699626237,-0.005348981069613901,22,2
2023-12-14,2356.380307097993,2381.3423038710785,2321.5267368372743,2331.7059245956257,-0.0061866483658186144,22,2
2023-12-15,2333.7112116132025,2361.4287967226937,2309.3988141315426,2320.20612574619,-0.004931925046006813,22,2
2023-12-18,2312.1592640342146,2329.3415080496675,2264.8409460533403,2276.445202601915,-0.018860791142080946,22,2
2023-12-19,2277.7951540604586,2294.771227376793,2248.005253588505,2271.742830669916,-0.002065664452025384,22,2
2023-12-20,2275.1958873609233,2296.143225279498,2244.7654956902124,2250.1307997730255,-0.009513414372927631,22,2
2023-12-21,2241.3856033444854,2289.8421130290267,2211.89465837474,2275.9943815785537,0.011494257048584311,22,2
2023-12-22,2280.7437859823676,2331.5456159626856,2250.0593465619436,2291.540168487404,0.006830327453650531,22,2
2023-12-25,2287.7923681430093,2330.7518586516226,2268.7846680620187,2304.8748324076773,0.00581908364673156,22,2
2023-12-26,2297.6741074219362,2317.519496465697,2259.8603629859967,2275.4769872393367,-0.012754638453677525,22,2
2023-12-27,2271.5028822864265,2295.873988016244,2242.014618002992,2278.706220235181,0.0014191455303451672,22,2
2023-12-28,2274.785533780507,2363.827123678651,2262.939064234158,2350.1452992362333,0.03135071926633848,22,2
2023-12-29,2348.7728120502734,2379.361782454589,2335.692707757671,2365.4011300498105,0.006491441537055165,22,2
2024-01-02,2376.790217858515,2401.034068898876,2343.8398303164763,2366.05106731752,0.0002747683086192776,22,2
2024-01-03,2354.9508783941365,2372.8191062747655,2318.2691722441814,2341.8908855757004,-0.01021118355201478,22,2
2024-01-04,2336.694401168096,2345.031155557833,2295.588677370447,2311.354602652295,-0.013039156995522827,22,2
2024-01-05,2310.376816616859,2338.0837474110176,2259.0235000575726,2270.6956981029857,-0.017590941910277547,22,2
2024-01-08,2268.3673216837037,2281.878383273589,2205.955019615538,2209.6863862110613,-0.026868114447432756,22,2
2024-01-09,2213.5448864708483,2250.9279715938933,2193.145257243411,2216.4821867155683,0.0030754592809705272,22,2
2024-01-10,2213.6353141882737,2246.5744963708275,2173.6111103864305,2206.4324884734733,-0.004534075799177639,22,2
2024-01-11,2206.4623060797016,2269.3086604430337,2193.1312851300404,2254.8510632889024,0.02194428112728164,22,2
2024-01-12,2257.4055214918317,2287.6594813731954,2229.466878411334,2240.63499651668,-0.006304658876887026,22,2
2024-01-15,2236.6133259695143,2260.581804317235,2205.372439721082,2221.9547401303503,-0.00833703678438047,22,2
2024-01-16,2220.339234996494,2240.8590845602257,2168.837755511021,2203.858501311596,-0.008144287771447933,22,2
2024-01-17,2200.578142480995,2210.687384905715,2139.832194187715,2143.667815880195,-0.027311501802669613,22,2
2024-01-18,2135.011646826483,2151.946109654174,2057.9350987660337,2126.00135011747,-0.008241232914844798,22,2
2024-01-19,2121.7026256919276,2151.200968663667,2093.244830265787,2101.2209775600754,-0.011655859275924274,22,2
2024-01-22,2094.3645704399737,2109.199117685087,1953.7184781447027,1972.7732263625376,-0.06113005370177238,22,2
2024-01-23,1967.0665373749805,2010.8266144732218,1930.5123105743908,1993.5396266809855,0.010526501495936147,22,2
2024-01-24,2001.1172323327437,2034.991556364563,1936.3601917105982,2020.388016031272,0.01346769785308255,22,2
2024-01-25,2023.9713027208004,2099.0487284660703,2003.579015898232,2092.7749860429512,0.035828251522631804,22,2
2024-01-26,2089.17079181226,2120.4701152662456,2064.38657608004,2075.4497368263274,-0.008278601059439672,22,2
2024-01-29,2079.084626560603,2139.4486132981815,2026.8575664187072,2076.1290517337343,0.0003273097369467237,22,2
2024-01-30,2045.4655789157814,2078.8621106897986,1975.6929084431542,1988.9964549175834,-0.04196877681731204,22,2
2024-01-31,1971.973349040696,2032.3343311026047,1890.7317112728383,1923.8921255464636,-0.03273225008026348,22,2
2024-02-01,1911.6822193929327,1945.8614072134358,1849.0161779400087,1876.5802434337415,-0.024591754124095533,22,2
2024-02-02,1875.448732375103,1910.7374721194535,1709.2030883376815,1774.2462290342678,-0.054532181481471986,22,2
2024-02-05,1755.6284950279382,1770.2127417977217,1586.2212656136437,1630.7415099340149,-0.08088207642879619,22,2
2024-02-06,1605.2961776152445,1771.99202729639,1562.7797078178219,1738.5187851152193,0.06609096201001563,22,2
2024-02-07,1750.149529724905,1919.7759281972465,1726.2145614598676,1882.992375558948,0.08310154119741298,22,2
2024-02-08,1924.7650347906197,2010.8556551913,1865.8860839660226,1956.0572558297265,0.0388025364410145,22,2
2024-02-19,1941.3901806379502,2001.8852215383963,1906.5027751293462,1955.834002203168,-0.00011413450495534327,22,2
2024-02-20,1940.604167578788,1972.7944162727715,1905.2735522260073,1956.7448768397915,0.0004657218534893648,22,2
2024-02-21,1936.8302084699899,2031.0484645047704,1923.8778454065696,1965.3607323699237,0.004403157321176687,22,2
2024-02-22,1955.6331268259923,2002.3592083890871,1943.6182385894426,1993.5555231488136,0.014345860439010316,22,2
2024-02-23,1993.4131858078729,2031.4123119069855,1971.8121855303416,2024.3180062027411,0.015430963771371875,22,2
2024-02-26,2030.5587482300925,2081.8234335481075,2014.2207133525687,2043.4178721940532,0.009435210245024805,22,2
2024-02-27,2031.762487020926,2092.8717449858796,2017.8244787126448,2091.8611763209374,0.023706998351183728,22,2
2024-02-28,2095.0379046619673,2177.6054185723315,1998.1010202003329,2002.683159209162,-0.042630944214289146,22,2
2024-02-29,1979.3082521315496,2072.156545057684,1971.8098192785994,2065.5890663346377,0.0314108134560418,22,2
2024-03-01,2069.5172484668087,2108.2685450459235,2050.169471454967,2086.374449600128,0.010062690398712215,22,2
2024-03-04,2096.473139893712,2118.4766363971858,2052.8556092054923,2086.9176184111725,0.0002603410002210982,22,2
2024-03-05,2082.856649262944,2157.074307074907,2054.7954831925385,2086.2276432420836,-0.0003306192649876749,22,2
2024-03-06,2075.268779265867,2121.9632243257984,2049.2573775012042,2094.057883339253,0.0037533009029639963,22,2
2024-03-07,2101.4649983341264,2239.1203906858727,2084.2155198001715,2146.981690263482,0.025273325701883342,22,2
2024-03-08,2135.508967987342,2166.321125070279,2100.912561273229,2142.08450615012,-0.002280962215733151,22,2
2024-03-11,2150.411765853714,2208.2660682827254,2139.170197626666,2184.6798559215113,0.019884999704304684,22,2
2024-03-12,2179.8211926848808,2192.7276606806477,2130.8569017321056,2160.034972034816,-0.011280775908605656,22,2
2024-03-13,2159.5779501640127,2179.927458803525,2131.702762308,2151.355729817406,-0.004018102637122545,22,2
2024-03-14,2158.2453476617843,2202.309471095509,2124.769295047874,2155.3922140984814,0.001876251437700871,22,2
2024-03-15,2138.5503053790453,2213.4817090650913,2115.4787893214843,2209.7295462385396,0.025209951017098442,22,2
2024-03-18,2224.123257879506,2253.888695963956,2196.688908543494,2240.4098245979503,0.013884178003428449,22,2
2024-03-19,2230.8870872630837,2321.490388433222,2216.1895796118424,2260.1784784485835,0.008823677540416464,22,2
2024-03-20,2244.5844017463937,2279.097880933701,2226.0478435631485,2260.51210453425,0.00014761050458966807,22,2
2024-03-21,2263.550292547715,2283.1325470279667,2219.334373706848,2249.5710549234987,-0.004840075657549181,22,2
2024-03-22,2241.058097315957,2257.6465523227066,2182.652449925651,2199.2503925654732,-0.02236900330304825,22,2
2024-03-25,2189.329806141648,2229.6319206495114,2145.1988692929594,2152.284331203899,-0.02135548617853711,22,2
2024-03-26,2151.674629905383,2175.353335073285,2103.5383895099285,2144.6835293248832,-0.0035315045362822595,22,2
2024-03-27,2144.510492579439,2155.6444810791386,2069.0835974980023,2071.714419719553,-0.03402325266530115,22,2
2024-03-28,2067.471493821458,2147.547180964248,2063.2146841208446,2118.6038135180543,0.022633135799116966,22,2
2024-03-29,2126.5620315051874,2180.6509456281256,2113.5288512440584,2170.036870071461,0.024276863954096006,22,2
2024-04-01,2178.839346949662,2240.2929062146977,2167.0251030353684,2211.4347551096175,0.0190770422425095,22,2
2024-04-02,2202.3426671006455,2272.0550490079863,2186.537817225377,2249.590145195603,0.017253681121645492,22,2
2024-04-03,2252.306722591757,2353.5505333871333,2221.74138645457,2294.4986939492787,0.019962991414052,22,2
2024-04-08,2296.877529542506,2368.154227653217,2249.300103311443,2266.885981597346,-0.012034311644957163,22,2
2024-04-09,2244.3259139711226,2414.620136680857,2228.858897499215,2382.489740113511,0.050996723899940255,22,2
2024-04-10,2346.739031898266,2362.2977908359308,2261.3946216756353,2283.5647051306,-0.041521704508241886,22,2
2024-04-11,2254.630181081641,2326.6669058627404,2217.413295134012,2262.2352885063133,-0.009340403876607839,22,2
2024-04-12,2265.8016245206713,2303.7427716995794,2220.4675735374312,2233.718890115256,-0.012605407817630643,22,2
2024-04-15,2213.798192796177,2248.903927972337,2099.5413513660023,2166.6936068673376,-0.03000614067621532,22,2
2024-04-16,2146.8215096272484,2179.727637533957,2021.9273456988099,2029.5978123327357,-0.06327419534542245,22,2
2024-04-17,2047.4029885669322,2139.8006600199033,2043.0504407240282,2128.380396219587,0.048671014171677074,22,2
2024-04-18,2123.2228636005807,2169.2800069656696,2079.315058492694,2131.2896447847743,0.0013668837442568638,22,2
2024-04-19,2116.305947398116,2165.144387637649,2069.3414545677833,2093.914943916395,-0.01753619033425824,22,2
2024-04-22,2078.7995963390345,2141.6490891271264,2050.562523356578,2072.164967047874,-0.010387230356090904,22,2
2024-04-23,2063.6870261443396,2084.579731678811,2014.5051231145687,2028.3238161308175,-0.021157172143256187,22,2
2024-04-24,2029.586783258658,2105.3449844743254,2012.8043625954867,2096.0960154658223,0.033412909120342116,22,2
2024-04-25,2078.4615330713905,2129.6980068603493,2056.432384231189,2095.884617542154,-0.00010085316803620792,22,2
2024-04-26,2082.76246036429,2134.6541520969863,2056.462713904755,2117.3638281689787,0.010248279150029349,22,2
2024-04-29,2115.023697177723,2177.590166397095,2096.6552726964305,2168.018414613659,0.023923421081810226,22,2
2024-04-30,2163.374439933481,2203.4512666181445,2110.296386786076,2137.442647284608,-0.014103093923443222,22,2
2024-05-06,2155.5612553813644,2209.661825194289,2137.247684820581,2185.839919877864,0.022642606413200816,22,2
2024-05-07,2196.1427574116683,2240.5092999263725,2177.143460375034,2212.148037677935,0.01203570195640924,22,2
2024-05-08,2202.455042867218,2256.26322475929,2169.266842477293,2205.43157463772,-0.0030361725010344953,22,2
2024-05-09,2200.553641890959,2298.8082267843565,2194.3030917917276,2266.7129253422195,0.027786557247674315,22,2
2024-05-10,2266.110126346198,2298.06706038431,2215.608338745321,2239.415762226597,-0.012042620311745411,22,2
2024-05-13,2218.1408068335936,2230.85464765011,2158.2662585372505,2181.7484281520956,-0.025751061972147604,22,2
2024-05-14,2186.365230468809,2216.919398656343,2161.9470626173056,2180.2631777092706,-0.0006807615505345366,22,2
2024-05-15,2181.511531102094,2206.2345684028805,2143.449515761644,2151.73648829912,-0.013084057787978831,22,2
2024-05-16,2158.2538905439783,2180.217874364186,2122.5249702334067,2130.733858695019,-0.009760781451776612,22,2
2024-05-17,2132.830913858012,2162.5306804411116,2113.096992295514,2160.0415193435297,0.013754726114156846,22,2
2024-05-20,2171.3651033582055,2213.0870806897415,2158.7929568134173,2196.65994300947,0.01695264805700103,22,2
2024-05-21,2191.3401072797105,2200.26812218136,2134.0594410211493,2148.6757252512107,-0.021844172062663647,22,2
2024-05-22,2146.220042596134,2185.9914539966694,2133.0677887310126,2161.155935248909,0.005808326426845589,22,2
2024-05-23,2149.242519494248,2152.5281258403147,2084.943323402161,2094.580392292494,-0.03080552489089472,22,2
2024-05-24,2091.7581404152384,2115.9958223650115,2068.267498691562,2078.948616269619,-0.007462963026100833,22,2
2024-05-27,2083.9612533864974,2103.2449033703097,2045.6531020980863,2092.1135023874076,0.006332473065838062,22,2
2024-05-28,2090.5339689481743,2134.341947037444,2069.950683873224,2084.5238998807595,-0.0036277202446172163,22,2
2024-05-29,2072.8570178637747,2165.438474998905,2065.571225012375,2133.6916892403297,0.02358705954984841,22,2
2024-05-30,2122.249996769959,2146.02966536914,2091.816756063889,2103.5299506403126,-0.014135940422936866,22,2
2024-05-31,2103.4574766937567,2119.566045144522,2084.9462067307672,2091.6658766721603,-0.005640078461702558,22,2
2024-06-03,2088.6733271560806,2096.2365626374653,2017.9438070579483,2038.3254109875381,-0.025501427488737627,22,2
2024-06-04,2034.054484078573,2051.2951541704374,1994.3603989681208,2029.4787204270772,-0.004340175770155885,22,2
2024-06-05,2018.3842225277842,2033.2279116280683,1983.1798410956899,1990.1399018423574,-0.0193837058692794,22,2
2024-06-06,2002.1670659576089,2020.4684822282306,1920.108206935555,1930.8860710833153,-0.029773701187634227,22,2
2024-06-07,1950.2625042064547,1973.330698238722,1921.3834659470185,1952.846870723568,0.011373431073502749,22,2
2024-06-11,1941.4412939537783,1973.9768144902494,1901.7774850906217,1964.8332454043523,0.006137897886659749,22,2
2024-06-12,1961.9272847948353,1998.3090690739878,1954.6544294315725,1983.8860437249712,0.009696903472690366,22,2
2024-06-13,1984.949413967278,1995.7634884869972,1950.7089110333075,1965.7114757469967,-0.009161094728934005,22,2
2024-06-14,1959.8980066779618,1987.4524496405454,1935.2000794422722,1975.872864583531,0.0051693185708614475,22,2
2024-06-17,1967.8156066670147,2000.0787588277728,1951.7044805710368,1973.2789019833474,-0.0013128185758705113,22,2
2024-06-18,1980.0525107652438,2030.2734550902162,1969.0890912601647,2009.4053196901202,0.01830781126300085,22,2
2024-06-19,2009.7448208280077,2040.3332576041253,1985.3598276086288,1995.4217513614308,-0.0069590580813462255,22,2
2024-06-20,1989.461425423715,2006.2038828491768,1938.115558124659,1948.1524271736341,-0.023688888905588956,22,2
2024-06-21,1942.074602358556,1960.6715642504175,1918.677972728665,1933.3202464754463,-0.007613460061596133,22,2
2024-06-24,1917.3084156857499,1930.8307019484807,1856.143522557255,1870.4981518199102,-0.03249440684752791,22,2
2024-06-25,1868.7457649238324,1915.7183253415863,1851.7492467559516,1880.1432326604543,0.005156423614297578,22,2
2024-06-26,1869.4790905380307,1936.8514470819985,1847.384840775816,1931.8874615971895,0.027521429238939188,22,2
2024-06-27,1922.0003702043957,1950.2266423467036,1884.3215323389165,1895.508235351237,-0.018830924144968453,22,2
2024-06-28,1893.3847630121077,1960.3971671079346,1883.8546217420385,1928.6258351411855,0.017471620102885943,22,2
2024-07-01,2038.9314370151483,2089.7848330124048,1977.082432351347,2013.6694647001173,0.04409545283971883,22,2
2024-07-02,1993.8787383015867,2008.3239713772632,1929.8043652464967,1941.878650513704,-0.03565173701290869,22,2
2024-07-03,1928.1941629441474,1952.7485338521315,1894.798947373514,1906.0226482223588,-0.018464594727306882,22,2
2024-07-04,1906.9138856301352,1922.1765169457829,1848.4930933554915,1856.6759298617453,-0.02588989087125304,22,2
2024-07-05,1851.3115603646897,1893.0572573382397,1825.8503072261951,1883.0405370736767,0.014199897132233907,22,2
2024-07-08,1881.6106003205637,1891.5965823545184,1816.0921592745237,1829.2876290359454,-0.028545805031507943,22,2
2024-07-09,1826.05537479758,1875.760517756082,1792.6377029332596,1866.722839324911,0.020464365305249643,22,2
2024-07-10,1859.6172967725922,1896.5051283627267,1841.3543281671116,1851.1986580351154,-0.008316275433481013,22,2
2024-07-11,1880.6173221481738,1925.552406794455,1874.1081338174824,1915.8220587985682,0.03490894965970037,22,2
2024-07-12,1914.4190619185927,1922.8632630200052,1879.180478938791,1889.8776022095012,-0.013542205796156725,22,2
2024-07-15,1892.2595858472712,1914.3233329667153,1862.0513617842507,1880.5862392504248,-0.004916383446321393,22,2
2024-07-16,1875.5817168072545,1898.152550648648,1856.8923122909903,1885.2347453405744,0.0024718388304290073,22,2
2024-07-17,1882.2509289698664,1897.4836836351926,1853.4878445387387,1866.2086043318996,-0.010092186692240213,22,2
2024-07-18,1856.7961235422108,1878.4375485252242,1823.0903026681626,1868.3381591919137,0.0011411129790479535,22,2
2024-07-19,1856.66936802499,1897.0357814223223,1838.9317293102308,1875.6590783430436,0.00391841226124523,22,2
2024-07-22,1870.447009999716,1893.862435454748,1853.3244461980178,1869.812672539547,-0.00311698744777289,22,2
2024-07-23,1867.6361886510133,1878.44137992992,1809.2189876435539,1810.74631598875,-0.03158945140240921,22,2
2024-07-24,1808.0050069121735,1824.0754910798148,1777.2735976358354,1782.6958259543414,-0.01549112086365989,22,2
2024-07-25,1775.601526318612,1817.2291397419308,1765.0223423686757,1795.5091229111,0.007187595758182175,22,2
2024-07-26,1805.0558724685088,1845.029590786965,1797.6038037876574,1833.1914076530002,0.020986963675687198,22,2
2024-07-29,1835.0589026868115,1851.3732394757926,1811.484868309453,1827.222714117751,-0.003255903071731625,22,2
2024-07-30,1821.504488287187,1849.4701262640842,1802.197461536031,1834.5446454758412,0.004007136788262589,22,2
2024-07-31,1834.250907955953,1902.24735831364,1825.0346771856111,1897.427233549559,0.03427694617778432,22,2
2024-08-01,1899.3627747256405,1920.656181507073,1882.2348124496423,1895.4394822685204,-0.0010476034315793914,22,2
2024-08-02,1884.2816748073722,1909.1244391614703,1864.433105481809,1873.1450946035036,-0.01176212053910275,22,2
2024-08-05,1864.8370821728372,1895.4308541809687,1821.2622772679679,1824.7969324725714,-0.02581122106889755,22,2
2024-08-06,1840.2624970363884,1866.254564352739,1826.4275290050214,1851.187195610668,0.01446202734587998,22,2
2024-08-07,1848.3044123270106,1867.9528237430545,1834.506226541605,1851.6319170259058,0.00024023578830512093,22,2
2024-08-08,1846.2577658559571,1860.9355071855434,1814.088507944547,1841.001961037243,-0.005740858045769959,22,2
2024-08-09,1850.2554297355807,1866.8480156383123,1826.3935290480158,1828.2301140162037,-0.006937443463581827,22,2
2024-08-12,1827.7604957055605,1841.4778145236023,1802.7682943299553,1811.5704113634754,-0.009112475790113095,22,2
2024-08-13,1815.152059041816,1836.5776764687319,1799.5370820334954,1831.8287213094293,0.011182733952199264,22,2
2024-08-14,1827.3076634235813,1841.669935473761,1804.1915552815367,1808.8192116155267,-0.012560950391396375,22,2
2024-08-15,1804.1201833049304,1839.5216915004116,1790.7631610617534,1819.1166856439393,0.005692926060430148,22,2
2024-08-16,1832.3032242784845,1841.1744802455612,1800.402297328305,1803.8471272777426,-0.008393941129065996,22,2
2024-08-19,1809.306851794804,1840.4611044188448,1792.7483554264159,1806.7980807295503,0.0016359221395114698,22,2
2024-08-20,1806.706660070764,1821.0574722800825,1764.3471233396942,1773.3286317883794,-0.01852417782492699,22,2
2024-08-21,1770.572494156384,1793.7397710284288,1757.4025664166102,1778.3320743599713,0.0028214976524378876,22,2
2024-08-22,1780.1691022469538,1794.484174346083,1743.6262283101412,1748.0786014134558,-0.01701227424433871,22,2
2024-08-23,1749.7522406090243,1763.0335197499408,1719.5372113262852,1739.6717526386099,-0.004809193801725065,22,2
2024-08-26,1740.1615762962554,1791.0525775835463,1734.5176778196703,1777.9125897647632,0.02198163939154174,22,2
2024-08-27,1773.126682534253,1780.1749758632225,1731.1377957372326,1742.2981508870653,-0.02003160283735328,22,2
2024-08-28,1739.3329395652283,1776.2958549668674,1727.8200818482842,1756.925477153868,0.008395420875213278,22,2
2024-08-29,1748.606392601058,1802.491071349377,1736.3962277055432,1793.2106288695522,0.02065264132572331,22,2
2024-08-30,1793.1638398670784,1838.82017986732,1784.5872526634846,1815.4424139253485,0.01239775445108271,22,2
2024-09-02,1815.510907428586,1833.3517668876336,1788.2594398541864,1793.3540026601452,-0.012166957814676027,22,2
2024-09-03,1792.3312449782711,1829.4304627563115,1783.7788092832463,1808.5895449300615,0.008495557624047967,22,2
2024-09-04,1801.7656613074432,1823.1899790663265,1788.6025689591759,1802.5067896120609,-0.003363259140279906,22,2
2024-09-05,1806.0442039931606,1829.2342594856707,1796.7187766305858,1808.758058300772,0.003468097165978845,22,2
2024-09-06,1806.4733781176026,1814.4726266202886,1765.572315025357,1768.0350028392731,-0.02251437403394685,22,2
2024-09-09,1762.5957707364516,1786.4358938370071,1745.9354145990355,1759.609691287005,-0.004765353366159575,22,2
2024-09-10,1763.7275233411613,1788.0586921758431,1733.9064364910246,1772.1846673578175,0.007146457611071133,22,2
2024-09-11,1762.2601990437545,1810.0195474096342,1754.2572066495864,1786.46838081597,0.00805994641599539,22,2
2024-09-12,1784.6238179148886,1812.199769676198,1769.8484549742036,1775.448207246273,-0.006168692201909298,22,2
2024-09-13,1778.246789497606,1794.1735834778933,1737.024869897472,1747.9855529027734,-0.015468012094869366,22,2
2024-09-18,1749.9605435671851,1763.2896678894888,1708.3501294387286,1738.1713576741868,-0.005614574566871422,22,2
2024-09-19,1747.0018296736005,1793.3490921712585,1727.0307620271128,1782.8020610689255,0.025676814427812333,22,2
2024-09-20,1784.5698944312462,1797.6271051885121,1756.5566691126403,1777.6045250278287,-0.0029153747096188898,22,2
2024-09-23,1771.738510469909,1797.8812733021878,1759.9249094701738,1773.8889239673447,-0.0020902292991326066,22,2
2024-09-24,1780.5549367107944,1836.8878805734762,1773.548804212189,1833.1148234406458,0.03338760317688938,22,2
2024-09-25,1851.8528785839437,1890.642276284082,1832.8955829300965,1842.051630946353,0.004875203337744827,22,2
2024-09-26,1842.459919428004,1901.043426261367,1832.6218725163355,1899.1432608197542,0.030993501438431714,22,2
2024-09-27,1929.6989051750472,2025.5029667477677,1922.4201587829282,2003.824072309835,0.05512001840498093,22,2
2024-09-30,2088.1661736134915,2239.9815676438047,2056.9454753370946,2223.8833687522424,0.10981966904347162,22,2
2024-10-08,2496.0537736623096,2505.3601970088125,2262.8435876105973,2403.201264141758,0.08063277863808405,22,2
2024-10-09,2341.504204443089,2360.810999850567,2172.6826577833986,2185.0500065488036,-0.0907752758156366,22,2
2024-10-10,2199.6552614017733,2279.419026659797,2147.921761633928,2196.40971292789,0.005198831305938123,22,2
2024-10-11,2194.087817750663,2205.2862542449557,2061.6723160029555,2087.5381365541803,-0.04956797255671386,22,2
2024-10-14,2094.927818237218,2147.8450442383546,2061.268787164006,2135.660687073155,0.02305229766887451,22,2
2024-10-15,2130.0856205181117,2154.350428686825,2077.910816791022,2083.585998746584,-0.02438340914442605,22,2
2024-10-16,2066.290854306449,2124.061290229802,2047.4741615704115,2086.0884443710383,0.0012010282397556526,22,2
2024-10-17,2096.35983362158,2116.9756378790985,2053.094227652759,2056.184565650982,-0.014334904543835125,22,2
2024-10-18,2054.211140976981,2177.1047576251076,2046.2156773130675,2134.8194871325177,0.03824312408290065,22,2
2024-10-21,2147.0311778062537,2237.0662130060955,2133.393437265911,2198.933112862262,0.030032340493510112,22,2
2024-10-22,2200.4984280944295,2320.951418027844,2181.9147166103376,2254.932665447498,0.025466692123410573,22,2
2024-10-23,2243.54723120285,2324.33474097106,2213.0054937009622,2290.970806458097,0.01598191447701036,22,2
2024-10-24,2269.8197199569413,2307.9220610649495,2235.5193709759583,2254.8483791036856,-0.015767301465642536,22,2
2024-10-25,2248.5820423478663,2394.5143834643577,2241.77836717225,2340.78872761138,0.038113581961487064,22,2
2024-10-28,2329.765183955112,2402.6669889499017,2310.780570019037,2375.387305746234,0.014780735111519006,22,2
2024-10-29,2375.879920333646,2437.533369001245,2311.848391891543,2356.5063147494357,-0.007948594720163515,22,2
2024-10-30,2347.9602689134067,2429.235313440751,2307.5673818624655,2370.1115978852836,0.005773497423152252,22,2
2024-10-31,2350.626150465644,2478.1458851338534,2321.568963543594,2426.4407623631673,0.02376646084013223,22,2
2024-11-01,2446.860278991739,2732.8148012012357,2434.186392404207,2701.7726325028157,0.11347149883498342,22,2
2024-11-04,2801.077140136208,2847.0036844854453,2568.398417892,2677.3898601919427,-0.009024731399505437,22,2
2024-11-05,2625.884280645872,2944.077348499108,2613.8642139024078,2844.572361991256,0.06244234516796432,22,2
2024-11-06,2810.0590210082146,3012.6258239504223,2767.1323228287133,2903.238070191973,0.02062373556904329,22,2
2024-11-07,2898.957609072205,2993.9220180164407,2817.578372380961,2882.619548288947,-0.007101905322446478,22,2
2024-11-08,2890.958313157255,2975.3037526568082,2815.019454930454,2847.9308054709777,-0.012033756878724988,22,2
2024-11-11,2827.0178791672015,2953.244136917014,2812.008185476879,2922.2712754850245,0.026103327324960235,22,2
2024-11-12,2926.1748215350544,3005.4329978547285,2833.358030311875,2900.5463447278703,-0.007434262157454352,22,2
2024-11-13,2898.7611879576234,3021.838641986248,2850.628557984595,2911.8521188236477,0.0038978084650596045,22,2
2024-11-14,2875.846543906933,2911.0616463041774,2744.434087148033,2753.2147136874,-0.05447989755755023,22,2
2024-11-15,2733.3847707642763,2777.725582120464,2649.0507909685775,2663.4855574505036,-0.032590686004551284,22,2
2024-11-18,2677.903098216722,2711.388080116977,2565.2906411378904,2585.635659108529,-0.029228579116641673,22,2
2024-11-19,2589.4674292035443,2669.682760321835,2557.8463139990063,2652.910524043571,0.02601869474457863,22,2
2024-11-20,2654.8567089615703,2738.3994301676094,2640.3387218107973,2714.2668747318985,0.023127938214368315,22,2
2024-11-21,2715.4758151197207,2782.854310087142,2664.091391193428,2724.621289104194,0.0038148107205997484,22,2
2024-11-22,2721.5404267914632,2903.9695222844625,2641.8219857826575,2774.174369654594,0.018187144300957803,22,2
2024-11-25,2742.5864878495586,2868.679763728704,2695.1537045731366,2783.9213801982964,0.0035134815786348472,22,2
2024-11-26,2754.89421938587,2815.8462391230837,2663.4831295591566,2672.88160801267,-0.039886102019776604,22,2
2024-11-27,2628.76349750706,2708.0803246279706,2559.105830144988,2688.105153665124,0.005695555540813135,22,2
2024-11-28,2681.1879968306,2726.36757190542,2635.3449374270535,2644.731035566644,-0.016135573431471317,22,2
2024-11-29,2646.3044116385086,2728.1786837741893,2609.294528442238,2703.116130662352,0.022076004822622286,22,2
2024-12-02,2683.743132623834,2793.271908585192,2674.6217033331955,2763.7378090716525,0.022426590453014095,22,2
2024-12-03,2764.5517550432883,2869.316643473886,2736.6181461714905,2790.561470529997,0.009705573868222572,22,2
2024-12-04,2825.2781192981934,2885.16645693259,2746.285620714667,2818.798362170989,0.010118713362593956,22,2
2024-12-05,2767.8364668118497,2819.5833427545026,2726.368578162402,2768.6559862809927,-0.017788564291408626,23,1
2024-12-06,2757.9664496704736,2780.635711424098,2694.7408771985674,2734.55056884948,-0.01231840199739831,23,1
2024-12-09,2715.86069443965,2758.042402719308,2667.2002029302243,2695.149747664562,-0.0144085180335487,23,1
2024-12-10,2796.8118379774983,2819.7959191935674,2695.456953115582,2707.430635896216,0.004556662664958022,23,1
2024-12-11,2689.0096288936465,2737.7619842855775,2665.534926472921,2712.4023952419175,0.0018363385860320491,23,1
2024-12-12,2707.9195894844142,2722.179961010637,2658.618571167882,2697.924247924441,-0.005337757901583529,23,1
2024-12-13,2683.821394873477,2701.842531126856,2619.886913847115,2629.5211162324695,-0.025353985288725234,23,1
2024-12-16,2622.0225064935694,2647.2171159909612,2569.8698667145372,2594.680129557948,-0.013249936066092927,23,1
2024-12-17,2591.946503672789,2628.4548275180246,2537.54581684711,2548.803719590647,-0.017680950127412,23,1
2024-12-18,2555.38529970645,2587.889164084665,2524.612499412339,2553.7042747244304,0.0019226883169216613,23,1
2024-12-19,2526.9057739041637,2566.273341050471,2500.677933419973,2549.8586787118184,-0.0015058893273878216,23,1
2024-12-20,2547.1531827013337,2601.5647317063413,2535.466566368811,2576.184715951723,0.010324508357931528,23,1
2024-12-23,2578.2727488056566,2598.2163158118133,2483.4843941530426,2492.34805826752,-0.032542952826746574,23,1
2024-12-24,2498.4428615543616,2539.926217454825,2477.6094856185664,2520.934079716021,0.011469514201147168,23,1
2024-12-25,2519.2241327343995,2536.479881370105,2449.0302987820014,2476.936124538752,-0.017453036765731622,23,1
2024-12-26,2475.365536984522,2553.164464760745,2468.418541481089,2523.7518200855316,0.018900647086931732,23,1
2024-12-27,2520.641612772623,2566.6880630687347,2504.9217787665257,2531.78476931576,0.0031829394500273445,23,1
2024-12-30,2519.440262898617,2544.1052878236105,2473.790415697276,2507.8270002268423,-0.009462798488748425,23,1
2024-12-31,2510.9540427325323,2524.396353694782,2413.212968672464,2417.891094374641,-0.03586208532090385,23,1
2025-01-02,2418.5961920705186,2452.306163010495,2334.905876792437,2363.8080034331397,-0.02236787714191457,23,1
2025-01-03,2374.2666427920044,2454.8677407063633,2313.046589541708,2329.3758610836626,-0.014566387075205967,23,1
2025-01-06,2306.008473391361,2422.967313415058,2264.194499007984,2368.247679457322,0.01668765398623795,24,0
2025-01-07,2368.095355429888,2454.1791603145157,2333.4344668468925,2420.133405702852,0.021908910413212856,24,0
2025-01-08,2395.363551439506,2421.1290661396524,2302.6002281855053,2379.217314572848,-0.016906543677959518,24,0
2025-01-09,2362.815435867362,2468.576699413226,2354.489329249136,2426.812949784405,0.020004744804113184,24,0
2025-01-10,2419.9522386014673,2516.02125894105,2375.1455472686785,2439.306084540868,0.005147959490480192,24,0
2025-01-13,2407.5677310310857,2501.475030391127,2379.398333684945,2446.942863219121,0.0031307176769044265,24,0
2025-01-14,2431.3631933998386,2560.346262493369,2410.835168020229,2548.203556857895,0.041382532939718386,24,0
2025-01-15,2537.2610789977816,2616.288870764326,2491.529164799474,2566.645346565981,0.007237172893215016,24,0
2025-01-16,2553.245243407572,2612.907860655351,2520.252991951347,2543.2492333670994,-0.00911544449652324,24,0
2025-01-17,2524.876324688269,2575.671563294012,2492.6104304164005,2538.1177708673176,-0.0020176797588130624,24,0
2025-01-20,2532.54776854221,2562.5976183770995,2491.3259019992347,2516.7280225366794,-0.008427405763495766,24,0
2025-01-21,2520.158350221611,2529.9744133849163,2435.7287473578003,2476.7771470217276,-0.01587413306372465,24,0
2025-01-22,2469.4774110412764,2510.4907993437064,2442.6962201900274,2463.5659856737607,-0.005334012938488564,24,0
2025-01-23,2485.3408543005967,2588.6608015039515,2467.2914454926545,2491.9180137740873,0.011508532048745801,24,0
2025-01-24,2474.655941325387,2539.560279755111,2449.0884791692415,2520.6529402237124,0.011531248737234767,24,0
2025-01-27,2519.597457025201,2544.3060876270547,2432.7522000924473,2443.6681494252102,-0.03054160672816375,24,0
2025-02-05,2485.722959680582,2535.5870704424838,2450.2299587194675,2501.535558510746,0.023680551346199286,24,0
2025-02-06,2491.7466583430532,2646.9142872816983,2481.7496139038954,2630.7261013743037,0.0516444958873461,24,0
2025-02-07,2617.1204957373748,2654.720460765439,2581.0700590879005,2619.8657513297217,-0.004128270913079213,24,0
2025-02-10,2616.3202577429042,2639.7452896696145,2583.2799757159632,2627.071699042834,0.002750502658181997,24,0
2025-02-11,2625.4401840321016,2651.2785994527385,2589.495648959857,2610.1690383969367,-0.006434030960044246,24,0
2025-02-12,2598.4801589650874,2640.251971959315,2577.350189796052,2620.1798580714935,0.0038353146969765106,24,0
2025-02-13,2615.1966413999817,2646.1143918246466,2555.5988667683996,2560.755097621846,-0.02267964936322553,24,0
2025-02-14,2554.2806419169674,2596.26193231443,2529.225745511303,2546.996903419887,-0.005372709875589465,24,0
2025-02-17,2546.3589788240497,2579.6085202700356,2520.515162349518,2557.654880439662,0.00418452688555071,24,0
2025-02-18,2558.72473759614,2591.9539694228724,2496.1290679038407,2513.5243173088606,-0.017254307243835476,24,0
2025-02-19,2508.2228857753867,2632.7468663693844,2501.0024866416566,2623.8738112351043,0.04390229812631796,24,0
2025-02-20,2652.7302003025034,2725.5701121866,2624.451399123335,2671.7199887103543,0.018234938460218286,24,0
2025-02-21,2657.1125295489023,2703.636625107832,2625.512774068984,2673.1099664395574,0.0005202557659771401,24,0
2025-02-24,2675.144252275468,2749.1242035972127,2644.9812332382935,2691.813524510877,0.006996928037432015,24,0
2025-02-25,2649.9121561584416,2712.989301590304,2628.3143267106757,2666.337550376034,-0.009464241821681263,24,0
2025-02-26,2665.716013901231,2722.8463966005665,2643.9771420556913,2688.9261176361842,0.008471758295180765,24,0
2025-02-27,2720.6421211218812,2785.359027211421,2654.0847933645086,2708.057718000038,0.007114959477083849,24,0
2025-02-28,2689.042693391968,2759.7635050886583,2627.3838863641704,2671.02812546304,-0.013673856465786671,24,0
2025-03-03,2683.2274801798794,2831.8821860765765,2665.365326428396,2755.877316629702,0.031766491096739236,24,0
2025-03-04,2731.868373599331,2822.01441860652,2693.8988082205865,2764.639749930941,0.0031795440415161025,24,0
2025-03-05,2749.1106253821695,2774.8320887267537,2674.9343166474714,2730.47441029008,-0.012357971645931443,24,0
2025-03-06,2730.7075198021544,2775.198657267376,2710.7493406417407,2749.924659979178,0.007123395705814994,24,0
2025-03-07,2740.10167084696,2849.3272975641344,2721.992937662336,2780.8050673731345,0.011229546701177817,24,0
2025-03-10,2781.8556105174684,2835.292641162719,2740.230429944893,2781.8021170266047,0.00035854712189942184,24,0
2025-03-11,2739.322774966404,2843.907310058257,2719.6694646549586,2835.5462300873214,0.019319890775754578,24,0
2025-03-12,2844.9797751447272,2871.7151654037307,2793.490113724376,2815.2622834397694,-0.007153452986350062,24,0
2025-03-13,2810.8416875753924,2830.8218522872103,2712.6702432489487,2756.465471765757,-0.02088502091612343,24,0
2025-03-14,2769.7654477922674,2801.2236667183047,2728.7101762087286,2771.0978787516146,0.005308394803322125,24,0
2025-03-17,2775.132656528577,2799.861305905246,2737.2671179116064,2770.174416161957,-0.0003332479147483136,24,0
2025-03-18,2773.8523460326,2834.073964503326,2762.5717078091916,2798.894845412005,0.01036773319487927,24,0
2025-03-19,2792.6425995602913,2859.7036676694206,2746.3416543804788,2822.541538667001,0.008448582230146329,24,0
2025-03-20,2813.3287790591235,2869.3340944481292,2774.434951803827,2801.1338147476285,-0.007584555843058616,24,0
2025-03-21,2785.9146608017363,2817.2555693006,2701.4437632906343,2719.817891449076,-0.029029646092033956,24,0
2025-03-24,2722.893310451994,2763.1854659182213,2637.0163851470907,2707.5738519963998,-0.004501786495033522,24,0
2025-03-25,2716.2797787240684,2784.3753310119155,2682.4430951731483,2721.8214536399787,0.005262128541045685,24,0
2025-03-26,2704.1327744990417,2853.2826668308826,2695.704443603095,2815.9860206807416,0.03459615872849908,24,0
2025-03-27,2795.8351061399508,2835.9293551080605,2733.33024917173,2758.1899473079866,-0.020524275670510406,24,0
2025-03-28,2754.2654819011077,2798.8352035471203,2666.3457619258734,2745.218737730713,-0.00470279778589322,24,0
2025-03-31,2718.864368184949,2740.9993822093543,2633.940754640127,2671.324406355998,-0.026917465759321857,24,0
2025-04-01,2673.471726281314,2737.0003841581915,2654.6767722454415,2706.2174232392235,0.013062066441725806,24,0
2025-04-02,2697.341405550767,2765.416777206269,2680.2824410749504,2724.7740633677636,0.006857039633692219,24,0
2025-04-03,2729.2515993702477,2803.0094056912026,2687.117177190729,2752.9176657063,0.010328783849238299,24,0
2025-04-07,2679.569125405688,2796.1832175150093,2449.3753658126006,2528.0771356473633,-0.08167353962663848,24,0
2025-04-08,2477.660314480414,2695.9138339772076,2406.4984447638926,2633.4594011226804,0.041684750828748784,24,0
2025-04-09,2579.4218278254725,2718.5679435994007,2472.1048376011063,2658.723438870337,0.009593479108463088,24,0
2025-04-10,2652.235526610398,2760.6653362337247,2629.287784030716,2664.9661616186245,0.002348015087624278,24,0
2025-04-11,2659.4588869568493,2708.7388931606874,2597.1057698681957,2630.7211490432182,-0.012850074071712458,24,0
2025-04-14,2648.7422966761574,2729.335411369761,2631.652573652079,2675.9142810439166,0.017178989881590168,24,0
2025-04-15,2688.2693021970977,2717.25236018799,2629.6410719213195,2649.9319032384383,-0.009709719772989955,24,0
2025-04-16,2655.3866020061514,2687.741061961181,2574.979254285823,2620.4678178276545,-0.011118808515334422,24,0
2025-04-17,2600.3729177151895,2641.518491303617,2566.371513544766,2588.6655391729337,-0.012136107315786404,24,0
2025-04-18,2574.1121003749618,2593.0214807395737,2507.218129277016,2544.26200001021,-0.017153061487004684,24,0
2025-04-21,2545.8723291409588,2600.2974144157715,2525.8467896870857,2588.7436494264985,0.017483124543034245,24,0
2025-04-22,2581.8492290836934,2591.607086210261,2537.6736507703026,2547.013446797558,-0.016119866730792354,24,0
2025-04-23,2561.9832728181036,2667.6047580674444,2552.3655563108296,2620.3817731357613,0.028805629758433815,24,0
2025-04-24,2618.2250528424092,2636.373219613218,2549.891175282551,2566.2143949518195,-0.020671559670910278,24,0
2025-04-25,2568.7271279158554,2599.466896921594,2539.682120456923,2564.8922438562527,-0.0005152145893063675,24,0
2025-04-28,2567.590879505256,2604.1956976400975,2526.660418875497,2546.642807921616,-0.007115088744312659,24,0
2025-04-29,2538.7842391600357,2583.2046890429683,2515.5596742839075,2562.3181728867326,0.006155305689653945,24,0
2025-04-30,2572.316754135807,2610.805214665962,2559.0011979439023,2580.4300189280716,0.007068539041322319,24,0
2025-05-06,2625.8635813379547,2773.9472558409275,2620.0283527379866,2756.8205000148014,0.0683570101854587,24,0
2025-05-07,2767.2443509150394,2790.2696765814208,2708.1183799151568,2735.0474298098566,-0.007897891866673334,24,0
2025-05-08,2724.946945006207,2776.9618607201332,2708.6640413728965,2762.307630535856,0.00996699378185717,24,0
2025-05-09,2757.18377448376,2783.809522209861,2711.09951018776,2736.6991518353166,-0.009270683111993416,24,0
2025-05-12,2759.6008333740415,2825.022847587284,2728.1203867214235,2792.3767863380417,0.020344813738618628,24,0
2025-05-13,2817.6825482358886,2828.277907543231,2732.8770579889083,2743.242785433147,-0.017595763274242615,24,0
2025-05-14,2751.197897869686,2856.1907069664912,2736.6610020409303,2814.9768019628254,0.026149350291046813,24,0
2025-05-15,2811.5648093221234,2889.9130120868076,2779.7799412569275,2810.0349783898423,-0.0017555468199729196,24,0
2025-05-16,2779.3272658924325,2875.8302376145593,2760.939673393414,2802.0828942741546,-0.0028298879468909854,24,0
2025-05-19,2814.9703900816694,2845.122701147168,2726.4741598582013,2782.7485711213394,-0.00689998257807567,24,0
2025-05-20,2778.639145063369,2847.518938065052,2750.7376161777206,2822.5276494523973,0.014294887703429238,24,0
2025-05-21,2806.6683301724693,2829.890989964384,2754.717535464078,2774.433333606557,-0.017039448968789173,24,0
2025-05-22,2759.2873116931473,2780.437390295775,2708.416695494876,2717.061534087308,-0.020678745033916535,24,0
2025-05-23,2710.588773045761,2768.8059017772944,2688.002119841957,2705.318254477827,-0.004322051400806992,24,0
2025-05-26,2705.005856768783,2760.4263217259545,2688.8713688823905,2740.448123629195,0.012985484829084903,24,0
2025-05-27,2735.0875698808677,2744.4526665107237,2678.988267611621,2702.5254584550294,-0.01383812554128705,24,0
2025-05-28,2703.2803473838253,2732.5930344669614,2674.0570897369876,2696.0543364415585,-0.0023944721753594855,24,0
2025-05-29,2700.1508879144435,2755.5444982492836,2687.221255123396,2735.820807623459,0.014749877494823593,24,0
2025-05-30,2718.4706620524103,2726.40338156467,2658.912089268308,2669.4894990725925,-0.02424548726511322,24,0
2025-06-03,2672.283117444765,2744.3806163037048,2660.3024071048144,2723.5300594957253,0.02024378085844014,24,0
2025-06-04,2722.613384550139,2835.217548882944,2712.175139745791,2805.264690542154,0.030010548538451642,24,0
2025-06-05,2807.7271766821514,2918.3857679513985,2788.8016621128572,2849.4779899912724,0.01576082984189764,24,0
2025-06-06,2850.1537252087073,2884.903383622798,2805.167361781277,2823.72425017645,-0.00903805535795732,24,0
2025-06-09,2864.3152498749378,3002.6607668609354,2834.5483677245124,2943.999622727595,0.04259458852741349,24,0
2025-06-10,2969.1620097895193,3101.4145580527816,2909.912231711521,3012.4585442187526,0.023253712725591624,24,0
2025-06-11,3002.536388740557,3318.2802466116063,2984.0281860419377,3205.3691998698705,0.06403761340428571,24,0
2025-06-12,3205.8395153109013,3339.7170508194226,3137.964086464105,3271.0864153302796,0.020502229653631465,24,0
2025-06-13,3299.360663352218,3395.7136376127946,3205.425430837873,3268.6063448583423,-0.0007581794416418042,24,0
2025-06-16,3197.630906759812,3359.519757455473,3166.4155787602776,3301.6246205410457,0.01010163727260771,24,0
2025-06-17,3276.6287814599395,3376.6519833247335,3205.0532443907177,3233.752305269408,-0.020557247740815243,24,0
2025-06-18,3193.551901242432,3220.750352758302,3079.5794045312005,3104.6753273575146,-0.039915542604039955,24,0
2025-06-19,3080.0590023427844,3112.529359396956,2990.125625933805,3008.3587558089203,-0.031023073717203253,24,0
2025-06-20,3022.2401725062546,3075.7676300156395,2980.5597222994143,3003.9477474866835,-0.0014662507633836919,24,0
2025-06-23,2966.0972913164364,3058.174892463439,2954.2603003091413,3036.351822575945,0.010787163364067487,24,0
2025-06-24,3037.4747385380733,3105.512969016983,3011.024723011898,3075.9226302681823,0.013032352640435008,24,0
2025-06-25,3063.8538634028773,3124.0675776004164,3040.1788626256202,3094.128025119465,0.005918677756109547,24,0
2025-06-26,3079.41282853695,3109.132017120677,3024.6991317809848,3039.914395923479,-0.017521456370213517,24,0
2025-06-27,3054.1742015231857,3134.423214075612,3039.1923794242407,3084.065036965067,0.014523646159508408,24,0
2025-06-30,3098.749636144102,3226.456014838001,3058.4718201614223,3191.20834143091,0.0347409354801671,24,0
2025-07-01,3167.781949127851,3192.3551992661546,3111.7971862763115,3167.110339602177,-0.007551372160780723,24,0
2025-07-02,3145.0079430473547,3209.960139916514,3109.2455131372985,3137.827826275026,-0.009245814066215718,24,0
2025-07-03,3127.1606849986706,3174.932866487384,3091.0869590954303,3145.6268427870286,0.002485482615297352,24,0
2025-07-04,3141.369033233635,3151.0663874933734,3048.298727053596,3072.958977542034,-0.023101235104101225,24,0
2025-07-07,3056.7854437400824,3146.709736086057,3043.4691529191446,3122.017844514806,0.015964699604292365,24,0
2025-07-08,3118.0684989762312,3256.2058260230356,3106.501826558951,3216.5961558273984,0.030293968844143926,24,0
2025-07-09,3200.147267767943,3222.126257833693,3128.706778715977,3146.095122096803,-0.021917900263255352,24,0
2025-07-10,3214.342601173442,3295.384340280787,3143.860254606108,3244.574500331643,0.031302098128935585,24,0
2025-07-11,3314.1526652021644,3541.446853789954,3272.9081195453805,3446.8129920289875,0.06233128309326008,24,0
2025-07-14,3474.8401380930404,3558.270134411939,3367.4136309498354,3389.131811689276,-0.016734641674237438,24,0
2025-07-15,3408.463370928934,3528.850448914791,3352.0023640750674,3399.646864032285,0.0031025799311616975,24,0
2025-07-16,3399.486781720413,3467.688890683,3346.7314618639984,3398.2081323337743,-0.0004232003369915027,24,0
2025-07-17,3372.6514369649703,3467.942400138544,3324.8300572903086,3421.6890861103507,0.006909804479942272,24,0
2025-07-18,3418.7136487531466,3626.588954774377,3396.929894521603,3538.5250253650606,0.03414569129877454,24,0
2025-07-21,3528.468434535121,3668.57283771407,3483.314504476785,3608.355161336414,0.019734249573139406,24,0
2025-07-22,3582.5533824800423,3677.26957055956,3540.744223460379,3594.7171020729083,-0.00377957785576033,24,0
2025-07-23,3583.512487528476,3691.816274069542,3500.75172722013,3601.3538497350905,0.001846250337294908,24,0
2025-07-24,3559.6229654983586,3878.0436116210312,3552.5209762079207,3809.8805516665843,0.05790230858509848,24,0
2025-07-25,3797.567455129201,3894.613074033887,3711.686121384077,3810.836311755079,0.00025086353116154925,24,0
2025-07-28,3798.680099220805,3899.612942763869,3746.246377824908,3847.0920364498593,0.009513849908206362,24,0
2025-07-29,3807.294810882723,3894.9843430334176,3739.8071801995266,3805.1380162839137,-0.010905385098262665,24,0
2025-07-30,3814.2289283745126,3848.280752327682,3630.0370620823546,3689.2471472306706,-0.030456416707434375,24,0
2025-07-31,3647.834477175462,3715.459629912318,3590.233802381471,3622.899874071446,-0.01798396000903002,24,0
2025-08-01,3620.0351401495022,3642.1709007453837,3546.8219300369256,3561.613886404219,-0.016916279719967342,24,0
2025-08-04,3540.162117946707,3593.3349921621807,3520.0658560063075,3583.909310917607,0.006259921828836168,24,0
2025-08-05,3615.2851325083684,3643.157885294447,3562.287442378082,3596.4513102731753,0.0034995303361504693,24,0
2025-08-06,3590.1215321176533,3638.0099418820996,3548.0163421880357,3616.16655172111,0.005481859685301016,24,0
2025-08-07,3633.7032879138596,3886.018970723513,3545.9177970411924,3809.8882264321805,0.05357100452656671,24,0
2025-08-08,3764.600632530783,3856.9954742465998,3717.4015532491776,3779.647603875999,-0.007937404133375625,24,0
2025-08-11,3791.7714258613973,3848.9259422358095,3723.3512815516638,3797.216035035023,0.0046481664430853,24,0
2025-08-12,3766.351727346019,3783.4866221507154,3673.9429298979394,3701.4903910935336,-0.02520942792252967,24,0
2025-08-13,3696.0876245720415,3805.2699079445842,3682.9439324789655,3779.6135723336747,0.02110587168566469,24,0
2025-08-14,3771.472221048588,3836.355444615178,3694.9678929619486,3729.4168952114146,-0.013280901912749443,24,0
2025-08-15,3705.582965611005,3888.429242862741,3698.3818705735694,3859.6638785480063,0.03492422193502409,24,0
2025-08-18,3888.481087565119,4078.6505244880886,3826.391749561884,4041.4304298086154,0.04709388096483402,24,0
2025-08-19,4046.875035530231,4219.232476423718,3996.434580396516,4093.197787876213,0.012809167191342397,24,0
2025-08-20,4067.3678571383243,4243.263230128435,4014.0050275224216,4109.444429971957,0.003969180806230765,24,0
2025-08-21,4086.374991650399,4244.6781069447,4002.4242683898588,4046.7007035430393,-0.015268177365120539,24,0
2025-08-22,4032.5151895350486,4217.965141471285,4020.4955043005443,4104.107481023533,0.014186069513426602,24,0
2025-08-25,4170.486012959739,4448.571136829828,4145.175157469234,4354.95347371082,0.061120717195429775,24,0
2025-08-26,4323.104297577804,4347.75364547528,4150.623889063178,4192.062797598689,-0.037403539921939344,24,0
2025-08-27,4205.456482058301,4465.690897079421,4152.378054680973,4294.738421289863,0.024492863930852593,24,0
2025-08-28,4247.880854912295,4514.996044006719,4206.48461755645,4415.218132051791,0.028052863514268056,24,0
2025-08-29,4419.097908332373,4617.574949474544,4351.237001861355,4474.327868577032,0.013387727346048983,24,0
2025-09-01,4495.718203577337,4583.556006084785,4340.3033415677855,4459.163695483549,-0.003389151072271779,24,0
2025-09-02,4450.060245903159,4500.389989433065,4209.97821558448,4297.171245156301,-0.03632798914543589,24,0
2025-09-03,4299.751636393636,4357.636731741274,4091.788956737301,4134.445506623572,-0.037868106540122404,24,0
2025-09-04,4142.8103650772655,4230.941043670166,3902.681750893867,3975.603768982091,-0.038419115063195064,24,0
2025-09-05,3978.1389341463478,4150.753474324249,3951.2571032379433,4139.989826574266,0.04134870252280298,24,0
2025-09-08,4172.4678240277135,4229.284621097178,4082.039527919106,4159.086628423229,0.00461276540497324,24,0
2025-09-09,4133.715145515599,4196.75758457606,4017.9709759046764,4059.142171117113,-0.024030386052335317,24,0
2025-09-10,4042.7004974608085,4145.213310528346,3987.7315846830274,4039.44744843057,-0.004851942074530213,24,0
2025-09-11,4034.0172977173766,4180.024630620973,3995.001296496508,4152.6848128088395,0.028032884651653323,24,0
2025-09-12,4151.2068957171305,4246.749363799645,4104.451007537077,4205.310047299834,0.012672580959834256,24,0
2025-09-15,4225.121074818777,4263.852688993559,4134.165258466031,4175.317948733501,-0.007131958935011284,23,1
2025-09-16,4160.221538250367,4180.94834426756,4008.9560882604787,4107.035863343301,-0.016353745086865268,23,1
2025-09-17,4087.6546130603983,4190.699317081494,4046.2715013433385,4159.8492832059865,0.012859254610865012,23,1
2025-09-18,4143.164358863379,4205.834562142121,3992.7014210113553,4048.1422946281305,-0.02685361439147227,23,1
2025-09-19,4035.8310811279953,4112.1354629986945,3970.627762284818,4011.630879459716,-0.00901930132665163,23,1
2025-09-22,4008.0689906120692,4078.1846130141503,3949.064806860969,4025.014730672427,0.0033362618882109008,23,1
2025-09-23,4013.276962594839,4056.991645300977,3810.0564699526894,3898.919176715563,-0.03132797328565262,23,1
2025-09-24,3881.856521415818,3990.0856190157824,3858.372721005881,3969.2511315100282,0.018038833739998816,23,1
2025-09-25,3968.9604048780925,4057.724212470639,3940.748895241038,3993.4283948576904,0.006091139750702634,23,1
2025-09-26,4003.78388096977,4077.2478572067303,3927.389087380481,3943.7159067795355,-0.012448573797434137,23,1
2025-09-29,3957.5576792991415,4034.0318225865767,3908.673111987518,3983.9435802271255,0.010200449119176058,24,0
2025-09-30,3984.0215079064956,4122.1408137166745,3964.9955250259713,4055.753112730799,0.01802473630903667,24,0
2025-10-09,4146.749756183781,4328.214844099141,4089.0918020406834,4306.335396332413,0.061784402708106256,24,0
2025-10-10,4361.950825452183,4412.049022225464,4187.987796307821,4227.290210244325,-0.01835555729249727,24,0
2025-10-13,4260.325073220236,4645.073296913051,4231.523897526551,4608.511007276005,0.09018089084772041,24,0
2025-10-14,4651.618905154032,4746.159335467301,4432.960169921894,4484.608190197813,-0.026885650676014783,24,0
2025-10-15,4497.889989411896,4587.166933064132,4326.501412495171,4429.55558538187,-0.012275900698811237,24,0
2025-10-16,4367.5574000312645,4433.943690093861,4261.8662335333165,4305.7673492547965,-0.027945971947071047,24,0
2025-10-17,4301.403833963414,4412.2856722044635,4147.779067840147,4164.005347149801,-0.03292374868547654,24,0
2025-10-20,4169.841381135293,4238.550765547777,4074.8332055001674,4154.436125600852,-0.002298080994420082,24,0
2025-10-21,4163.236416033551,4235.760110791692,4100.450558876094,4200.516577962016,0.011091866854614052,24,0
2025-10-22,4155.004516126527,4220.469032464549,4059.033082508298,4140.9851111914595,-0.014172415622137446,24,0
2025-10-23,4122.153040086197,4151.443345171407,3998.2446234554977,4081.409257816109,-0.014386879396001806,24,0
2025-10-24,4095.4358139375995,4206.958447387418,4070.3194271383913,4171.314011437093,0.02202787026290287,24,0
2025-10-27,4186.959224598171,4329.526407196271,4161.39708983587,4265.187130487999,0.022504447949380113,24,0
2025-10-28,4266.881595805635,4295.184515944387,4159.432200020968,4196.083160408023,-0.01620186124684031,24,0
2025-10-29,4190.742599515617,4312.112430977416,4164.95815407597,4295.600070163439,0.023716619988469967,24,0
2025-10-30,4307.8207986037505,4487.702970482929,4235.504978855457,4343.503948321547,0.011151847792079339,24,0
2025-10-31,4300.317704921008,4328.206581919403,4176.610437664178,4206.4411306053835,-0.03155581745680891,24,0
2025-11-03,4188.6920729120975,4207.5090354064405,4027.4571171819707,4101.689433880637,-0.02490268934529727,24,0
2025-11-04,4090.184828262921,4144.968269311417,4017.308092247273,4057.627555741258,-0.010742373075694034,24,0
2025-11-05,3991.43886495863,4094.4129652133847,3960.435586677496,4060.3771678462267,0.0006776403371664408,24,0
2025-11-06,4061.0215014984233,4112.696480097754,4033.8734367700035,4080.1950749092885,0.004880804477967793,24,0
2025-11-07,4069.3472999325063,4138.223596317137,4012.9599276154036,4073.1166321275996,-0.0017348294999953717,24,0
2025-11-10,4096.615090588778,4127.628802800777,4008.517991023592,4038.2733762800367,-0.008554445893527607,24,0
2025-11-11,4047.676346450581,4091.935961118642,3994.785790408931,4016.515778253061,-0.005387846735383284,24,0
2025-11-12,4009.735040537413,4023.677350849173,3876.692864467094,3919.6912819087033,-0.024106589315197602,24,0
2025-11-13,3917.377708883184,4036.2164499650785,3898.4209487054627,3992.739901416322,0.01863631961138723,24,0
2025-11-14,3956.765112753561,4007.2485078016707,3905.2361226855987,3928.6312680416486,-0.016056300925570532,24,0
2025-11-17,3940.162865478657,3996.3878194846975,3915.2739386663934,3958.69794881091,0.007653220350264389,24,0
2025-11-18,3948.7421770297506,3979.715345533708,3852.4323405174446,3879.0492534421332,-0.020119922357981657,24,0
2025-11-19,3872.755268847607,3968.4331231076594,3818.663382055171,3896.03587345792,0.0043790678864708,24,0
2025-11-20,3883.056487600783,3994.543455537605,3850.473238780541,3895.2358982881397,-0.0002053305451396037,24,0
2025-11-21,3827.635639719588,3856.7666052578575,3692.4765431767205,3703.5437881744315,-0.04921193866537121,24,0
2025-11-24,3716.279206522772,3818.833452671754,3671.013423729001,3786.340998001651,0.022356211931824355,24,0
2025-11-25,3805.6032013760537,3913.206785707285,3776.0095041970962,3849.1658226765976,0.01659248987560935,24,0
2025-11-26,3835.506413922098,3865.8984787542195,3781.2189961955473,3797.1703177490012,-0.013508252780712993,24,0
2025-11-27,3806.2219968312115,3860.976125478141,3776.0071056904962,3790.573828546375,-0.001737211831608576,24,0
2025-11-28,3786.7080701635846,3854.9195491193495,3758.734929661612,3841.4815514238658,0.01343008345968899,24,0
2025-12-01,3861.13555176361,3936.18246249868,3843.7312259052906,3908.1030893889233,0.017342667685170676,24,0
2025-12-02,3892.6587909075597,3901.620314973767,3807.9532220698347,3835.4089856828496,-0.018600866467276433,24,0
2025-12-03,3853.0678348892025,3901.2581762784903,3803.1975204449236,3827.0475604853546,-0.0021800609084213773,24,0
2025-12-04,3818.989017638156,3846.3695333398073,3750.2303018187145,3777.1576878945634,-0.013036125577823743,24,0
2025-12-05,3786.2127628692256,3954.841829500519,3759.1404638624426,3899.5342012064298,0.032399100970571526,24,0
2025-12-08,3896.7007641373925,3972.3623051684613,3864.269288270836,3937.918923721858,0.009843412196141932,24,0
2025-12-09,3916.5711693707913,3964.7654805915945,3863.939096057839,3905.8944026832155,-0.008132346464963525,24,0
2025-12-10,3907.8014549512172,3946.053461800399,3849.971372596811,3928.0276114838452,0.00566661730164153,24,0
2025-12-11,3933.8426135018776,3973.223824148869,3860.7441438117535,3888.6311227563606,-0.010029585487715487,24,0
2025-12-12,3897.560457587845,3965.7363556164546,3838.432630951038,3928.036569075987,0.010133500729607503,24,0
2025-12-15,3905.0213884030823,3953.6553036119444,3856.4794738725045,3879.0617016973356,-0.012468027350919453,24,0
2025-12-16,3872.61207208129,3881.346713914311,3719.136008639956,3742.1426196253037,-0.03529695905897057,24,0
2025-12-17,3741.8490492983105,3835.0010665444734,3697.9797483120437,3816.6435887866182,0.019908639711004428,24,0
2025-12-18,3786.426209120565,3875.6152105021324,3758.4455076566383,3783.2274838501594,-0.008755364277302724,24,0
2025-12-19,3810.376913437121,3927.680835475171,3798.1287373583373,3898.1547690176303,0.030378105905096264,24,0
2025-12-22,3908.9037938227566,3979.2669437734157,3882.8125902624165,3945.4320441634363,0.012128116492850394,24,0
2025-12-23,3941.9688176308473,3980.976416622205,3897.6329767931984,3930.9308500676193,-0.003675438819753296,24,0
2025-12-24,3939.721757153757,3990.371415077229,3901.560307668513,3959.824481134366,0.007350327993240979,24,0
2025-12-25,3948.7627307460502,4013.744864205537,3901.3638285858137,3988.774157750566,0.0073108484363697546,24,0
2025-12-26,3989.3216005206746,4054.645147711839,3952.941621449347,4012.988477611537,0.006070616912196014,24,0
2025-12-29,4023.3357733424004,4083.951736335816,3976.952188875145,4002.7325905088196,-0.0025556731996454474,24,0
2025-12-30,3964.9141069583266,4031.892337838596,3934.3691726229895,3987.864167534013,-0.003714568145287145,24,0
2025-12-31,3991.20260899953,4034.5956222415057,3948.98208997569,3981.0042558934456,-0.00172019691553571,24,0
2026-01-05,4001.158881876655,4074.621707610109,3978.6440433851094,4047.655519192969,0.01674232405073517,24,0
2026-01-06,4060.404621332278,4135.993200488637,4032.4169526376804,4103.459412708717,0.01378672005340853,24,0
2026-01-07,4160.203743392662,4312.996801754794,4115.29845863197,4230.925709270427,0.03106313082248069,24,0
2026-01-08,4182.153858635031,4258.436666998754,4133.786950166523,4184.4216348658365,-0.010991465603542694,24,0
2026-01-09,4185.999812234466,4373.258504366298,4172.795732570279,4318.807144562432,0.032115671273863944,24,0
2026-01-12,4366.479667144365,4460.989355560029,4278.434445939586,4422.71534222352,0.024059466927554896,24,0
2026-01-13,4440.330193840336,4482.514925574325,4297.90358284663,4332.803257392733,-0.020329611533529857,24,0
2026-01-14,4322.271608526796,4442.2538461531,4236.298895297246,4319.3259476300345,-0.0031105289028996452,24,0
2026-01-15,4292.608110413091,4421.236414550571,4264.252595757686,4343.762298792792,0.005657445504006153,24,0
2026-01-16,4370.039379875974,4475.912432066363,4319.0043253077,4401.45996335253,0.013282877973266105,24,0
2026-01-19,4400.941839950208,4514.244658818159,4358.534962232613,4446.715334829672,0.01028190006360341,24,0
2026-01-20,4439.839516545716,4490.707853957348,4294.609952653607,4364.273888425553,-0.01853985249705159,24,0
2026-01-21,4331.579125965156,4477.496568526343,4313.545626684354,4438.870915403864,0.017092654788726458,24,0
2026-01-22,4437.758341864969,4543.813109303025,4404.384903595503,4491.327219160367,0.011817487995532394,24,0
2026-01-23,4511.54638340523,4594.679719759735,4449.913462434725,4564.005580457484,0.01618193414789837,24,0
2026-01-26,4574.708022712913,4666.128125802738,4492.214339619495,4579.400693526381,0.003373158248275887,24,0
2026-01-27,4546.031061540296,4635.223692451318,4420.7952219008,4529.065341371733,-0.010991689857103748,24,0
2026-01-28,4510.840553494094,4686.688373584135,4417.439983165373,4648.165457282981,0.026296842048910696,24,0
2026-01-29,4653.57971292263,4937.909580120718,4540.147207608122,4732.14295409934,0.018066804546464477,24,0
2026-01-30,4582.803665893066,4652.919000697189,4341.756389656012,4491.493731059571,-0.05085417439287243,24,0
2026-02-02,4376.977661813761,4464.478837435178,4237.079989097102,4251.818275941657,-0.053362081630106695,24,0
2026-02-03,4344.828977965119,4480.891474064742,4276.678228463999,4468.0749619661065,0.05086216578166303,24,0
2026-02-04,4485.469202715236,4546.285817251696,4374.718813162757,4455.4916470208655,-0.002816272119951946,24,0
2026-02-05,4398.867681286447,4448.276213406903,4245.77298569432,4292.68007329068,-0.03654177510108203,24,0
2026-02-06,4232.082866162309,4389.244582190972,4193.57394253101,4311.129917902926,0.004297978022411053,24,0
2026-02-09,4387.874813806343,4544.282243754054,4354.706367287995,4489.632592333795,0.04140507890741074,24,0
2026-02-10,4499.851079287172,4591.192348668883,4447.770210981583,4529.869062870722,0.008962085362091976,24,0
2026-02-11,4521.369975516171,4757.285899082368,4506.231243188779,4636.835805895243,0.023613650094498118,24,0
2026-02-12,4621.628861308367,4819.390295047101,4590.099768900717,4756.466051143102,0.025799974434238537,24,0
2026-02-13,4695.961980377364,4753.390694455821,4600.842094783434,4609.103851162752,-0.03098144681279391,24,0
2026-02-24,4700.46621331804,4772.594307658908,4631.568051909328,4694.928792158093,0.018620743590685107,24,0
2026-02-25,4721.3208189237375,5010.203478961629,4684.45707080048,4939.20312370619,0.052029400734704856,24,0
2026-02-26,4949.571850457889,5022.154639172299,4848.12128234569,4893.246242795673,-0.009304513250313895,24,0
2026-02-27,4873.130103404265,5094.055071789131,4855.621278859857,5061.419917768081,0.03436852891268427,24,0
2026-03-02,5046.29084783555,5154.853158741386,4878.133864917759,5043.474627385369,-0.003545505149595507,24,0
2026-03-03,5010.249954475476,5083.2383624167005,4703.4916830184675,4735.459527528622,-0.06107200345259345,24,0
2026-03-04,4634.008837918307,4886.770916093537,4605.046224782312,4726.099816160067,-0.001976515967277215,24,0
2026-03-05,4810.623855965429,4864.070281968068,4628.149197028678,4692.084103879842,-0.0071974172369179135,24,0
2026-03-06,4657.785146157341,4765.34828377712,4599.303810815079,4659.799808472998,-0.006880587536815086,24,0
2026-03-09,4567.032683708927,4632.979947222347,4388.127513557596,4580.8310840502245,-0.0169468062295689,24,0
2026-03-10,4632.271286228807,4733.929335327325,4587.377380164537,4696.185560591289,0.02518199742023053,24,0
2026-03-11,4694.041807695718,4767.433963273187,4589.210931218235,4615.221658845006,-0.01724035404940205,24,0
2026-03-12,4605.86902256469,4696.170450265413,4504.358779950468,4592.772409512852,-0.004864175762637424,24,0
2026-03-13,4575.509649711217,4650.081382522346,4464.07078012406,4505.482610923469,-0.019005905541625068,24,0
2026-03-16,4492.2182047179,4534.475548543469,4341.512132403045,4435.058497426083,-0.015630759139241612,24,0
2026-03-17,4456.562690756186,4483.741272476012,4299.705552827317,4305.447527224038,-0.029224185042263984,24,0
2026-03-18,4319.5462500721,4361.642537925045,4235.753170807502,4328.694714981244,0.005399482309379033,24,0
2026-03-19,4259.525975653893,4289.501806272497,4108.492663103337,4135.420445164827,-0.044649549700862656,24,0
2026-03-20,4166.911260342257,4216.615027401324,4032.12212785254,4041.5058621636294,-0.022709802847495908,24,0
2026-03-23,3951.0425353611986,4043.5928510245467,3797.8509717239294,3838.3428593646536,-0.05026913475518546,24,0
2026-03-24,3921.216915655515,3978.3529314936086,3793.3291183471842,3953.3219458742606,0.02995539760839372,24,0
2026-03-25,4006.1753864294665,4104.500402199529,3975.780866130433,4064.3285866096558,0.028079332332455964,24,0
2026-03-26,4063.9796603155473,4089.384319753795,3961.009656637081,3987.175162919686,-0.018983067447882918,24,0
2026-03-27,3919.1395488228263,4141.3403459387255,3909.5490817494383,4097.669290964701,0.027712383712809707,24,0
2026-03-30,4046.735913135602,4102.767621654772,3970.1919378310395,4055.99764693123,-0.010169596683987314,24,0
2026-03-31,4049.400236058009,4103.082966212069,3981.1972886179656,4000.6774916932545,-0.013639099440757918,24,0
2026-04-01,4087.481514859552,4151.034775114234,4030.224974799536,4108.439036857024,0.026935824091673943,24,0
2026-04-02,4082.0491929009063,4119.979644513056,3977.800717187177,4017.92914409027,-0.022030238724436324,24,0
2026-04-03,4037.1953851704425,4088.245982845259,3957.8557641852058,3988.2916549632428,-0.007376309552551308,24,0
2026-04-07,3993.710760582728,4147.692473533965,3967.1116356081134,4100.001457123158,0.028009436576910796,24,0
2026-04-08,4198.252518054245,4284.485793968491,4160.096289473375,4266.938025523992,0.04071622172494749,24,0
2026-04-09,4222.693242009298,4393.195680615936,4198.1887547065435,4330.688116098899,0.01494047726814074,24,0
2026-04-10,4376.6994043952,4440.894763562008,4305.695964966626,4344.513565218327,0.003192437032820239,24,0
2026-04-13,4382.171704105518,4465.5312126068,4313.940412767196,4377.822981049234,0.007667006980385027,24,0
2026-04-14,4401.0645208811775,4437.402220073916,4295.654869739842,4368.204750726674,-0.0021970350021449647,24,0
2026-04-15,4392.309546035863,4455.071839285757,4295.4692253141075,4322.186030642595,-0.01053492743819373,24,0
2026-04-16,4324.491774080855,4434.037785615342,4291.680591446349,4400.42078688736,0.018100737841941772,24,0
2026-04-17,4394.24243889383,4504.8693265040065,4376.116960480927,4452.588878501532,0.011855250700029796,24,0
2026-04-20,4466.73958406094,4580.677834289309,4432.095455055557,4552.974760650586,0.02254550889118634,24,0
2026-04-21,4547.034041821868,4636.586618661312,4492.065282936803,4566.827775119061,0.003042629313081191,24,0
2026-04-22,4530.299410727788,4628.607708618281,4476.262345151753,4591.477932259921,0.0053976542043381315,24,0
2026-04-23,4590.14694827555,4614.159380593062,4359.268530895056,4389.471631848262,-0.04399592100668792,24,0
2026-04-24,4358.725711256091,4435.646526662438,4287.757950521351,4372.859199301812,-0.003784608704591519,24,0
2026-04-27,4358.958820533201,4427.2210505338335,4283.46275416841,4349.576270028511,-0.005324417780709134,24,0
2026-04-28,4356.620624108283,4394.197352647172,4224.7067351611795,4263.682228313393,-0.01974768032164087,24,0
2026-04-29,4267.12056728364,4510.128161294113,4254.034684208964,4477.609158252215,0.05017421995434357,24,0
2026-04-30,4474.701617805811,4570.1638993446595,4432.696920795857,4526.334130362187,0.0108819171990866,24,0
2026-05-06,4558.755586973297,4721.988541149183,4511.75271670367,4665.311261264327,0.03070412543561374,24,0
2026-05-07,4679.043232264962,4769.431677000423,4628.529428378749,4718.875555602012,0.01148139777562629,24,0
2026-05-08,4678.448255809927,4800.731384508674,4640.568245330087,4745.228395524678,0.005584559205292328,24,0
2026-05-11,4779.414078334278,4977.80970928203,4746.903879398785,4945.921352594836,0.04229363485631921,24,0
2026-05-12,4953.289805161498,4971.042078827854,4744.306509914738,4807.864649360444,-0.027913242729175614,24,0
2026-05-13,4777.22988705584,4926.778464596773,4752.212628229841,4872.4408955090485,0.013431377723412963,24,0
2026-05-14,4875.367692948223,4930.644006251695,4709.927628300842,4739.52390722182,-0.02727934337997573,24,0
2026-05-15,4737.454452954869,4877.162110728368,4623.134743100008,4681.676877706147,-0.012205240578600951,24,0
2026-05-18,4627.48971129247,4698.77178509361,4533.999703660299,4611.48117563328,-0.014993709285477386,24,0
2026-05-19,4595.872319206744,4628.369929401997,4441.201742292159,4540.004573972654,-0.015499705829507104,24,0
2026-05-20,4507.121634326368,4635.578009569227,4425.423412870139,4581.625715090714,0.009167642992403469,24,0
2026-05-21,4604.553133666384,4723.326365407028,4439.324545295925,4470.857494618056,-0.02417661925281578,24,0
2026-05-22,4497.916017693954,4673.362763454128,4461.225091855286,4635.247635678832,0.036769264343286645,24,0
2026-05-25,4661.375236529381,4802.148282646422,4571.839517465414,4753.024355150638,0.025408937931437725,24,0
2026-05-26,4730.289590317075,4801.436805203598,4596.758915101688,4701.311343000951,-0.010880022546833512,24,0
2026-05-27,4704.990288352272,4791.99108767167,4522.863923645451,4600.59617167521,-0.02142278270416631,24,0
2026-05-28,4595.601801848596,4846.90939117804,4553.660833742996,4810.736101649255,0.045676673659780676,24,0
2026-05-29,4794.6467999964325,4843.366493273731,4482.415186688332,4526.108545641164,-0.05916507370057411,24,0
2026-06-01,4513.547794019865,4614.019711458559,4417.531215273946,4453.324179359781,-0.016081003260842608,24,0
2026-06-02,4465.064404823595,4605.552539870517,4322.461720663611,4539.361640933487,0.019319828988078713,24,0
2026-06-03,4537.683344968947,4741.89218166103,4468.524902165527,4643.441053104957,0.022928204537161934,24,0
2026-06-04,4598.496421469048,4743.45263293417,4477.746630302736,4669.291898084037,0.005567174145947984,24,0
2026-06-05,4634.071388987625,4927.870187432024,4564.2830775389775,4756.791880868186,0.018739454438488456,24,0
2026-06-08,4624.4858526549715,4788.214898407577,4475.3039786539175,4552.532749441097,-0.042940523054754376,24,0
2026-06-09,4647.068873189101,4823.429525988976,4541.675604569114,4774.686383839243,0.048797811377725875,24,0
2026-06-10,4718.001160813806,4922.504031441034,4624.680677510557,4776.017944554632,0.0002788791992487383,24,0
2026-06-11,4753.225910322804,4893.840142413571,4631.006024768447,4763.781775590479,-0.002562002301123023,24,0
2026-06-12,4842.273964791518,5057.1832141646955,4725.560439734183,4849.526854145421,0.017999371632491323,24,0
2026-06-15,4894.046796856285,5047.0931923633,4806.179470864192,5001.750752156618,0.031389432946654194,24,0
2026-06-16,4991.164596346098,5329.414516382196,4945.03876972452,5253.559677268754,0.05034415699414119,24,0
2026-06-17,5201.60289522926,5308.888954853387,5073.529673573131,5164.914531248664,-0.016873349017741623,24,0
2026-06-18,5125.755227266265,5492.054552825607,5091.598749036968,5378.432900339719,0.041340155349953944,24,0
2026-06-22,5450.808200197129,5631.304745697587,5305.398867916812,5577.075745322566,0.036933219892043345,24,0
2026-06-23,5554.127441030952,5646.112482866516,5245.209247242535,5354.358162920845,-0.0399344732924799,24,0
2026-06-24,5312.461054361594,5429.69213056858,5111.619076239414,5270.928747459637,-0.01558159034615203,24,0
2026-06-25,5244.549972598,5505.876030922554,5106.675455154271,5393.507998128762,0.023255721437745125,24,0
2026-06-26,5358.892035324247,5446.619233494358,5077.233741873964,5132.861645104937,-0.04832594169031612,24,0
2026-06-29,5115.575247579465,5240.698268973766,4835.973825200476,4974.9823955904185,-0.030758524275651067,24,0
2026-06-30,4964.213271911057,5213.942336306956,4859.361876993489,5154.878403837229,0.03616012961297321,24,0
2026-07-01,5129.77803488057,5314.900042303338,5017.739894837049,5158.0457570728395,0.0006144380114287973,24,0
2026-07-02,5053.41363883571,5466.407782049714,4969.413609044504,5207.207177477946,0.009531016730065955,24,0
2026-07-03,5228.454691365108,5401.22950795906,5059.527327557416,5227.147454824941,0.0038293612424793455,24,0
2026-07-06,5245.87395170097,5326.956951643245,4908.5521627404705,4943.468942186323,-0.05427023344764592,24,0
2026-07-07,4918.708195906407,5134.718522333058,4818.719005267354,4927.787738964899,-0.00317210513605215,24,0
2026-07-08,4936.9368392435235,4990.809680304057,4659.699763456127,4697.336306495632,-0.04676569784997964,24,0
2026-07-09,4695.122244719231,4767.0460540451795,4374.075714886892,4593.606774775098,-0.02208262831364527,24,0
2026-07-10,4594.736815259359,4771.619994041875,4498.929920889383,4556.550204782233,-0.0080669878397851,24,0
2026-07-13,4521.79296318952,4579.586600814128,4223.070396763803,4240.226478305754,-0.0694217581854989,24,0
2026-07-14,4235.290353939897,4428.749489342035,4161.827507348071,4393.50007189605,0.036147501642775026,24,0
2026-07-15,4424.722090462613,4480.362951868887,4241.062592910721,4288.229856651656,-0.023960444639065215,24,0
2026-07-16,4242.359199995786,4317.181146192533,4120.709672981692,4160.33222187008,-0.029825275010197605,24,0
2026-07-17,4147.950402343447,4188.262836846477,3891.971681299869,3927.6100541581945,-0.0559383614819291,24,0
2026-07-20,3969.70693714391,4026.318205718667,3645.1139147308727,3716.977463581615,-0.05362869217466759,24,0
2026-07-21,3750.840284734256,3914.4391692958325,3558.469891792745,3903.108706571395,0.05007596758749977,24,0
2026-07-22,3873.555316212196,3968.2290441802566,3799.022015747366,3847.3719798916727,-0.01428008566245731,24,0
2026-07-23,3861.831366321162,3990.0779457538433,3825.9530319203022,3946.840398391424,0.02585360059272257,24,0
2026-07-24,3893.6641539125203,3945.636776150719,3785.941546215105,3819.8668726608857,-0.03217092988667292,24,0
2026-07-27,3838.5184421931044,3969.0560763930184,3784.4963310861804,3954.267115354876,0.03518453578995229,24,0
2026-07-28,3894.953875028499,3980.133765937622,3806.172472878433,3847.553983127545,-0.02698682944633435,24,0
2026-07-29,3853.267083304821,3943.8889874601305,3747.4317959955597,3892.6998114162816,0.011733643890823098,24,0
2026-07-30,3868.6328371675004,3938.871979692961,3737.473825428813,3780.1812984009143,-0.028905006413641132,24,0
2026-07-31,3887.8806411617816,3978.645474469938,3826.018586681262,3852.2939622682297,0.019076509345681503,24,0
2026-08-03,3855.645226210157,3962.856100425741,3799.8836252156693,3900.095398831273,0.012408564100050645,24,0
2026-08-04,3923.135288405051,4035.8158503913955,3888.3479660115668,4009.4518226031114,0.02803942278042948,24,0
2026-08-05,4067.2017514946074,4232.710922792115,4033.773958793219,4174.1277131817715,0.04107192151563144,24,0
2026-08-06,4202.991510876922,4382.790207899761,4137.827721338685,4271.991416395324,0.023445306406055133,24,0
2026-08-07,4244.904590101192,4500.874785002369,4209.288509963054,4424.805432219731,0.035771142993856975,24,0
2026-08-10,4443.875013797068,4553.98353286055,4354.905237100208,4496.732680574375,0.016255460145410572,24,0
2026-08-11,4443.631695618047,4523.037387270044,4350.624710486874,4396.40087004641,-0.022312158105682545,24,0
2026-08-12,4381.918935651583,4473.877991319535,4351.761973598104,4421.074908957961,0.0056123269103280915,24,0
2026-08-13,4438.561600046104,4497.92748268293,4323.157967090393,4329.43781299401,-0.020727333929193903,24,0
2026-08-14,4341.208576372609,4516.886835910973,4320.1496606406845,4469.337894856015,0.032313683185867914,24,0
2026-08-17,4476.023074794368,4582.312690146781,4398.74066119538,4562.661610062801,0.020880881553886788,24,0
2026-08-18,4566.563453514272,4669.437689321847,4483.73780263759,4586.73819874235,0.005276873618339062,24,0
2026-08-19,4500.894932730788,4546.6717205399445,4306.354795080575,4343.99823435355,-0.052922131996841926,24,0
2026-08-20,4405.281959433691,4474.075704715188,4294.3665186796115,4351.540498971211,0.0017362494666812722,24,0
2026-08-21,4319.412877369906,4405.160575039292,4260.929981750663,4366.248538482375,0.0033799615365273095,24,0
2026-08-24,4394.815272607161,4464.2904250333695,4251.3475052007825,4330.442750196873,-0.008200584087214469,24,0
2026-08-25,4299.949827928195,4441.734164485803,4227.250111153301,4343.366507708753,0.0029843963440672194,24,0
2026-08-26,4329.690538206125,4403.501194304278,4255.908445592177,4304.516299056488,-0.008944722620877754,24,0
2026-08-27,4291.6046078388035,4463.905898875326,4273.480436171242,4438.011050823319,0.03101271838512787,24,0
2026-08-28,4439.399700953723,4495.947764034136,4366.454715050867,4393.0834190368305,-0.010123370868613257,24,0
2026-08-31,4328.818633806368,4443.187360060227,4278.705654742246,4420.6425709696905,0.006273304944184543,24,0
2026-09-01,4413.694111058718,4440.663565237628,4310.5826206658485,4329.670584047157,-0.020578905772646094,24,0
2026-09-02,4282.640061416767,4307.0127190338635,4187.540824128175,4247.505919736013,-0.01897711678433056,24,0
2026-09-03,4285.477507450323,4343.693545014688,4223.213416610736,4285.908793096214,0.009041276006647392,24,0
2026-09-04,4312.313280662534,4357.803800944505,4161.475327404606,4187.346047715627,-0.022996930205176902,24,0
2026-09-07,4204.29113001881,4301.749414555293,4170.378977978487,4275.42061110594,0.021033504846909468,24,0
2026-09-08,4281.16683003861,4333.188779578393,4229.384123607533,4270.428058115392,-0.0011677337611134542,24,0
2026-09-09,4274.825007083609,4321.032984841822,4218.7311929134,4258.405905807723,-0.002815210125088563,24,0
2026-09-10,4239.254676592067,4259.878584517467,4164.6429834717965,4189.633025884129,-0.016149911831983665,24,0
2026-09-11,4137.330818248361,4167.130036251152,4002.6958869647397,4095.929358659003,-0.0223656025829021,24,0
2026-09-14,4063.913717235067,4177.940810334334,4025.3114737964233,4145.546851891898,0.012113854729452589,24,0
2026-09-15,4144.204821128181,4212.101908305333,4103.756024816487,4151.885350944032,0.0015289898482853115,24,0
2026-09-16,4142.283195925287,4261.287165711207,4086.608483543058,4232.901376866162,0.01951306914187989,24,0
2026-09-17,4207.181927588067,4276.127985670327,4139.563843940907,4162.907874434383,-0.016535585453114954,24,0
2026-09-18,4208.698534353402,4262.239002976244,4167.685517817056,4234.860027322602,0.017284108862965164,24,0
2026-09-21,4252.061251811283,4362.354775170989,4227.591232033305,4309.10197846998,0.017531146405874276,24,0
2026-09-22,4343.304941100974,4414.471121079714,4279.108811548233,4338.527406805215,0.006828668358803469,24,0
2026-09-23,4325.92726025942,4359.758539684105,4256.318138093655,4302.580463569556,-0.008285517150191324,24,0
2026-09-24,4285.268654251255,4337.526167589074,4208.431218972938,4233.87190829588,-0.015969150572647917,24,0
2026-09-28,4209.442777053617,4240.340034223746,4034.841451992222,4074.9029559800806,-0.03754694420592042,24,0
2026-09-29,4063.117387553667,4149.167664907888,4027.5414637568433,4100.604480683222,0.006307272830982091,24,0
2026-09-30,4114.139091480333,4147.085250720816,4039.8514878339015,4063.5166702252563,-0.009044473962967259,24,0
